[init_osmt.sh] Starting OSMT initialization (OSMT_MODE=api)...
[init_osmt.sh] SETUP_TEST_DATA=false
[init_osmt.sh] FORCE_REBUILD_DATA=false
[init_osmt.sh] Using direct DB vars (DB_USER, DB_PASSWORD, DB_HOST, DB_PORT from Secrets Manager)
[init_osmt.sh] DB connection values:
[init_osmt.sh]   DB_USER: osmt_db_user
[init_osmt.sh]   DB_PASSWORD: *** (length: 28)
[init_osmt.sh]   DB_HOST: osmt-staging-usw2.cluster-cteaowu6cscf.us-west-2.rds.amazonaws.com
[init_osmt.sh]   DB_PORT: 3306
[init_osmt.sh]   DB_NAME: osmt_db
[init_osmt.sh] Configured Spring Boot datasource (credentials set separately)
[init_osmt.sh]   SPRING_DATASOURCE_URL: jdbc:mysql://osmt-staging-usw2.cluster-cteaowu6cscf.us-west-2.rds.amazonaws.com:3306/osmt_db
[init_osmt.sh]   SPRING_DATASOURCE_USERNAME: osmt_db_user
[init_osmt.sh]   SPRING_DATASOURCE_PASSWORD: *** (length: 28)
[init_osmt.sh]   Host: osmt-staging-usw2.cluster-cteaowu6cscf.us-west-2.rds.amazonaws.com, Port: 3306, Database: osmt_db
[init_osmt.sh] Redis TLS disabled (localhost sidecar container detected)
[init_osmt.sh] Redis TLS disabled
[init_osmt.sh] Configured Spring Boot Redis properties
[init_osmt.sh]   SPRING_DATA_REDIS_HOST: localhost
[init_osmt.sh]   SPRING_DATA_REDIS_PORT: 6379
[init_osmt.sh]   SPRING_DATA_REDIS_SSL_ENABLED: false
[init_osmt.sh]   REDIS_URI (normalized): localhost:6379
[init_osmt.sh] ELASTICSEARCH_USERNAME is not set - OpenSearch will use no authentication (VPC-only access)
[init_osmt.sh] ELASTICSEARCH_PWD is not set - OpenSearch will use no authentication (VPC-only access)
[init_osmt.sh] Elasticsearch credentials summary:
[init_osmt.sh]   ELASTICSEARCH_USERNAME=
[init_osmt.sh]   ES_USERNAME=
[init_osmt.sh]   SPRING_ELASTICSEARCH_USERNAME=
[init_osmt.sh]   ELASTICSEARCH_PWD=
[init_osmt.sh]   ES_PASSWORD=
[init_osmt.sh]   SPRING_ELASTICSEARCH_PASSWORD=
[init_osmt.sh] Waiting for MySQL to be ready...
[init_osmt.sh] MySQL connection details:
[init_osmt.sh]   Host: osmt-staging-usw2.cluster-cteaowu6cscf.us-west-2.rds.amazonaws.com
[init_osmt.sh]   Port: 3306
[init_osmt.sh]   User: osmt_db_user
[init_osmt.sh]   Database: osmt_db
[init_osmt.sh] MySQL is ready
[init_osmt.sh] Waiting for Redis to be ready...
[init_osmt.sh] Redis connection details:
[init_osmt.sh]   Host: localhost
[init_osmt.sh]   Port: 6379
[init_osmt.sh] Redis is ready (TCP connection successful)
[init_osmt.sh] Waiting for Elasticsearch to be ready...
[init_osmt.sh] Elasticsearch URI: http://localhost:9200
[init_osmt.sh] Elasticsearch is ready
[init_osmt.sh] Validating ENVIRONMENT variable...
[init_osmt.sh] ENVIRONMENT=staging,apiserver
[init_osmt.sh] Initialization completed successfully
[init_osmt.sh] Starting OSMT application...
[init_osmt.sh] Executing docker_entrypoint.sh with ENVIRONMENT=staging,apiserver
[docker_entrypoint.sh] DEBUG: === docker_entrypoint.sh starting ===
[docker_entrypoint.sh] DEBUG: Script arguments: 
[docker_entrypoint.sh] DEBUG: Current working directory: /opt/osmt
[docker_entrypoint.sh] DEBUG: ENVIRONMENT at script start: 'staging,apiserver'
[docker_entrypoint.sh] DEBUG: SPRING_PROFILES_ACTIVE at script start: '<not set>'
[docker_entrypoint.sh]: Changing directory to /opt/osmt.
[docker_entrypoint.sh] DEBUG: Changed to directory: /opt/osmt
[docker_entrypoint.sh] DEBUG: OSMT_JAR path: /opt/osmt/bin/osmt.jar
[docker_entrypoint.sh] DEBUG: OSMT_JAR exists: yes
[docker_entrypoint.sh]: Validating required and optional environment variables
[docker_entrypoint.sh] DEBUG: ENVIRONMENT variable value: 'staging,apiserver'
[docker_entrypoint.sh] DEBUG: ENVIRONMENT variable length: 17
[docker_entrypoint.sh] DEBUG: SPRING_PROFILES_ACTIVE variable value: '<not set>'
[docker_entrypoint.sh] DEBUG: SPRING_PROFILES_ACTIVE variable length: 0 (not set)
[docker_entrypoint.sh] DEBUG: Checking required arg: BASE_DOMAIN='osmt-staff.staging.prettygoodskills.com'
[docker_entrypoint.sh] DEBUG: Checking required arg: ENVIRONMENT='staging,apiserver'
[docker_entrypoint.sh] DEBUG: Checking required arg: DB_URI='osmt_db_user:ZR8%29%7CqFG2cwH3G7%244.%21PCn%21u2i4n@osmt-staging-usw2.cluster-cteaowu6cscf.us-west-2.rds.amazonaws.com:3306'
[docker_entrypoint.sh] DEBUG: Checking required arg: REDIS_URI='localhost:6379'
[docker_entrypoint.sh] DEBUG: Checking required arg: ELASTICSEARCH_URI='http://localhost:9200'
[docker_entrypoint.sh] DEBUG: OAuth check: has_oauth_okta=0, has_oauth_google=1
[docker_entrypoint.sh] DEBUG: ENVIRONMENT before OAuth logic: 'staging,apiserver'
[docker_entrypoint.sh]: OAuth credentials provided - will use oauth2 profile
[docker_entrypoint.sh] DEBUG: ENVIRONMENT after appending oauth2: 'staging,apiserver,oauth2'
[docker_entrypoint.sh]: ENABLE_SINGLE_AUTH=true - adding single-auth for staging
[docker_entrypoint.sh] DEBUG: ENVIRONMENT after validate(): 'staging,apiserver,oauth2,single-auth'
[docker_entrypoint.sh]: Missing environment 'MIGRATIONS_ENABLED'
[docker_entrypoint.sh]:   Defaulting to MIGRATIONS_ENABLED=false
[docker_entrypoint.sh]: Missing environment 'FRONTEND_URL'
[docker_entrypoint.sh]:   Defaulting to FRONTEND_URL=http://osmt-staff.staging.prettygoodskills.com
[docker_entrypoint.sh] DEBUG: After validate(), ENVIRONMENT='staging,apiserver,oauth2,single-auth'
[docker_entrypoint.sh]: Skipping BLS and O*NET metadata import
[docker_entrypoint.sh] DEBUG: After import_metadata(), ENVIRONMENT='staging,apiserver,oauth2,single-auth'
[docker_entrypoint.sh] DEBUG: Reindex profile string: 'reindex,staging'
[docker_entrypoint.sh]: Building initial index in OSMT ElasticSearch using reindex,staging Spring profiles...
[docker_entrypoint.sh] DEBUG: Checking Elasticsearch credentials for reindex: ELASTICSEARCH_USERNAME=, ELASTICSEARCH_PWD=
[docker_entrypoint.sh] DEBUG: Elasticsearch credentials not provided for reindex - ELASTICSEARCH_USERNAME=<not set>, ELASTICSEARCH_PWD=<not set>
[docker_entrypoint.sh] DEBUG: Reindex java command: /bin/java
      -Dspring.profiles.active=reindex,staging
      -Dredis.uri=localhost:6379
      -Ddb.uri=osmt_db_user:ZR8%29%7CqFG2cwH3G7%244.%21PCn%21u2i4n@osmt-staging-usw2.cluster-cteaowu6cscf.us-west-2.rds.amazonaws.com:3306
      -Des.uri=http://localhost:9200
      -Dspring.flyway.enabled=false
      -jar /opt/osmt/bin/osmt.jar
[docker_entrypoint.sh] DEBUG: Executing java command (attempt)
-2026-04-15 00:15:23.094 -DEBUG 28 [] --- [           main] o.s.boot.ApplicationEnvironment          : Activating profiles [reindex, staging]
  .   ____          _            __ _ _
 /\\ / ___'_ __ _ _(_)_ __  __ _ \ \ \ \
( ( )\___ | '_ | '_| | '_ \/ _` | \ \ \ \
 \\/  ___)| |_)| | | | | || (_| |  ) ) ) )
  '  |____| .__|_| |_|_| |_\__, | / / / /
 =========|_|==============|___/=/_/_/_/
 :: Spring Boot ::                (v3.1.2)
-2026-04-15 00:15:23.401 - INFO 28 [] --- [           main] edu.wgu.osmt.ApplicationKt               : Starting ApplicationKt using Java 21.0.10 with PID 28 (/opt/osmt/bin/osmt.jar started by osmt in /opt/osmt)
-2026-04-15 00:15:23.411 - INFO 28 [] --- [           main] edu.wgu.osmt.ApplicationKt               : The following 2 profiles are active: "reindex", "staging"
-2026-04-15 00:15:23.412 -DEBUG 28 [] --- [           main] o.s.boot.SpringApplication               : Loading source class edu.wgu.osmt.Application
-2026-04-15 00:15:27.434 - INFO 28 [] --- [           main] .s.d.r.c.RepositoryConfigurationDelegate : Multiple Spring Data modules found, entering strict repository configuration mode
-2026-04-15 00:15:27.436 - INFO 28 [] --- [           main] .s.d.r.c.RepositoryConfigurationDelegate : Bootstrapping Spring Data Elasticsearch repositories in DEFAULT mode.
-2026-04-15 00:15:27.488 - INFO 28 [] --- [           main] .s.d.r.c.RepositoryConfigurationDelegate : Finished Spring Data repository scanning in 40 ms. Found 0 Elasticsearch repository interfaces.
-2026-04-15 00:15:27.502 - INFO 28 [] --- [           main] .s.d.r.c.RepositoryConfigurationDelegate : Multiple Spring Data modules found, entering strict repository configuration mode
-2026-04-15 00:15:27.502 - INFO 28 [] --- [           main] .s.d.r.c.RepositoryConfigurationDelegate : Bootstrapping Spring Data Elasticsearch repositories in DEFAULT mode.
-2026-04-15 00:15:28.037 - INFO 28 [] --- [           main] .s.d.r.c.RepositoryConfigurationDelegate : Finished Spring Data repository scanning in 535 ms. Found 1 Elasticsearch repository interfaces.
-2026-04-15 00:15:28.038 - INFO 28 [] --- [           main] .s.d.r.c.RepositoryConfigurationDelegate : Multiple Spring Data modules found, entering strict repository configuration mode
-2026-04-15 00:15:28.038 - INFO 28 [] --- [           main] .s.d.r.c.RepositoryConfigurationDelegate : Bootstrapping Spring Data Elasticsearch repositories in DEFAULT mode.
-2026-04-15 00:15:28.092 - INFO 28 [] --- [           main] .s.d.r.c.RepositoryConfigurationDelegate : Finished Spring Data repository scanning in 53 ms. Found 1 Elasticsearch repository interfaces.
-2026-04-15 00:15:28.093 - INFO 28 [] --- [           main] .s.d.r.c.RepositoryConfigurationDelegate : Multiple Spring Data modules found, entering strict repository configuration mode
-2026-04-15 00:15:28.093 - INFO 28 [] --- [           main] .s.d.r.c.RepositoryConfigurationDelegate : Bootstrapping Spring Data Elasticsearch repositories in DEFAULT mode.
-2026-04-15 00:15:28.133 - INFO 28 [] --- [           main] .s.d.r.c.RepositoryConfigurationDelegate : Finished Spring Data repository scanning in 39 ms. Found 1 Elasticsearch repository interfaces.
-2026-04-15 00:15:28.134 - INFO 28 [] --- [           main] .s.d.r.c.RepositoryConfigurationDelegate : Multiple Spring Data modules found, entering strict repository configuration mode
-2026-04-15 00:15:28.134 - INFO 28 [] --- [           main] .s.d.r.c.RepositoryConfigurationDelegate : Bootstrapping Spring Data Elasticsearch repositories in DEFAULT mode.
-2026-04-15 00:15:28.148 - INFO 28 [] --- [           main] .s.d.r.c.RepositoryConfigurationDelegate : Finished Spring Data repository scanning in 14 ms. Found 1 Elasticsearch repository interfaces.
-2026-04-15 00:15:29.673 - INFO 28 [] --- [           main] .s.d.r.c.RepositoryConfigurationDelegate : Multiple Spring Data modules found, entering strict repository configuration mode
-2026-04-15 00:15:29.677 - INFO 28 [] --- [           main] .s.d.r.c.RepositoryConfigurationDelegate : Bootstrapping Spring Data Reactive Elasticsearch repositories in DEFAULT mode.
-2026-04-15 00:15:29.681 -DEBUG 28 [] --- [           main] o.s.b.a.AutoConfigurationPackages        : @EnableAutoConfiguration was declared on a class in the package 'edu.wgu.osmt'. Automatic @Repository and @Entity scanning is enabled.
-2026-04-15 00:15:29.727 - INFO 28 [] --- [           main] .s.d.r.c.RepositoryConfigurationDelegate : Finished Spring Data repository scanning in 47 ms. Found 0 Reactive Elasticsearch repository interfaces.
-2026-04-15 00:15:31.488 - INFO 28 [] --- [           main] com.zaxxer.hikari.HikariDataSource       : HikariPool-1 - Starting...
-2026-04-15 00:15:32.469 - INFO 28 [] --- [           main] com.zaxxer.hikari.pool.HikariPool        : HikariPool-1 - Added connection com.mysql.cj.jdbc.ConnectionImpl@d978ab9
-2026-04-15 00:15:32.478 - INFO 28 [] --- [           main] com.zaxxer.hikari.HikariDataSource       : HikariPool-1 - Start completed.
-2026-04-15 00:15:32.601 - INFO 28 [] --- [           main] o.hibernate.jpa.internal.util.LogHelper  : HHH000204: Processing PersistenceUnitInfo [name: default]
-2026-04-15 00:15:32.855 - INFO 28 [] --- [           main] org.hibernate.Version                    : HHH000412: Hibernate ORM core version 6.2.6.Final
-2026-04-15 00:15:32.879 - INFO 28 [] --- [           main] org.hibernate.cfg.Environment            : HHH000406: Using bytecode reflection optimizer
-2026-04-15 00:15:33.240 - INFO 28 [] --- [           main] o.h.b.i.BytecodeProviderInitiator        : HHH000021: Bytecode provider name : bytebuddy
-2026-04-15 00:15:33.570 - INFO 28 [] --- [           main] o.s.o.j.p.SpringPersistenceUnitInfo      : No LoadTimeWeaver setup: ignoring JPA class transformer
-2026-04-15 00:15:34.312 - INFO 28 [] --- [           main] o.h.b.i.BytecodeProviderInitiator        : HHH000021: Bytecode provider name : bytebuddy
-2026-04-15 00:15:34.696 - INFO 28 [] --- [           main] o.h.e.t.j.p.i.JtaPlatformInitiator       : HHH000490: Using JtaPlatform implementation: [org.hibernate.engine.transaction.jta.platform.internal.NoJtaPlatform]
-2026-04-15 00:15:34.702 - INFO 28 [] --- [           main] j.LocalContainerEntityManagerFactoryBean : Initialized JPA EntityManagerFactory for persistence unit 'default'
-2026-04-15 00:15:34.962 -DEBUG 28 [] --- [           main] ySourcesPropertyResolver$DefaultResolver : Found key 'app.baseDomain' in PropertySource 'Config resource 'class path resource [config/application.properties]' via location 'optional:classpath:/config/'' with value of type String
-2026-04-15 00:15:34.978 -DEBUG 28 [] --- [           main] ySourcesPropertyResolver$DefaultResolver : Found key 'app.baseUrl' in PropertySource 'Config resource 'class path resource [config/application.properties]' via location 'optional:classpath:/config/'' with value of type String
-2026-04-15 00:15:34.978 -DEBUG 28 [] --- [           main] ySourcesPropertyResolver$DefaultResolver : Found key 'app.baseDomain' in PropertySource 'Config resource 'class path resource [config/application.properties]' via location 'optional:classpath:/config/'' with value of type String
-2026-04-15 00:15:34.979 -DEBUG 28 [] --- [           main] ySourcesPropertyResolver$DefaultResolver : Found key 'app.defaultAuthorName' in PropertySource 'Config resource 'class path resource [config/application.properties]' via location 'optional:classpath:/config/'' with value of type String
-2026-04-15 00:15:34.980 -DEBUG 28 [] --- [           main] ySourcesPropertyResolver$DefaultResolver : Found key 'app.defaultAuthorUri' in PropertySource 'Config resource 'class path resource [config/application.properties]' via location 'optional:classpath:/config/'' with value of type String
-2026-04-15 00:15:34.980 -DEBUG 28 [] --- [           main] ySourcesPropertyResolver$DefaultResolver : Found key 'app.defaultCreatorUri' in PropertySource 'Config resource 'class path resource [config/application.properties]' via location 'optional:classpath:/config/'' with value of type String
-2026-04-15 00:15:34.981 -DEBUG 28 [] --- [           main] ySourcesPropertyResolver$DefaultResolver : Found key 'app.frontendUrl' in PropertySource 'Config resource 'class path resource [config/application-staging.properties]' via location 'optional:classpath:/config/'' with value of type String
-2026-04-15 00:15:34.982 -DEBUG 28 [] --- [           main] ySourcesPropertyResolver$DefaultResolver : Found key 'app.authMode' in PropertySource 'Config resource 'class path resource [config/application.properties]' via location 'optional:classpath:/config/'' with value of type String
-2026-04-15 00:15:34.982 -DEBUG 28 [] --- [           main] ySourcesPropertyResolver$DefaultResolver : Found key 'app.oauth2.rolesClaim' in PropertySource 'Config resource 'class path resource [config/application.properties]' via location 'optional:classpath:/config/'' with value of type String
-2026-04-15 00:15:34.983 -DEBUG 28 [] --- [           main] ySourcesPropertyResolver$DefaultResolver : Found key 'app.loginSuccessRedirectUrl' in PropertySource 'Config resource 'class path resource [config/application.properties]' via location 'optional:classpath:/config/'' with value of type String
-2026-04-15 00:15:34.983 -DEBUG 28 [] --- [           main] ySourcesPropertyResolver$DefaultResolver : Found key 'app.frontendUrl' in PropertySource 'Config resource 'class path resource [config/application-staging.properties]' via location 'optional:classpath:/config/'' with value of type String
-2026-04-15 00:15:34.984 -DEBUG 28 [] --- [           main] ySourcesPropertyResolver$DefaultResolver : Found key 'app.userName' in PropertySource 'Config resource 'class path resource [config/application.properties]' via location 'optional:classpath:/config/'' with value of type String
-2026-04-15 00:15:34.984 -DEBUG 28 [] --- [           main] ySourcesPropertyResolver$DefaultResolver : Found key 'app.userIdentifier' in PropertySource 'Config resource 'class path resource [config/application.properties]' via location 'optional:classpath:/config/'' with value of type String
-2026-04-15 00:15:34.985 -DEBUG 28 [] --- [           main] ySourcesPropertyResolver$DefaultResolver : Found key 'app.allowPublicSearching' in PropertySource 'Config resource 'class path resource [config/application.properties]' via location 'optional:classpath:/config/'' with value of type String
-2026-04-15 00:15:34.985 -DEBUG 28 [] --- [           main] ySourcesPropertyResolver$DefaultResolver : Found key 'app.allowPublicLists' in PropertySource 'Config resource 'class path resource [config/application.properties]' via location 'optional:classpath:/config/'' with value of type String
-2026-04-15 00:15:34.986 -DEBUG 28 [] --- [           main] ySourcesPropertyResolver$DefaultResolver : Found key 'app.publicKeywordLimit' in PropertySource 'Config resource 'class path resource [config/application.properties]' via location 'optional:classpath:/config/'' with value of type String
-2026-04-15 00:15:34.987 -DEBUG 28 [] --- [           main] ySourcesPropertyResolver$DefaultResolver : Found key 'app.enableRoles' in PropertySource 'Config resource 'class path resource [config/application.properties]' via location 'optional:classpath:/config/'' with value of type String
-2026-04-15 00:15:34.987 -DEBUG 28 [] --- [           main] ySourcesPropertyResolver$DefaultResolver : Found key 'app.baseLineAuditLogIfEmpty' in PropertySource 'Config resource 'class path resource [config/application.properties]' via location 'optional:classpath:/config/'' with value of type String
-2026-04-15 00:15:34.988 -DEBUG 28 [] --- [           main] ySourcesPropertyResolver$DefaultResolver : Found key 'app.security.cors.allowedOrigins' in PropertySource 'Config resource 'class path resource [config/application.properties]' via location 'optional:classpath:/config/'' with value of type String
-2026-04-15 00:15:34.988 -DEBUG 28 [] --- [           main] ySourcesPropertyResolver$DefaultResolver : Found key 'app.baseUrl' in PropertySource 'Config resource 'class path resource [config/application.properties]' via location 'optional:classpath:/config/'' with value of type String
-2026-04-15 00:15:34.988 -DEBUG 28 [] --- [           main] ySourcesPropertyResolver$DefaultResolver : Found key 'app.baseDomain' in PropertySource 'Config resource 'class path resource [config/application.properties]' via location 'optional:classpath:/config/'' with value of type String
-2026-04-15 00:15:35.031 -DEBUG 28 [] --- [           main] ySourcesPropertyResolver$DefaultResolver : Found key 'app.sessionTokenSecret' in PropertySource 'Config resource 'class path resource [config/application.properties]' via location 'optional:classpath:/config/'' with value of type String
-2026-04-15 00:15:35.032 -DEBUG 28 [] --- [           main] ySourcesPropertyResolver$DefaultResolver : Found key 'APP_SESSION_TOKEN_SECRET' in PropertySource 'systemEnvironment' with value of type String
-2026-04-15 00:15:35.033 -DEBUG 28 [] --- [           main] ySourcesPropertyResolver$DefaultResolver : Found key 'app.sessionTokenExpirySeconds' in PropertySource 'Config resource 'class path resource [config/application.properties]' via location 'optional:classpath:/config/'' with value of type String
-2026-04-15 00:15:35.035 -DEBUG 28 [] --- [           main] ySourcesPropertyResolver$DefaultResolver : Found key 'APP_SESSION_TOKEN_EXPIRY_SECONDS' in PropertySource 'systemEnvironment' with value of type String
-2026-04-15 00:15:35.037 -DEBUG 28 [] --- [           main] ySourcesPropertyResolver$DefaultResolver : Found key 'app.sessionTokenIssuer' in PropertySource 'Config resource 'class path resource [config/application.properties]' via location 'optional:classpath:/config/'' with value of type String
-2026-04-15 00:15:35.043 -DEBUG 28 [] --- [           main] ySourcesPropertyResolver$DefaultResolver : Found key 'app.readOnlyMode' in PropertySource 'Config resource 'class path resource [config/application.properties]' via location 'optional:classpath:/config/'' with value of type String
-2026-04-15 00:15:35.043 -DEBUG 28 [] --- [           main] ySourcesPropertyResolver$DefaultResolver : Found key 'app.publicInstanceUrl' in PropertySource 'Config resource 'class path resource [config/application.properties]' via location 'optional:classpath:/config/'' with value of type String
-2026-04-15 00:15:35.043 -DEBUG 28 [] --- [           main] ySourcesPropertyResolver$DefaultResolver : Found key 'OSMT_PUBLIC_INSTANCE_URL' in PropertySource 'systemEnvironment' with value of type String
-2026-04-15 00:15:35.044 -DEBUG 28 [] --- [           main] ySourcesPropertyResolver$DefaultResolver : Found key 'app.authoringWelcomeMessage' in PropertySource 'Config resource 'class path resource [config/application.properties]' via location 'optional:classpath:/config/'' with value of type String
-2026-04-15 00:15:35.111 -DEBUG 28 [] --- [           main] ySourcesPropertyResolver$DefaultResolver : Found key 'app.baseDomain' in PropertySource 'Config resource 'class path resource [config/application.properties]' via location 'optional:classpath:/config/'' with value of type String
-2026-04-15 00:15:35.118 -DEBUG 28 [] --- [           main] ySourcesPropertyResolver$DefaultResolver : Found key 'app.baseUrl' in PropertySource 'Config resource 'class path resource [config/application.properties]' via location 'optional:classpath:/config/'' with value of type String
-2026-04-15 00:15:35.118 -DEBUG 28 [] --- [           main] ySourcesPropertyResolver$DefaultResolver : Found key 'app.baseDomain' in PropertySource 'Config resource 'class path resource [config/application.properties]' via location 'optional:classpath:/config/'' with value of type String
-2026-04-15 00:15:35.128 -DEBUG 28 [] --- [           main] ySourcesPropertyResolver$DefaultResolver : Found key 'app.defaultAuthorName' in PropertySource 'Config resource 'class path resource [config/application.properties]' via location 'optional:classpath:/config/'' with value of type String
-2026-04-15 00:15:35.128 -DEBUG 28 [] --- [           main] ySourcesPropertyResolver$DefaultResolver : Found key 'app.defaultAuthorUri' in PropertySource 'Config resource 'class path resource [config/application.properties]' via location 'optional:classpath:/config/'' with value of type String
-2026-04-15 00:15:35.128 -DEBUG 28 [] --- [           main] ySourcesPropertyResolver$DefaultResolver : Found key 'app.defaultCreatorUri' in PropertySource 'Config resource 'class path resource [config/application.properties]' via location 'optional:classpath:/config/'' with value of type String
-2026-04-15 00:15:35.132 -DEBUG 28 [] --- [           main] ySourcesPropertyResolver$DefaultResolver : Found key 'app.frontendUrl' in PropertySource 'Config resource 'class path resource [config/application-staging.properties]' via location 'optional:classpath:/config/'' with value of type String
-2026-04-15 00:15:35.133 -DEBUG 28 [] --- [           main] ySourcesPropertyResolver$DefaultResolver : Found key 'app.authMode' in PropertySource 'Config resource 'class path resource [config/application.properties]' via location 'optional:classpath:/config/'' with value of type String
-2026-04-15 00:15:35.134 -DEBUG 28 [] --- [           main] ySourcesPropertyResolver$DefaultResolver : Found key 'app.oauth2.rolesClaim' in PropertySource 'Config resource 'class path resource [config/application.properties]' via location 'optional:classpath:/config/'' with value of type String
-2026-04-15 00:15:35.134 -DEBUG 28 [] --- [           main] ySourcesPropertyResolver$DefaultResolver : Found key 'app.loginSuccessRedirectUrl' in PropertySource 'Config resource 'class path resource [config/application.properties]' via location 'optional:classpath:/config/'' with value of type String
-2026-04-15 00:15:35.134 -DEBUG 28 [] --- [           main] ySourcesPropertyResolver$DefaultResolver : Found key 'app.frontendUrl' in PropertySource 'Config resource 'class path resource [config/application-staging.properties]' via location 'optional:classpath:/config/'' with value of type String
-2026-04-15 00:15:35.135 -DEBUG 28 [] --- [           main] ySourcesPropertyResolver$DefaultResolver : Found key 'app.userName' in PropertySource 'Config resource 'class path resource [config/application.properties]' via location 'optional:classpath:/config/'' with value of type String
-2026-04-15 00:15:35.135 -DEBUG 28 [] --- [           main] ySourcesPropertyResolver$DefaultResolver : Found key 'app.userIdentifier' in PropertySource 'Config resource 'class path resource [config/application.properties]' via location 'optional:classpath:/config/'' with value of type String
-2026-04-15 00:15:35.136 -DEBUG 28 [] --- [           main] ySourcesPropertyResolver$DefaultResolver : Found key 'app.allowPublicSearching' in PropertySource 'Config resource 'class path resource [config/application.properties]' via location 'optional:classpath:/config/'' with value of type String
-2026-04-15 00:15:35.142 -DEBUG 28 [] --- [           main] ySourcesPropertyResolver$DefaultResolver : Found key 'app.allowPublicLists' in PropertySource 'Config resource 'class path resource [config/application.properties]' via location 'optional:classpath:/config/'' with value of type String
-2026-04-15 00:15:35.142 -DEBUG 28 [] --- [           main] ySourcesPropertyResolver$DefaultResolver : Found key 'app.publicKeywordLimit' in PropertySource 'Config resource 'class path resource [config/application.properties]' via location 'optional:classpath:/config/'' with value of type String
-2026-04-15 00:15:35.143 -DEBUG 28 [] --- [           main] ySourcesPropertyResolver$DefaultResolver : Found key 'app.enableRoles' in PropertySource 'Config resource 'class path resource [config/application.properties]' via location 'optional:classpath:/config/'' with value of type String
-2026-04-15 00:15:35.143 -DEBUG 28 [] --- [           main] ySourcesPropertyResolver$DefaultResolver : Found key 'app.baseLineAuditLogIfEmpty' in PropertySource 'Config resource 'class path resource [config/application.properties]' via location 'optional:classpath:/config/'' with value of type String
-2026-04-15 00:15:35.144 -DEBUG 28 [] --- [           main] ySourcesPropertyResolver$DefaultResolver : Found key 'app.security.cors.allowedOrigins' in PropertySource 'Config resource 'class path resource [config/application.properties]' via location 'optional:classpath:/config/'' with value of type String
-2026-04-15 00:15:35.144 -DEBUG 28 [] --- [           main] ySourcesPropertyResolver$DefaultResolver : Found key 'app.baseUrl' in PropertySource 'Config resource 'class path resource [config/application.properties]' via location 'optional:classpath:/config/'' with value of type String
-2026-04-15 00:15:35.144 -DEBUG 28 [] --- [           main] ySourcesPropertyResolver$DefaultResolver : Found key 'app.baseDomain' in PropertySource 'Config resource 'class path resource [config/application.properties]' via location 'optional:classpath:/config/'' with value of type String
-2026-04-15 00:15:35.146 -DEBUG 28 [] --- [           main] ySourcesPropertyResolver$DefaultResolver : Found key 'app.sessionTokenSecret' in PropertySource 'Config resource 'class path resource [config/application.properties]' via location 'optional:classpath:/config/'' with value of type String
-2026-04-15 00:15:35.146 -DEBUG 28 [] --- [           main] ySourcesPropertyResolver$DefaultResolver : Found key 'APP_SESSION_TOKEN_SECRET' in PropertySource 'systemEnvironment' with value of type String
-2026-04-15 00:15:35.146 -DEBUG 28 [] --- [           main] ySourcesPropertyResolver$DefaultResolver : Found key 'app.sessionTokenExpirySeconds' in PropertySource 'Config resource 'class path resource [config/application.properties]' via location 'optional:classpath:/config/'' with value of type String
-2026-04-15 00:15:35.147 -DEBUG 28 [] --- [           main] ySourcesPropertyResolver$DefaultResolver : Found key 'APP_SESSION_TOKEN_EXPIRY_SECONDS' in PropertySource 'systemEnvironment' with value of type String
-2026-04-15 00:15:35.148 -DEBUG 28 [] --- [           main] ySourcesPropertyResolver$DefaultResolver : Found key 'app.sessionTokenIssuer' in PropertySource 'Config resource 'class path resource [config/application.properties]' via location 'optional:classpath:/config/'' with value of type String
-2026-04-15 00:15:35.149 -DEBUG 28 [] --- [           main] ySourcesPropertyResolver$DefaultResolver : Found key 'app.readOnlyMode' in PropertySource 'Config resource 'class path resource [config/application.properties]' via location 'optional:classpath:/config/'' with value of type String
-2026-04-15 00:15:35.149 -DEBUG 28 [] --- [           main] ySourcesPropertyResolver$DefaultResolver : Found key 'app.publicInstanceUrl' in PropertySource 'Config resource 'class path resource [config/application.properties]' via location 'optional:classpath:/config/'' with value of type String
-2026-04-15 00:15:35.149 -DEBUG 28 [] --- [           main] ySourcesPropertyResolver$DefaultResolver : Found key 'OSMT_PUBLIC_INSTANCE_URL' in PropertySource 'systemEnvironment' with value of type String
-2026-04-15 00:15:35.150 -DEBUG 28 [] --- [           main] ySourcesPropertyResolver$DefaultResolver : Found key 'app.authoringWelcomeMessage' in PropertySource 'Config resource 'class path resource [config/application.properties]' via location 'optional:classpath:/config/'' with value of type String
-2026-04-15 00:15:35.206 -DEBUG 28 [] --- [           main] ySourcesPropertyResolver$DefaultResolver : Found key 'app.baseDomain' in PropertySource 'Config resource 'class path resource [config/application.properties]' via location 'optional:classpath:/config/'' with value of type String
-2026-04-15 00:15:35.219 -DEBUG 28 [] --- [           main] ySourcesPropertyResolver$DefaultResolver : Found key 'app.frontendUrl' in PropertySource 'Config resource 'class path resource [config/application-staging.properties]' via location 'optional:classpath:/config/'' with value of type String
-2026-04-15 00:15:35.220 -DEBUG 28 [] --- [           main] ySourcesPropertyResolver$DefaultResolver : Found key 'OSMT_PUBLIC_INSTANCE_URL' in PropertySource 'systemEnvironment' with value of type String
-2026-04-15 00:15:37.621 - WARN 28 [] --- [           main] s.c.a.AnnotationConfigApplicationContext : Exception encountered during context initialization - cancelling refresh attempt: org.springframework.beans.factory.UnsatisfiedDependencyException: Error creating bean with name 'batchImportRichSkill': Unsatisfied dependency expressed through field 'richSkillRepository': Error creating bean with name 'richSkillRepositoryImpl' defined in URL [jar:nested:/opt/osmt/bin/osmt.jar/!BOOT-INF/classes/!/edu/wgu/osmt/richskill/RichSkillRepositoryImpl.class]: Unsatisfied dependency expressed through constructor parameter 1: Error creating bean with name 'collectionRepositoryImpl' defined in URL [jar:nested:/opt/osmt/bin/osmt.jar/!BOOT-INF/classes/!/edu/wgu/osmt/collection/CollectionRepositoryImpl.class]: Unsatisfied dependency expressed through constructor parameter 1: Error creating bean with name 'richSkillEsRepo' defined in edu.wgu.osmt.richskill.RichSkillEsRepo defined in @EnableElasticsearchRepositories declared on RichSkillEsRepoConfig: Failed to instantiate [org.springframework.data.elasticsearch.repository.support.SimpleElasticsearchRepository]: Constructor threw exception
-2026-04-15 00:15:37.623 - INFO 28 [] --- [           main] j.LocalContainerEntityManagerFactoryBean : Closing JPA EntityManagerFactory for persistence unit 'default'
-2026-04-15 00:15:37.630 - INFO 28 [] --- [           main] com.zaxxer.hikari.HikariDataSource       : HikariPool-1 - Shutdown initiated...
-2026-04-15 00:15:37.648 - INFO 28 [] --- [           main] com.zaxxer.hikari.HikariDataSource       : HikariPool-1 - Shutdown completed.
-2026-04-15 00:15:37.708 -DEBUG 28 [] --- [           main] .s.b.a.l.ConditionEvaluationReportLogger : 
============================
CONDITIONS EVALUATION REPORT
============================
Positive matches:
-----------------
   AopAutoConfiguration matched:
      - @ConditionalOnProperty (spring.aop.auto=true) matched (OnPropertyCondition)
   AopAutoConfiguration.AspectJAutoProxyingConfiguration matched:
      - @ConditionalOnClass found required class 'org.aspectj.weaver.Advice' (OnClassCondition)
   AopAutoConfiguration.AspectJAutoProxyingConfiguration.CglibAutoProxyConfiguration matched:
      - @ConditionalOnProperty (spring.aop.proxy-target-class=true) matched (OnPropertyCondition)
   ApplicationAvailabilityAutoConfiguration#applicationAvailability matched:
      - @ConditionalOnMissingBean (types: org.springframework.boot.availability.ApplicationAvailability; SearchStrategy: all) did not find any beans (OnBeanCondition)
   CacheAutoConfiguration matched:
      - @ConditionalOnClass found required class 'org.springframework.cache.CacheManager' (OnClassCondition)
      - @ConditionalOnBean (types: org.springframework.cache.interceptor.CacheAspectSupport; SearchStrategy: all) found bean 'cacheInterceptor'; @ConditionalOnMissingBean (names: cacheResolver types: org.springframework.cache.CacheManager; SearchStrategy: all) did not find any beans (OnBeanCondition)
   CacheAutoConfiguration#cacheManagerCustomizers matched:
      - @ConditionalOnMissingBean (types: org.springframework.boot.autoconfigure.cache.CacheManagerCustomizers; SearchStrategy: all) did not find any beans (OnBeanCondition)
   CacheAutoConfiguration.CacheManagerEntityManagerFactoryDependsOnPostProcessor matched:
      - @ConditionalOnClass found required class 'org.springframework.orm.jpa.LocalContainerEntityManagerFactoryBean' (OnClassCondition)
      - @ConditionalOnBean (types: org.springframework.orm.jpa.AbstractEntityManagerFactoryBean; SearchStrategy: all) found bean '&entityManagerFactory' (OnBeanCondition)
   CacheMeterBinderProvidersConfiguration matched:
      - @ConditionalOnClass found required class 'io.micrometer.core.instrument.binder.MeterBinder' (OnClassCondition)
   CacheMeterBinderProvidersConfiguration.JCacheCacheMeterBinderProviderConfiguration matched:
      - @ConditionalOnClass found required classes 'org.springframework.cache.jcache.JCacheCache', 'javax.cache.CacheManager' (OnClassCondition)
   CacheMeterBinderProvidersConfiguration.RedisCacheMeterBinderProviderConfiguration matched:
      - @ConditionalOnClass found required class 'org.springframework.data.redis.cache.RedisCache' (OnClassCondition)
   CacheMetricsAutoConfiguration matched:
      - @ConditionalOnBean (types: org.springframework.cache.CacheManager; SearchStrategy: all) found bean 'cacheManager' (OnBeanCondition)
   CacheMetricsRegistrarConfiguration matched:
      - @ConditionalOnBean (types: org.springframework.boot.actuate.metrics.cache.CacheMeterBinderProvider,io.micrometer.core.instrument.MeterRegistry; SearchStrategy: all) found beans 'simpleMeterRegistry', 'redisCacheMeterBinderProvider', 'jCacheCacheMeterBinderProvider' (OnBeanCondition)
   ClientHttpConnectorAutoConfiguration matched:
      - @ConditionalOnClass found required class 'org.springframework.web.reactive.function.client.WebClient' (OnClassCondition)
   ClientHttpConnectorAutoConfiguration#webClientHttpConnector matched:
      - @ConditionalOnMissingBean (types: org.springframework.http.client.reactive.ClientHttpConnector; SearchStrategy: all) did not find any beans (OnBeanCondition)
   ClientHttpConnectorAutoConfiguration#webClientHttpConnectorCustomizer matched:
      - @ConditionalOnBean (types: org.springframework.http.client.reactive.ClientHttpConnector; SearchStrategy: all) found bean 'webClientHttpConnector' (OnBeanCondition)
   ClientHttpConnectorFactoryConfiguration.ReactorNetty matched:
      - @ConditionalOnClass found required class 'reactor.netty.http.client.HttpClient' (OnClassCondition)
      - @ConditionalOnMissingBean (types: org.springframework.boot.autoconfigure.web.reactive.function.client.ClientHttpConnectorFactory; SearchStrategy: all) did not find any beans (OnBeanCondition)
   CodecsAutoConfiguration matched:
      - @ConditionalOnClass found required classes 'org.springframework.http.codec.CodecConfigurer', 'org.springframework.web.reactive.function.client.WebClient' (OnClassCondition)
   CodecsAutoConfiguration.JacksonCodecConfiguration matched:
      - @ConditionalOnClass found required class 'com.fasterxml.jackson.databind.ObjectMapper' (OnClassCondition)
   CodecsAutoConfiguration.JacksonCodecConfiguration#jacksonCodecCustomizer matched:
      - @ConditionalOnBean (types: com.fasterxml.jackson.databind.ObjectMapper; SearchStrategy: all) found bean 'objectMapper' (OnBeanCondition)
   CompositeMeterRegistryAutoConfiguration matched:
      - @ConditionalOnClass found required class 'io.micrometer.core.instrument.composite.CompositeMeterRegistry' (OnClassCondition)
   DataSourceAutoConfiguration matched:
      - @ConditionalOnClass found required classes 'javax.sql.DataSource', 'org.springframework.jdbc.datasource.embedded.EmbeddedDatabaseType' (OnClassCondition)
      - @ConditionalOnMissingBean (types: io.r2dbc.spi.ConnectionFactory; SearchStrategy: all) did not find any beans (OnBeanCondition)
   DataSourceAutoConfiguration.PooledDataSourceConfiguration matched:
      - AnyNestedCondition 1 matched 1 did not; NestedCondition on DataSourceAutoConfiguration.PooledDataSourceCondition.PooledDataSourceAvailable PooledDataSource found supported DataSource; NestedCondition on DataSourceAutoConfiguration.PooledDataSourceCondition.ExplicitType @ConditionalOnProperty (spring.datasource.type) did not find property 'type' (DataSourceAutoConfiguration.PooledDataSourceCondition)
      - @ConditionalOnMissingBean (types: javax.sql.DataSource,javax.sql.XADataSource; SearchStrategy: all) did not find any beans (OnBeanCondition)
   DataSourceAutoConfiguration.PooledDataSourceConfiguration#jdbcConnectionDetails matched:
      - @ConditionalOnMissingBean (types: org.springframework.boot.autoconfigure.jdbc.JdbcConnectionDetails; SearchStrategy: all) did not find any beans (OnBeanCondition)
   DataSourceConfiguration.Hikari matched:
      - @ConditionalOnClass found required class 'com.zaxxer.hikari.HikariDataSource' (OnClassCondition)
      - @ConditionalOnProperty (spring.datasource.type=com.zaxxer.hikari.HikariDataSource) matched (OnPropertyCondition)
      - @ConditionalOnMissingBean (types: javax.sql.DataSource; SearchStrategy: all) did not find any beans (OnBeanCondition)
   DataSourceHealthContributorAutoConfiguration matched:
      - @ConditionalOnClass found required classes 'org.springframework.jdbc.core.JdbcTemplate', 'org.springframework.jdbc.datasource.lookup.AbstractRoutingDataSource' (OnClassCondition)
      - @ConditionalOnEnabledHealthIndicator management.health.db.enabled is true (OnEnabledHealthIndicatorCondition)
      - @ConditionalOnBean (types: javax.sql.DataSource; SearchStrategy: all) found bean 'dataSource' (OnBeanCondition)
   DataSourceHealthContributorAutoConfiguration#dbHealthContributor matched:
      - @ConditionalOnMissingBean (names: dbHealthIndicator,dbHealthContributor; SearchStrategy: all) did not find any beans (OnBeanCondition)
   DataSourceInitializationConfiguration matched:
      - @ConditionalOnClass found required class 'org.springframework.jdbc.datasource.init.DatabasePopulator' (OnClassCondition)
      - @ConditionalOnSingleCandidate (types: javax.sql.DataSource; SearchStrategy: all) found a single bean 'dataSource'; @ConditionalOnMissingBean (types: org.springframework.boot.autoconfigure.sql.init.SqlDataSourceScriptDatabaseInitializer,org.springframework.boot.autoconfigure.sql.init.SqlR2dbcScriptDatabaseInitializer; SearchStrategy: all) did not find any beans (OnBeanCondition)
   DataSourceJmxConfiguration matched:
      - @ConditionalOnProperty (spring.jmx.enabled=true) matched (OnPropertyCondition)
   DataSourceJmxConfiguration.Hikari matched:
      - @ConditionalOnClass found required class 'com.zaxxer.hikari.HikariDataSource' (OnClassCondition)
      - @ConditionalOnSingleCandidate (types: javax.sql.DataSource; SearchStrategy: all) found a single bean 'dataSource' (OnBeanCondition)
   DataSourcePoolMetadataProvidersConfiguration.HikariPoolDataSourceMetadataProviderConfiguration matched:
      - @ConditionalOnClass found required class 'com.zaxxer.hikari.HikariDataSource' (OnClassCondition)
   DataSourcePoolMetricsAutoConfiguration matched:
      - @ConditionalOnClass found required classes 'javax.sql.DataSource', 'io.micrometer.core.instrument.MeterRegistry' (OnClassCondition)
      - @ConditionalOnBean (types: javax.sql.DataSource,io.micrometer.core.instrument.MeterRegistry; SearchStrategy: all) found beans 'simpleMeterRegistry', 'dataSource' (OnBeanCondition)
   DataSourcePoolMetricsAutoConfiguration.DataSourcePoolMetadataMetricsConfiguration matched:
      - @ConditionalOnBean (types: org.springframework.boot.jdbc.metadata.DataSourcePoolMetadataProvider; SearchStrategy: all) found bean 'hikariPoolDataSourceMetadataProvider' (OnBeanCondition)
   DataSourcePoolMetricsAutoConfiguration.HikariDataSourceMetricsConfiguration matched:
      - @ConditionalOnClass found required class 'com.zaxxer.hikari.HikariDataSource' (OnClassCondition)
   DataSourceTransactionManagerAutoConfiguration matched:
      - @ConditionalOnClass found required classes 'org.springframework.jdbc.core.JdbcTemplate', 'org.springframework.transaction.TransactionManager' (OnClassCondition)
   DataSourceTransactionManagerAutoConfiguration.JdbcTransactionManagerConfiguration matched:
      - @ConditionalOnSingleCandidate (types: javax.sql.DataSource; SearchStrategy: all) found a single bean 'dataSource' (OnBeanCondition)
   DiskSpaceHealthContributorAutoConfiguration matched:
      - @ConditionalOnEnabledHealthIndicator management.health.defaults.enabled is considered true (OnEnabledHealthIndicatorCondition)
   DiskSpaceHealthContributorAutoConfiguration#diskSpaceHealthIndicator matched:
      - @ConditionalOnMissingBean (names: diskSpaceHealthIndicator; SearchStrategy: all) did not find any beans (OnBeanCondition)
   ElasticsearchClientAutoConfiguration matched:
      - @ConditionalOnClass found required class 'co.elastic.clients.elasticsearch.ElasticsearchClient' (OnClassCondition)
   ElasticsearchClientConfigurations.ElasticsearchClientConfiguration matched:
      - @ConditionalOnBean (types: co.elastic.clients.transport.ElasticsearchTransport; SearchStrategy: all) found bean 'restClientTransport' (OnBeanCondition)
   ElasticsearchClientConfigurations.ElasticsearchTransportConfiguration matched:
      - @ConditionalOnBean (types: org.elasticsearch.client.RestClient; SearchStrategy: all) found bean 'elasticsearchRestClient'; @ConditionalOnMissingBean (types: co.elastic.clients.transport.ElasticsearchTransport; SearchStrategy: all) did not find any beans (OnBeanCondition)
   ElasticsearchClientConfigurations.JacksonJsonpMapperConfiguration matched:
      - @ConditionalOnClass found required class 'com.fasterxml.jackson.databind.ObjectMapper' (OnClassCondition)
      - @ConditionalOnMissingBean (types: co.elastic.clients.json.JsonpMapper; SearchStrategy: all) did not find any beans (OnBeanCondition)
   ElasticsearchDataAutoConfiguration matched:
      - @ConditionalOnClass found required class 'org.springframework.data.elasticsearch.client.elc.ElasticsearchTemplate' (OnClassCondition)
   ElasticsearchDataConfiguration.BaseConfiguration#elasticsearchConverter matched:
      - @ConditionalOnMissingBean (types: org.springframework.data.elasticsearch.core.convert.ElasticsearchConverter; SearchStrategy: all) did not find any beans (OnBeanCondition)
   ElasticsearchDataConfiguration.BaseConfiguration#elasticsearchMappingContext matched:
      - @ConditionalOnMissingBean (types: org.springframework.data.elasticsearch.core.mapping.SimpleElasticsearchMappingContext; SearchStrategy: all) did not find any beans (OnBeanCondition)
   ElasticsearchDataConfiguration.JavaClientConfiguration matched:
      - @ConditionalOnClass found required class 'co.elastic.clients.elasticsearch.ElasticsearchClient' (OnClassCondition)
   ElasticsearchDataConfiguration.ReactiveRestClientConfiguration#reactiveElasticsearchTemplate matched:
      - @ConditionalOnBean (types: org.springframework.data.elasticsearch.client.elc.ReactiveElasticsearchClient; SearchStrategy: all) found bean 'reactiveElasticsearchClient'; @ConditionalOnMissingBean (names: reactiveElasticsearchTemplate types: org.springframework.data.elasticsearch.core.ReactiveElasticsearchOperations; SearchStrategy: all) did not find any beans (OnBeanCondition)
   ElasticsearchReactiveHealthContributorAutoConfiguration matched:
      - @ConditionalOnClass found required classes 'org.springframework.data.elasticsearch.client.elc.ReactiveElasticsearchClient', 'reactor.core.publisher.Flux' (OnClassCondition)
      - @ConditionalOnEnabledHealthIndicator management.health.elasticsearch.enabled is true (OnEnabledHealthIndicatorCondition)
      - @ConditionalOnBean (types: org.springframework.data.elasticsearch.client.elc.ReactiveElasticsearchClient; SearchStrategy: all) found bean 'reactiveElasticsearchClient' (OnBeanCondition)
   ElasticsearchReactiveHealthContributorAutoConfiguration#elasticsearchHealthContributor matched:
      - @ConditionalOnMissingBean (names: elasticsearchHealthIndicator,elasticsearchHealthContributor; SearchStrategy: all) did not find any beans (OnBeanCondition)
   ElasticsearchRestClientAutoConfiguration matched:
      - @ConditionalOnClass found required class 'org.elasticsearch.client.RestClientBuilder' (OnClassCondition)
   ElasticsearchRestClientConfigurations.RestClientBuilderConfiguration matched:
      - @ConditionalOnMissingBean (types: org.elasticsearch.client.RestClientBuilder; SearchStrategy: all) did not find any beans (OnBeanCondition)
   ElasticsearchRestClientConfigurations.RestClientBuilderConfiguration#elasticsearchConnectionDetails matched:
      - @ConditionalOnMissingBean (types: org.springframework.boot.autoconfigure.elasticsearch.ElasticsearchConnectionDetails; SearchStrategy: all) did not find any beans (OnBeanCondition)
   ElasticsearchRestClientConfigurations.RestClientConfiguration matched:
      - @ConditionalOnMissingBean (types: org.elasticsearch.client.RestClient; SearchStrategy: all) did not find any beans (OnBeanCondition)
   ElasticsearchRestHealthContributorAutoConfiguration matched:
      - @ConditionalOnClass found required class 'org.elasticsearch.client.RestClient' (OnClassCondition)
      - @ConditionalOnEnabledHealthIndicator management.health.elasticsearch.enabled is true (OnEnabledHealthIndicatorCondition)
      - @ConditionalOnBean (types: org.elasticsearch.client.RestClient; SearchStrategy: all) found bean 'elasticsearchRestClient' (OnBeanCondition)
   EndpointAutoConfiguration#endpointCachingOperationInvokerAdvisor matched:
      - @ConditionalOnMissingBean (types: org.springframework.boot.actuate.endpoint.invoker.cache.CachingOperationInvokerAdvisor; SearchStrategy: all) did not find any beans (OnBeanCondition)
   EndpointAutoConfiguration#endpointOperationParameterMapper matched:
      - @ConditionalOnMissingBean (types: org.springframework.boot.actuate.endpoint.invoke.ParameterValueMapper; SearchStrategy: all) did not find any beans (OnBeanCondition)
   GsonAutoConfiguration matched:
      - @ConditionalOnClass found required class 'com.google.gson.Gson' (OnClassCondition)
   GsonAutoConfiguration#gson matched:
      - @ConditionalOnMissingBean (types: com.google.gson.Gson; SearchStrategy: all) did not find any beans (OnBeanCondition)
   GsonAutoConfiguration#gsonBuilder matched:
      - @ConditionalOnMissingBean (types: com.google.gson.GsonBuilder; SearchStrategy: all) did not find any beans (OnBeanCondition)
   GsonHttpMessageConvertersConfiguration matched:
      - @ConditionalOnClass found required class 'com.google.gson.Gson' (OnClassCondition)
   HealthContributorAutoConfiguration#pingHealthContributor matched:
      - @ConditionalOnEnabledHealthIndicator management.health.defaults.enabled is considered true (OnEnabledHealthIndicatorCondition)
   HealthEndpointAutoConfiguration matched:
      - @ConditionalOnAvailableEndpoint marked as exposed by a 'management.endpoints.web.exposure' property (OnAvailableEndpointCondition)
   HealthEndpointConfiguration#healthContributorRegistry matched:
      - @ConditionalOnMissingBean (types: org.springframework.boot.actuate.health.HealthContributorRegistry; SearchStrategy: all) did not find any beans (OnBeanCondition)
   HealthEndpointConfiguration#healthEndpoint matched:
      - @ConditionalOnMissingBean (types: org.springframework.boot.actuate.health.HealthEndpoint; SearchStrategy: all) did not find any beans (OnBeanCondition)
   HealthEndpointConfiguration#healthEndpointGroupMembershipValidator matched:
      - @ConditionalOnProperty (management.endpoint.health.validate-group-membership=true) matched (OnPropertyCondition)
   HealthEndpointConfiguration#healthEndpointGroups matched:
      - @ConditionalOnMissingBean (types: org.springframework.boot.actuate.health.HealthEndpointGroups; SearchStrategy: all) did not find any beans (OnBeanCondition)
   HealthEndpointConfiguration#healthHttpCodeStatusMapper matched:
      - @ConditionalOnMissingBean (types: org.springframework.boot.actuate.health.HttpCodeStatusMapper; SearchStrategy: all) did not find any beans (OnBeanCondition)
   HealthEndpointConfiguration#healthStatusAggregator matched:
      - @ConditionalOnMissingBean (types: org.springframework.boot.actuate.health.StatusAggregator; SearchStrategy: all) did not find any beans (OnBeanCondition)
   HibernateJpaAutoConfiguration matched:
      - @ConditionalOnClass found required classes 'org.springframework.orm.jpa.LocalContainerEntityManagerFactoryBean', 'jakarta.persistence.EntityManager', 'org.hibernate.engine.spi.SessionImplementor' (OnClassCondition)
   HibernateJpaConfiguration matched:
      - @ConditionalOnSingleCandidate (types: javax.sql.DataSource; SearchStrategy: all) found a single bean 'dataSource' (OnBeanCondition)
   HttpClientObservationsAutoConfiguration matched:
      - @ConditionalOnClass found required class 'io.micrometer.observation.Observation' (OnClassCondition)
      - @ConditionalOnBean (types: io.micrometer.observation.ObservationRegistry; SearchStrategy: all) found bean 'observationRegistry' (OnBeanCondition)
   HttpClientObservationsAutoConfiguration.MeterFilterConfiguration matched:
      - @ConditionalOnClass found required class 'io.micrometer.core.instrument.MeterRegistry' (OnClassCondition)
      - @ConditionalOnBean (types: io.micrometer.core.instrument.MeterRegistry; SearchStrategy: all) found bean 'simpleMeterRegistry' (OnBeanCondition)
   HttpMessageConvertersAutoConfiguration matched:
      - @ConditionalOnClass found required class 'org.springframework.http.converter.HttpMessageConverter' (OnClassCondition)
      - NoneNestedConditions 0 matched 1 did not; NestedCondition on HttpMessageConvertersAutoConfiguration.NotReactiveWebApplicationCondition.ReactiveWebApplication not a reactive web application (HttpMessageConvertersAutoConfiguration.NotReactiveWebApplicationCondition)
   HttpMessageConvertersAutoConfiguration#messageConverters matched:
      - @ConditionalOnMissingBean (types: org.springframework.boot.autoconfigure.http.HttpMessageConverters; SearchStrategy: all) did not find any beans (OnBeanCondition)
   HttpMessageConvertersAutoConfiguration.StringHttpMessageConverterConfiguration matched:
      - @ConditionalOnClass found required class 'org.springframework.http.converter.StringHttpMessageConverter' (OnClassCondition)
   HttpMessageConvertersAutoConfiguration.StringHttpMessageConverterConfiguration#stringHttpMessageConverter matched:
      - @ConditionalOnMissingBean (types: org.springframework.http.converter.StringHttpMessageConverter; SearchStrategy: all) did not find any beans (OnBeanCondition)
   InfoContributorAutoConfiguration#gitInfoContributor matched:
      - @ConditionalOnEnabledInfoContributor management.info.git.enabled is true (OnEnabledInfoContributorCondition)
      - @ConditionalOnSingleCandidate (types: org.springframework.boot.info.GitProperties; SearchStrategy: all) found a single bean 'gitProperties'; @ConditionalOnMissingBean (types: org.springframework.boot.actuate.info.GitInfoContributor; SearchStrategy: all) did not find any beans (OnBeanCondition)
   JCacheCacheConfiguration matched:
      - @ConditionalOnClass found required classes 'javax.cache.Caching', 'org.springframework.cache.jcache.JCacheCacheManager' (OnClassCondition)
      - Cache org.springframework.boot.autoconfigure.cache.JCacheCacheConfiguration automatic cache type (CacheCondition)
      - AnyNestedCondition 1 matched 1 did not; NestedCondition on JCacheCacheConfiguration.JCacheAvailableCondition.CustomJCacheCacheManager @ConditionalOnSingleCandidate (types: javax.cache.CacheManager; SearchStrategy: all) did not find any beans; NestedCondition on JCacheCacheConfiguration.JCacheAvailableCondition.JCacheProvider JCache found single JSR-107 provider (JCacheCacheConfiguration.JCacheAvailableCondition)
      - @ConditionalOnMissingBean (types: org.springframework.cache.CacheManager; SearchStrategy: all) did not find any beans (OnBeanCondition)
   JCacheCacheConfiguration#jCacheCacheManager matched:
      - @ConditionalOnMissingBean (types: javax.cache.CacheManager; SearchStrategy: all) did not find any beans (OnBeanCondition)
   JacksonAutoConfiguration matched:
      - @ConditionalOnClass found required class 'com.fasterxml.jackson.databind.ObjectMapper' (OnClassCondition)
   JacksonAutoConfiguration.Jackson2ObjectMapperBuilderCustomizerConfiguration matched:
      - @ConditionalOnClass found required class 'org.springframework.http.converter.json.Jackson2ObjectMapperBuilder' (OnClassCondition)
   JacksonAutoConfiguration.JacksonObjectMapperBuilderConfiguration matched:
      - @ConditionalOnClass found required class 'org.springframework.http.converter.json.Jackson2ObjectMapperBuilder' (OnClassCondition)
   JacksonAutoConfiguration.JacksonObjectMapperBuilderConfiguration#jacksonObjectMapperBuilder matched:
      - @ConditionalOnMissingBean (types: org.springframework.http.converter.json.Jackson2ObjectMapperBuilder; SearchStrategy: all) did not find any beans (OnBeanCondition)
   JacksonAutoConfiguration.JacksonObjectMapperConfiguration matched:
      - @ConditionalOnClass found required class 'org.springframework.http.converter.json.Jackson2ObjectMapperBuilder' (OnClassCondition)
   JacksonAutoConfiguration.ParameterNamesModuleConfiguration matched:
      - @ConditionalOnClass found required class 'com.fasterxml.jackson.module.paramnames.ParameterNamesModule' (OnClassCondition)
   JacksonAutoConfiguration.ParameterNamesModuleConfiguration#parameterNamesModule matched:
      - @ConditionalOnMissingBean (types: com.fasterxml.jackson.module.paramnames.ParameterNamesModule; SearchStrategy: all) did not find any beans (OnBeanCondition)
   JacksonEndpointAutoConfiguration#endpointObjectMapper matched:
      - @ConditionalOnClass found required classes 'com.fasterxml.jackson.databind.ObjectMapper', 'org.springframework.http.converter.json.Jackson2ObjectMapperBuilder' (OnClassCondition)
      - @ConditionalOnProperty (management.endpoints.jackson.isolated-object-mapper) matched (OnPropertyCondition)
   JacksonHttpMessageConvertersConfiguration.MappingJackson2HttpMessageConverterConfiguration matched:
      - @ConditionalOnClass found required class 'com.fasterxml.jackson.databind.ObjectMapper' (OnClassCondition)
      - @ConditionalOnProperty (spring.mvc.converters.preferred-json-mapper=jackson) matched (OnPropertyCondition)
      - @ConditionalOnBean (types: com.fasterxml.jackson.databind.ObjectMapper; SearchStrategy: all) found bean 'objectMapper' (OnBeanCondition)
   JacksonHttpMessageConvertersConfiguration.MappingJackson2HttpMessageConverterConfiguration#mappingJackson2HttpMessageConverter matched:
      - @ConditionalOnMissingBean (types: org.springframework.http.converter.json.MappingJackson2HttpMessageConverter ignored: org.springframework.hateoas.server.mvc.TypeConstrainedMappingJackson2HttpMessageConverter,org.springframework.data.rest.webmvc.alps.AlpsJsonHttpMessageConverter; SearchStrategy: all) did not find any beans (OnBeanCondition)
   JacksonHttpMessageConvertersConfiguration.MappingJackson2XmlHttpMessageConverterConfiguration matched:
      - @ConditionalOnClass found required class 'com.fasterxml.jackson.dataformat.xml.XmlMapper' (OnClassCondition)
      - @ConditionalOnBean (types: org.springframework.http.converter.json.Jackson2ObjectMapperBuilder; SearchStrategy: all) found bean 'jacksonObjectMapperBuilder' (OnBeanCondition)
   JacksonHttpMessageConvertersConfiguration.MappingJackson2XmlHttpMessageConverterConfiguration#mappingJackson2XmlHttpMessageConverter matched:
      - @ConditionalOnMissingBean (types: org.springframework.http.converter.xml.MappingJackson2XmlHttpMessageConverter; SearchStrategy: all) did not find any beans (OnBeanCondition)
   JdbcTemplateAutoConfiguration matched:
      - @ConditionalOnClass found required classes 'javax.sql.DataSource', 'org.springframework.jdbc.core.JdbcTemplate' (OnClassCondition)
      - @ConditionalOnSingleCandidate (types: javax.sql.DataSource; SearchStrategy: all) found a single bean 'dataSource' (OnBeanCondition)
   JdbcTemplateConfiguration matched:
      - @ConditionalOnMissingBean (types: org.springframework.jdbc.core.JdbcOperations; SearchStrategy: all) did not find any beans (OnBeanCondition)
   JpaBaseConfiguration#entityManagerFactory matched:
      - @ConditionalOnMissingBean (types: org.springframework.orm.jpa.LocalContainerEntityManagerFactoryBean,jakarta.persistence.EntityManagerFactory; SearchStrategy: all) did not find any beans (OnBeanCondition)
   JpaBaseConfiguration#entityManagerFactoryBuilder matched:
      - @ConditionalOnMissingBean (types: org.springframework.boot.orm.jpa.EntityManagerFactoryBuilder; SearchStrategy: all) did not find any beans (OnBeanCondition)
   JpaBaseConfiguration#jpaVendorAdapter matched:
      - @ConditionalOnMissingBean (types: org.springframework.orm.jpa.JpaVendorAdapter; SearchStrategy: all) did not find any beans (OnBeanCondition)
   JpaBaseConfiguration.PersistenceManagedTypesConfiguration matched:
      - @ConditionalOnMissingBean (types: org.springframework.orm.jpa.LocalContainerEntityManagerFactoryBean,jakarta.persistence.EntityManagerFactory; SearchStrategy: all) did not find any beans (OnBeanCondition)
   JpaBaseConfiguration.PersistenceManagedTypesConfiguration#persistenceManagedTypes matched:
      - @ConditionalOnMissingBean (types: org.springframework.orm.jpa.persistenceunit.PersistenceManagedTypes; SearchStrategy: all) did not find any beans (OnBeanCondition)
   JtaAutoConfiguration matched:
      - @ConditionalOnClass found required class 'jakarta.transaction.Transaction' (OnClassCondition)
      - @ConditionalOnProperty (spring.jta.enabled) matched (OnPropertyCondition)
   JvmMetricsAutoConfiguration matched:
      - @ConditionalOnClass found required class 'io.micrometer.core.instrument.MeterRegistry' (OnClassCondition)
      - @ConditionalOnBean (types: io.micrometer.core.instrument.MeterRegistry; SearchStrategy: all) found bean 'simpleMeterRegistry' (OnBeanCondition)
   JvmMetricsAutoConfiguration#classLoaderMetrics matched:
      - @ConditionalOnMissingBean (types: io.micrometer.core.instrument.binder.jvm.ClassLoaderMetrics; SearchStrategy: all) did not find any beans (OnBeanCondition)
   JvmMetricsAutoConfiguration#jvmCompilationMetrics matched:
      - @ConditionalOnMissingBean (types: io.micrometer.core.instrument.binder.jvm.JvmCompilationMetrics; SearchStrategy: all) did not find any beans (OnBeanCondition)
   JvmMetricsAutoConfiguration#jvmGcMetrics matched:
      - @ConditionalOnMissingBean (types: io.micrometer.core.instrument.binder.jvm.JvmGcMetrics; SearchStrategy: all) did not find any beans (OnBeanCondition)
   JvmMetricsAutoConfiguration#jvmHeapPressureMetrics matched:
      - @ConditionalOnMissingBean (types: io.micrometer.core.instrument.binder.jvm.JvmHeapPressureMetrics; SearchStrategy: all) did not find any beans (OnBeanCondition)
   JvmMetricsAutoConfiguration#jvmInfoMetrics matched:
      - @ConditionalOnMissingBean (types: io.micrometer.core.instrument.binder.jvm.JvmInfoMetrics; SearchStrategy: all) did not find any beans (OnBeanCondition)
   JvmMetricsAutoConfiguration#jvmMemoryMetrics matched:
      - @ConditionalOnMissingBean (types: io.micrometer.core.instrument.binder.jvm.JvmMemoryMetrics; SearchStrategy: all) did not find any beans (OnBeanCondition)
   JvmMetricsAutoConfiguration#jvmThreadMetrics matched:
      - @ConditionalOnMissingBean (types: io.micrometer.core.instrument.binder.jvm.JvmThreadMetrics; SearchStrategy: all) did not find any beans (OnBeanCondition)
   LettuceConnectionConfiguration matched:
      - @ConditionalOnClass found required class 'io.lettuce.core.RedisClient' (OnClassCondition)
      - @ConditionalOnProperty (spring.data.redis.client-type=lettuce) matched (OnPropertyCondition)
   LettuceConnectionConfiguration#lettuceClientResources matched:
      - @ConditionalOnMissingBean (types: io.lettuce.core.resource.ClientResources; SearchStrategy: all) did not find any beans (OnBeanCondition)
   LettuceMetricsAutoConfiguration matched:
      - @ConditionalOnClass found required classes 'io.lettuce.core.RedisClient', 'io.lettuce.core.metrics.MicrometerCommandLatencyRecorder' (OnClassCondition)
      - @ConditionalOnBean (types: io.micrometer.core.instrument.MeterRegistry; SearchStrategy: all) found bean 'simpleMeterRegistry' (OnBeanCondition)
   LettuceMetricsAutoConfiguration#micrometerOptions matched:
      - @ConditionalOnMissingBean (types: io.lettuce.core.metrics.MicrometerOptions; SearchStrategy: all) did not find any beans (OnBeanCondition)
   LifecycleAutoConfiguration#defaultLifecycleProcessor matched:
      - @ConditionalOnMissingBean (names: lifecycleProcessor; SearchStrategy: current) did not find any beans (OnBeanCondition)
   LogbackMetricsAutoConfiguration matched:
      - @ConditionalOnClass found required classes 'io.micrometer.core.instrument.MeterRegistry', 'ch.qos.logback.classic.LoggerContext', 'org.slf4j.LoggerFactory' (OnClassCondition)
      - LogbackLoggingCondition ILoggerFactory is a Logback LoggerContext (LogbackMetricsAutoConfiguration.LogbackLoggingCondition)
      - @ConditionalOnBean (types: io.micrometer.core.instrument.MeterRegistry; SearchStrategy: all) found bean 'simpleMeterRegistry' (OnBeanCondition)
   LogbackMetricsAutoConfiguration#logbackMetrics matched:
      - @ConditionalOnMissingBean (types: io.micrometer.core.instrument.binder.logging.LogbackMetrics; SearchStrategy: all) did not find any beans (OnBeanCondition)
   MetricsAutoConfiguration matched:
      - @ConditionalOnClass found required class 'io.micrometer.core.annotation.Timed' (OnClassCondition)
   MetricsAutoConfiguration#micrometerClock matched:
      - @ConditionalOnMissingBean (types: io.micrometer.core.instrument.Clock; SearchStrategy: all) did not find any beans (OnBeanCondition)
   NamedParameterJdbcTemplateConfiguration matched:
      - @ConditionalOnSingleCandidate (types: org.springframework.jdbc.core.JdbcTemplate; SearchStrategy: all) found a single bean 'jdbcTemplate'; @ConditionalOnMissingBean (types: org.springframework.jdbc.core.namedparam.NamedParameterJdbcOperations; SearchStrategy: all) did not find any beans (OnBeanCondition)
   NettyAutoConfiguration matched:
      - @ConditionalOnClass found required class 'io.netty.util.NettyRuntime' (OnClassCondition)
   ObservationAutoConfiguration matched:
      - @ConditionalOnClass found required class 'io.micrometer.observation.ObservationRegistry' (OnClassCondition)
   ObservationAutoConfiguration#observationRegistry matched:
      - @ConditionalOnMissingBean (types: io.micrometer.observation.ObservationRegistry; SearchStrategy: all) did not find any beans (OnBeanCondition)
   ObservationAutoConfiguration.MeterObservationHandlerConfiguration matched:
      - @ConditionalOnBean (types: io.micrometer.core.instrument.MeterRegistry; SearchStrategy: all) found bean 'simpleMeterRegistry'; @ConditionalOnMissingBean (types: io.micrometer.core.instrument.observation.MeterObservationHandler; SearchStrategy: all) did not find any beans (OnBeanCondition)
   ObservationAutoConfiguration.MeterObservationHandlerConfiguration.OnlyMetricsMeterObservationHandlerConfiguration matched:
      - @ConditionalOnMissingBean (types: io.micrometer.tracing.Tracer; SearchStrategy: all) did not find any beans (OnBeanCondition)
   ObservationAutoConfiguration.OnlyMetricsConfiguration matched:
      - @ConditionalOnClass found required class 'io.micrometer.core.instrument.MeterRegistry'; @ConditionalOnMissingClass did not find unwanted class 'io.micrometer.tracing.Tracer' (OnClassCondition)
   PersistenceExceptionTranslationAutoConfiguration matched:
      - @ConditionalOnClass found required class 'org.springframework.dao.annotation.PersistenceExceptionTranslationPostProcessor' (OnClassCondition)
   PersistenceExceptionTranslationAutoConfiguration#persistenceExceptionTranslationPostProcessor matched:
      - @ConditionalOnProperty (spring.dao.exceptiontranslation.enabled) matched (OnPropertyCondition)
      - @ConditionalOnMissingBean (types: org.springframework.dao.annotation.PersistenceExceptionTranslationPostProcessor; SearchStrategy: all) did not find any beans (OnBeanCondition)
   ProjectInfoAutoConfiguration#gitProperties matched:
      - GitResource found git info at classpath:git.properties (ProjectInfoAutoConfiguration.GitResourceAvailableCondition)
      - @ConditionalOnMissingBean (types: org.springframework.boot.info.GitProperties; SearchStrategy: all) did not find any beans (OnBeanCondition)
   PropertyPlaceholderAutoConfiguration#propertySourcesPlaceholderConfigurer matched:
      - @ConditionalOnMissingBean (types: org.springframework.context.support.PropertySourcesPlaceholderConfigurer; SearchStrategy: current) did not find any beans (OnBeanCondition)
   ReactiveElasticsearchClientAutoConfiguration matched:
      - @ConditionalOnClass found required classes 'org.springframework.data.elasticsearch.client.elc.ReactiveElasticsearchClient', 'co.elastic.clients.transport.ElasticsearchTransport', 'reactor.core.publisher.Mono' (OnClassCondition)
   ReactiveElasticsearchClientAutoConfiguration#reactiveElasticsearchClient matched:
      - @ConditionalOnBean (types: co.elastic.clients.transport.ElasticsearchTransport; SearchStrategy: all) found bean 'restClientTransport'; @ConditionalOnMissingBean (types: org.springframework.data.elasticsearch.client.elc.ReactiveElasticsearchClient; SearchStrategy: all) did not find any beans (OnBeanCondition)
   ReactiveElasticsearchRepositoriesAutoConfiguration matched:
      - @ConditionalOnClass found required classes 'org.springframework.data.elasticsearch.client.elc.ReactiveElasticsearchClient', 'org.springframework.data.elasticsearch.repository.ReactiveElasticsearchRepository' (OnClassCondition)
      - @ConditionalOnProperty (spring.data.elasticsearch.repositories.enabled=true) matched (OnPropertyCondition)
      - @ConditionalOnMissingBean (types: org.springframework.data.elasticsearch.repository.support.ReactiveElasticsearchRepositoryFactoryBean; SearchStrategy: all) did not find any beans (OnBeanCondition)
   ReactiveHealthEndpointConfiguration matched:
      - @ConditionalOnClass found required class 'reactor.core.publisher.Flux' (OnClassCondition)
      - @ConditionalOnBean (types: org.springframework.boot.actuate.health.HealthEndpoint; SearchStrategy: all) found bean 'healthEndpoint' (OnBeanCondition)
   ReactiveHealthEndpointConfiguration#reactiveHealthContributorRegistry matched:
      - @ConditionalOnMissingBean (types: org.springframework.boot.actuate.health.ReactiveHealthContributorRegistry; SearchStrategy: all) did not find any beans (OnBeanCondition)
   ReactiveOAuth2ClientAutoConfiguration matched:
      - @ConditionalOnClass found required classes 'reactor.core.publisher.Flux', 'org.springframework.security.config.annotation.web.reactive.EnableWebFluxSecurity', 'org.springframework.security.oauth2.client.registration.ClientRegistration' (OnClassCondition)
      - NoneNestedConditions 0 matched 1 did not; NestedCondition on ReactiveOAuth2ClientAutoConfiguration.NonServletApplicationCondition.ServletApplicationCondition not a servlet web application (ReactiveOAuth2ClientAutoConfiguration.NonServletApplicationCondition)
   ReactiveSecurityAutoConfiguration matched:
      - @ConditionalOnClass found required classes 'reactor.core.publisher.Flux', 'org.springframework.security.config.annotation.web.reactive.EnableWebFluxSecurity', 'org.springframework.security.web.server.WebFilterChainProxy', 'org.springframework.web.reactive.config.WebFluxConfigurer' (OnClassCondition)
   ReactorNettyConfigurations.ReactorResourceFactoryConfiguration#reactorResourceFactory matched:
      - @ConditionalOnMissingBean (types: org.springframework.http.client.reactive.ReactorResourceFactory; SearchStrategy: all) did not find any beans (OnBeanCondition)
   RedisAutoConfiguration matched:
      - @ConditionalOnClass found required class 'org.springframework.data.redis.core.RedisOperations' (OnClassCondition)
   RedisAutoConfiguration#redisConnectionDetails matched:
      - @ConditionalOnMissingBean (types: org.springframework.boot.autoconfigure.data.redis.RedisConnectionDetails; SearchStrategy: all) did not find any beans (OnBeanCondition)
   RedisAutoConfiguration#redisTemplate matched:
      - @ConditionalOnSingleCandidate (types: org.springframework.data.redis.connection.RedisConnectionFactory; SearchStrategy: all) found a single bean 'redisConnectionFactory'; @ConditionalOnMissingBean (names: redisTemplate; SearchStrategy: all) did not find any beans (OnBeanCondition)
   RedisAutoConfiguration#stringRedisTemplate matched:
      - @ConditionalOnSingleCandidate (types: org.springframework.data.redis.connection.RedisConnectionFactory; SearchStrategy: all) found a single bean 'redisConnectionFactory'; @ConditionalOnMissingBean (types: org.springframework.data.redis.core.StringRedisTemplate; SearchStrategy: all) did not find any beans (OnBeanCondition)
   RedisHealthContributorAutoConfiguration matched:
      - @ConditionalOnClass found required class 'org.springframework.data.redis.connection.RedisConnectionFactory' (OnClassCondition)
      - @ConditionalOnEnabledHealthIndicator management.health.redis.enabled is true (OnEnabledHealthIndicatorCondition)
      - @ConditionalOnBean (types: org.springframework.data.redis.connection.RedisConnectionFactory; SearchStrategy: all) found bean 'redisConnectionFactory' (OnBeanCondition)
   RedisReactiveAutoConfiguration matched:
      - @ConditionalOnClass found required classes 'org.springframework.data.redis.connection.ReactiveRedisConnectionFactory', 'org.springframework.data.redis.core.ReactiveRedisTemplate', 'reactor.core.publisher.Flux' (OnClassCondition)
   RedisReactiveAutoConfiguration#reactiveRedisTemplate matched:
      - @ConditionalOnBean (types: org.springframework.data.redis.connection.ReactiveRedisConnectionFactory; SearchStrategy: all) found bean 'redisConnectionFactory'; @ConditionalOnMissingBean (names: reactiveRedisTemplate; SearchStrategy: all) did not find any beans (OnBeanCondition)
   RedisReactiveAutoConfiguration#reactiveStringRedisTemplate matched:
      - @ConditionalOnBean (types: org.springframework.data.redis.connection.ReactiveRedisConnectionFactory; SearchStrategy: all) found bean 'redisConnectionFactory'; @ConditionalOnMissingBean (names: reactiveStringRedisTemplate; SearchStrategy: all) did not find any beans (OnBeanCondition)
   RedisReactiveHealthContributorAutoConfiguration matched:
      - @ConditionalOnClass found required classes 'org.springframework.data.redis.connection.ReactiveRedisConnectionFactory', 'reactor.core.publisher.Flux' (OnClassCondition)
      - @ConditionalOnEnabledHealthIndicator management.health.redis.enabled is true (OnEnabledHealthIndicatorCondition)
      - @ConditionalOnBean (types: org.springframework.data.redis.connection.ReactiveRedisConnectionFactory; SearchStrategy: all) found bean 'redisConnectionFactory' (OnBeanCondition)
   RedisReactiveHealthContributorAutoConfiguration#redisHealthContributor matched:
      - @ConditionalOnMissingBean (names: redisHealthIndicator,redisHealthContributor; SearchStrategy: all) did not find any beans (OnBeanCondition)
   RepositoryMetricsAutoConfiguration matched:
      - @ConditionalOnClass found required class 'org.springframework.data.repository.Repository' (OnClassCondition)
      - @ConditionalOnBean (types: io.micrometer.core.instrument.MeterRegistry; SearchStrategy: all) found bean 'simpleMeterRegistry' (OnBeanCondition)
   RepositoryMetricsAutoConfiguration#metricsRepositoryMethodInvocationListener matched:
      - @ConditionalOnMissingBean (types: org.springframework.boot.actuate.metrics.data.MetricsRepositoryMethodInvocationListener; SearchStrategy: all) did not find any beans (OnBeanCondition)
   RepositoryMetricsAutoConfiguration#repositoryTagsProvider matched:
      - @ConditionalOnMissingBean (types: org.springframework.boot.actuate.metrics.data.RepositoryTagsProvider; SearchStrategy: all) did not find any beans (OnBeanCondition)
   RestTemplateAutoConfiguration matched:
      - @ConditionalOnClass found required class 'org.springframework.web.client.RestTemplate' (OnClassCondition)
      - NoneNestedConditions 0 matched 1 did not; NestedCondition on RestTemplateAutoConfiguration.NotReactiveWebApplicationCondition.ReactiveWebApplication not a reactive web application (RestTemplateAutoConfiguration.NotReactiveWebApplicationCondition)
   RestTemplateAutoConfiguration#restTemplateBuilder matched:
      - @ConditionalOnMissingBean (types: org.springframework.boot.web.client.RestTemplateBuilder; SearchStrategy: all) did not find any beans (OnBeanCondition)
   RestTemplateAutoConfiguration#restTemplateBuilderConfigurer matched:
      - @ConditionalOnMissingBean (types: org.springframework.boot.autoconfigure.web.client.RestTemplateBuilderConfigurer; SearchStrategy: all) did not find any beans (OnBeanCondition)
   RestTemplateObservationConfiguration matched:
      - @ConditionalOnClass found required class 'org.springframework.web.client.RestTemplate' (OnClassCondition)
      - @ConditionalOnBean (types: org.springframework.boot.web.client.RestTemplateBuilder; SearchStrategy: all) found bean 'restTemplateBuilder' (OnBeanCondition)
   RqueueListenerAutoConfig#rqueueEndpointManager matched:
      - @ConditionalOnMissingBean (types: com.github.sonus21.rqueue.core.RqueueEndpointManager; SearchStrategy: all) did not find any beans (OnBeanCondition)
   RqueueListenerAutoConfig#rqueueMessageEnqueuer matched:
      - @ConditionalOnMissingBean (types: com.github.sonus21.rqueue.core.RqueueMessageEnqueuer; SearchStrategy: all) did not find any beans (OnBeanCondition)
   RqueueListenerAutoConfig#rqueueMessageHandler matched:
      - @ConditionalOnMissingBean (types: com.github.sonus21.rqueue.listener.RqueueMessageHandler; SearchStrategy: all) did not find any beans (OnBeanCondition)
   RqueueListenerAutoConfig#rqueueMessageListenerContainer matched:
      - @ConditionalOnMissingBean (types: com.github.sonus21.rqueue.listener.RqueueMessageListenerContainer; SearchStrategy: all) did not find any beans (OnBeanCondition)
   RqueueListenerAutoConfig#rqueueMessageManager matched:
      - @ConditionalOnMissingBean (types: com.github.sonus21.rqueue.core.RqueueMessageManager; SearchStrategy: all) did not find any beans (OnBeanCondition)
   RqueueListenerAutoConfig#rqueueMessageTemplate matched:
      - @ConditionalOnMissingBean (types: com.github.sonus21.rqueue.core.RqueueMessageTemplate; SearchStrategy: all) did not find any beans (OnBeanCondition)
   RqueueMetricsAutoConfig matched:
      - @ConditionalOnClass found required class 'io.micrometer.core.instrument.MeterRegistry' (OnClassCondition)
   SecurityAutoConfiguration matched:
      - @ConditionalOnClass found required class 'org.springframework.security.authentication.DefaultAuthenticationEventPublisher' (OnClassCondition)
   SecurityAutoConfiguration#authenticationEventPublisher matched:
      - @ConditionalOnMissingBean (types: org.springframework.security.authentication.AuthenticationEventPublisher; SearchStrategy: all) did not find any beans (OnBeanCondition)
   SimpleMetricsExportAutoConfiguration matched:
      - @ConditionalOnEnabledMetricsExport management.defaults.metrics.export.enabled is considered true (OnMetricsExportEnabledCondition)
      - @ConditionalOnBean (types: io.micrometer.core.instrument.Clock; SearchStrategy: all) found bean 'micrometerClock'; @ConditionalOnMissingBean (types: io.micrometer.core.instrument.MeterRegistry; SearchStrategy: all) did not find any beans (OnBeanCondition)
   SimpleMetricsExportAutoConfiguration#simpleConfig matched:
      - @ConditionalOnMissingBean (types: io.micrometer.core.instrument.simple.SimpleConfig; SearchStrategy: all) did not find any beans (OnBeanCondition)
   SqlInitializationAutoConfiguration matched:
      - @ConditionalOnProperty (spring.sql.init.enabled) matched (OnPropertyCondition)
      - NoneNestedConditions 0 matched 1 did not; NestedCondition on SqlInitializationAutoConfiguration.SqlInitializationModeCondition.ModeIsNever @ConditionalOnProperty (spring.sql.init.mode=never) did not find property 'mode' (SqlInitializationAutoConfiguration.SqlInitializationModeCondition)
   SslAutoConfiguration#sslBundleRegistry matched:
      - @ConditionalOnMissingBean (types: org.springframework.boot.ssl.SslBundleRegistry,org.springframework.boot.ssl.SslBundles; SearchStrategy: all) did not find any beans (OnBeanCondition)
   StartupTimeMetricsListenerAutoConfiguration matched:
      - @ConditionalOnClass found required class 'io.micrometer.core.instrument.MeterRegistry' (OnClassCondition)
      - @ConditionalOnBean (types: io.micrometer.core.instrument.MeterRegistry; SearchStrategy: all) found bean 'simpleMeterRegistry' (OnBeanCondition)
   StartupTimeMetricsListenerAutoConfiguration#startupTimeMetrics matched:
      - @ConditionalOnMissingBean (types: org.springframework.boot.actuate.metrics.startup.StartupTimeMetricsListener; SearchStrategy: all) did not find any beans (OnBeanCondition)
   SystemMetricsAutoConfiguration matched:
      - @ConditionalOnClass found required class 'io.micrometer.core.instrument.MeterRegistry' (OnClassCondition)
      - @ConditionalOnBean (types: io.micrometer.core.instrument.MeterRegistry; SearchStrategy: all) found bean 'simpleMeterRegistry' (OnBeanCondition)
   SystemMetricsAutoConfiguration#diskSpaceMetrics matched:
      - @ConditionalOnMissingBean (types: org.springframework.boot.actuate.metrics.system.DiskSpaceMetricsBinder; SearchStrategy: all) did not find any beans (OnBeanCondition)
   SystemMetricsAutoConfiguration#fileDescriptorMetrics matched:
      - @ConditionalOnMissingBean (types: io.micrometer.core.instrument.binder.system.FileDescriptorMetrics; SearchStrategy: all) did not find any beans (OnBeanCondition)
   SystemMetricsAutoConfiguration#processorMetrics matched:
      - @ConditionalOnMissingBean (types: io.micrometer.core.instrument.binder.system.ProcessorMetrics; SearchStrategy: all) did not find any beans (OnBeanCondition)
   SystemMetricsAutoConfiguration#uptimeMetrics matched:
      - @ConditionalOnMissingBean (types: io.micrometer.core.instrument.binder.system.UptimeMetrics; SearchStrategy: all) did not find any beans (OnBeanCondition)
   TaskExecutionAutoConfiguration matched:
      - @ConditionalOnClass found required class 'org.springframework.scheduling.concurrent.ThreadPoolTaskExecutor' (OnClassCondition)
   TaskExecutionAutoConfiguration#applicationTaskExecutor matched:
      - @ConditionalOnMissingBean (types: java.util.concurrent.Executor; SearchStrategy: all) did not find any beans (OnBeanCondition)
   TaskExecutionAutoConfiguration#taskExecutorBuilder matched:
      - @ConditionalOnMissingBean (types: org.springframework.boot.task.TaskExecutorBuilder; SearchStrategy: all) did not find any beans (OnBeanCondition)
   TaskExecutorMetricsAutoConfiguration matched:
      - @ConditionalOnClass found required class 'io.micrometer.core.instrument.binder.jvm.ExecutorServiceMetrics' (OnClassCondition)
      - @ConditionalOnBean (types: java.util.concurrent.Executor,io.micrometer.core.instrument.MeterRegistry; SearchStrategy: all) found beans 'applicationTaskExecutor', 'simpleMeterRegistry' (OnBeanCondition)
   TaskSchedulingAutoConfiguration matched:
      - @ConditionalOnClass found required class 'org.springframework.scheduling.concurrent.ThreadPoolTaskScheduler' (OnClassCondition)
   TaskSchedulingAutoConfiguration#taskSchedulerBuilder matched:
      - @ConditionalOnMissingBean (types: org.springframework.boot.task.TaskSchedulerBuilder; SearchStrategy: all) did not find any beans (OnBeanCondition)
   TransactionAutoConfiguration matched:
      - @ConditionalOnClass found required class 'org.springframework.transaction.PlatformTransactionManager' (OnClassCondition)
   TransactionAutoConfiguration#platformTransactionManagerCustomizers matched:
      - @ConditionalOnMissingBean (types: org.springframework.boot.autoconfigure.transaction.TransactionManagerCustomizers; SearchStrategy: all) did not find any beans (OnBeanCondition)
   TransactionAutoConfiguration.EnableTransactionManagementConfiguration matched:
      - @ConditionalOnBean (types: org.springframework.transaction.TransactionManager; SearchStrategy: all) found bean 'transactionManager'; @ConditionalOnMissingBean (types: org.springframework.transaction.annotation.AbstractTransactionManagementConfiguration; SearchStrategy: all) did not find any beans (OnBeanCondition)
   TransactionAutoConfiguration.EnableTransactionManagementConfiguration.CglibAutoProxyConfiguration matched:
      - @ConditionalOnProperty (spring.aop.proxy-target-class=true) matched (OnPropertyCondition)
   TransactionAutoConfiguration.TransactionTemplateConfiguration matched:
      - @ConditionalOnSingleCandidate (types: org.springframework.transaction.PlatformTransactionManager; SearchStrategy: all) found a single bean 'transactionManager' (OnBeanCondition)
   TransactionAutoConfiguration.TransactionTemplateConfiguration#transactionTemplate matched:
      - @ConditionalOnMissingBean (types: org.springframework.transaction.support.TransactionOperations; SearchStrategy: all) did not find any beans (OnBeanCondition)
   ValidationAutoConfiguration matched:
      - @ConditionalOnClass found required class 'jakarta.validation.executable.ExecutableValidator' (OnClassCondition)
      - @ConditionalOnResource found location classpath:META-INF/services/jakarta.validation.spi.ValidationProvider (OnResourceCondition)
   ValidationAutoConfiguration#defaultValidator matched:
      - @ConditionalOnMissingBean (types: jakarta.validation.Validator; SearchStrategy: all) did not find any beans (OnBeanCondition)
   ValidationAutoConfiguration#methodValidationPostProcessor matched:
      - @ConditionalOnMissingBean (types: org.springframework.validation.beanvalidation.MethodValidationPostProcessor; SearchStrategy: current) did not find any beans (OnBeanCondition)
   WebClientAutoConfiguration matched:
      - @ConditionalOnClass found required class 'org.springframework.web.reactive.function.client.WebClient' (OnClassCondition)
   WebClientAutoConfiguration#webClientBuilder matched:
      - @ConditionalOnMissingBean (types: org.springframework.web.reactive.function.client.WebClient$Builder; SearchStrategy: all) did not find any beans (OnBeanCondition)
   WebClientAutoConfiguration#webClientSsl matched:
      - @ConditionalOnBean (types: org.springframework.boot.ssl.SslBundles; SearchStrategy: all) found bean 'sslBundleRegistry'; @ConditionalOnMissingBean (types: org.springframework.boot.autoconfigure.web.reactive.function.client.WebClientSsl; SearchStrategy: all) did not find any beans (OnBeanCondition)
   WebClientAutoConfiguration.WebClientCodecsConfiguration matched:
      - @ConditionalOnBean (types: org.springframework.boot.web.codec.CodecCustomizer; SearchStrategy: all) found beans 'jacksonCodecCustomizer', 'defaultCodecCustomizer' (OnBeanCondition)
   WebClientAutoConfiguration.WebClientCodecsConfiguration#exchangeStrategiesCustomizer matched:
      - @ConditionalOnMissingBean (types: org.springframework.boot.autoconfigure.web.reactive.function.client.WebClientCodecCustomizer; SearchStrategy: all) did not find any beans (OnBeanCondition)
   WebClientObservationConfiguration matched:
      - @ConditionalOnClass found required class 'org.springframework.web.reactive.function.client.WebClient' (OnClassCondition)
Negative matches:
-----------------
   ActiveMQAutoConfiguration:
      Did not match:
         - @ConditionalOnClass did not find required class 'jakarta.jms.ConnectionFactory' (OnClassCondition)
   AopAutoConfiguration.AspectJAutoProxyingConfiguration.JdkDynamicAutoProxyConfiguration:
      Did not match:
         - @ConditionalOnProperty (spring.aop.proxy-target-class=false) did not find property 'proxy-target-class' (OnPropertyCondition)
   AopAutoConfiguration.ClassProxyingConfiguration:
      Did not match:
         - @ConditionalOnMissingClass found unwanted class 'org.aspectj.weaver.Advice' (OnClassCondition)
   AppOpticsMetricsExportAutoConfiguration:
      Did not match:
         - @ConditionalOnClass did not find required class 'io.micrometer.appoptics.AppOpticsMeterRegistry' (OnClassCondition)
   ArtemisAutoConfiguration:
      Did not match:
         - @ConditionalOnClass did not find required class 'jakarta.jms.ConnectionFactory' (OnClassCondition)
   AtlasMetricsExportAutoConfiguration:
      Did not match:
         - @ConditionalOnClass did not find required class 'io.micrometer.atlas.AtlasMeterRegistry' (OnClassCondition)
   AuditAutoConfiguration:
      Did not match:
         - @ConditionalOnBean (types: org.springframework.boot.actuate.audit.AuditEventRepository; SearchStrategy: all) did not find any beans of type org.springframework.boot.actuate.audit.AuditEventRepository (OnBeanCondition)
      Matched:
         - @ConditionalOnProperty (management.auditevents.enabled) matched (OnPropertyCondition)
   AuditEventsEndpointAutoConfiguration:
      Did not match:
         - @ConditionalOnAvailableEndpoint no property management.endpoint.auditevents.enabled found so using user defined default from management.endpoints.enabled-by-default (OnAvailableEndpointCondition)
   AvailabilityHealthContributorAutoConfiguration#livenessStateHealthIndicator:
      Did not match:
         - @ConditionalOnProperty (management.health.livenessstate.enabled=true) did not find property 'enabled' (OnPropertyCondition)
   AvailabilityHealthContributorAutoConfiguration#readinessStateHealthIndicator:
      Did not match:
         - @ConditionalOnProperty (management.health.readinessstate.enabled=true) did not find property 'enabled' (OnPropertyCondition)
   AvailabilityProbesAutoConfiguration:
      Did not match:
         - Probes availability not running on a supported cloud platform (AvailabilityProbesAutoConfiguration.ProbesCondition)
   BatchAutoConfiguration:
      Did not match:
         - @ConditionalOnClass did not find required class 'org.springframework.batch.core.launch.JobLauncher' (OnClassCondition)
   BatchObservationAutoConfiguration:
      Did not match:
         - @ConditionalOnClass did not find required class 'org.springframework.batch.core.configuration.annotation.BatchObservabilityBeanPostProcessor' (OnClassCondition)
   BeansEndpointAutoConfiguration:
      Did not match:
         - @ConditionalOnAvailableEndpoint no property management.endpoint.beans.enabled found so using user defined default from management.endpoints.enabled-by-default (OnAvailableEndpointCondition)
   BraveAutoConfiguration:
      Did not match:
         - @ConditionalOnClass did not find required class 'brave.Tracer' (OnClassCondition)
   Cache2kCacheConfiguration:
      Did not match:
         - @ConditionalOnClass did not find required class 'org.cache2k.Cache2kBuilder' (OnClassCondition)
   CacheMeterBinderProvidersConfiguration.Cache2kCacheMeterBinderProviderConfiguration:
      Did not match:
         - @ConditionalOnClass did not find required classes 'org.cache2k.Cache2kBuilder', 'org.cache2k.extra.spring.SpringCache2kCache', 'org.cache2k.extra.micrometer.Cache2kCacheMetrics' (OnClassCondition)
   CacheMeterBinderProvidersConfiguration.CaffeineCacheMeterBinderProviderConfiguration:
      Did not match:
         - @ConditionalOnClass did not find required class 'com.github.benmanes.caffeine.cache.Cache' (OnClassCondition)
   CacheMeterBinderProvidersConfiguration.HazelcastCacheMeterBinderProviderConfiguration:
      Did not match:
         - @ConditionalOnClass did not find required classes 'com.hazelcast.spring.cache.HazelcastCache', 'com.hazelcast.core.Hazelcast' (OnClassCondition)
   CachesEndpointAutoConfiguration:
      Did not match:
         - @ConditionalOnAvailableEndpoint no property management.endpoint.caches.enabled found so using user defined default from management.endpoints.enabled-by-default (OnAvailableEndpointCondition)
      Matched:
         - @ConditionalOnClass found required class 'org.springframework.cache.CacheManager' (OnClassCondition)
   CaffeineCacheConfiguration:
      Did not match:
         - @ConditionalOnClass did not find required class 'com.github.benmanes.caffeine.cache.Caffeine' (OnClassCondition)
   CassandraAutoConfiguration:
      Did not match:
         - @ConditionalOnClass did not find required class 'com.datastax.oss.driver.api.core.CqlSession' (OnClassCondition)
   CassandraDataAutoConfiguration:
      Did not match:
         - @ConditionalOnClass did not find required class 'com.datastax.oss.driver.api.core.CqlSession' (OnClassCondition)
   CassandraHealthContributorAutoConfiguration:
      Did not match:
         - @ConditionalOnClass did not find required class 'com.datastax.oss.driver.api.core.CqlSession' (OnClassCondition)
   CassandraReactiveDataAutoConfiguration:
      Did not match:
         - @ConditionalOnClass did not find required class 'com.datastax.oss.driver.api.core.CqlSession' (OnClassCondition)
   CassandraReactiveHealthContributorAutoConfiguration:
      Did not match:
         - @ConditionalOnClass did not find required class 'com.datastax.oss.driver.api.core.CqlSession' (OnClassCondition)
   CassandraReactiveRepositoriesAutoConfiguration:
      Did not match:
         - @ConditionalOnClass did not find required class 'org.springframework.data.cassandra.ReactiveSession' (OnClassCondition)
   CassandraRepositoriesAutoConfiguration:
      Did not match:
         - @ConditionalOnClass did not find required class 'com.datastax.oss.driver.api.core.CqlSession' (OnClassCondition)
   ClientHttpConnectorFactoryConfiguration.HttpClient5:
      Did not match:
         - @ConditionalOnClass did not find required classes 'org.apache.hc.client5.http.impl.async.HttpAsyncClients', 'org.apache.hc.core5.http.nio.AsyncRequestProducer', 'org.apache.hc.core5.reactive.ReactiveResponseConsumer' (OnClassCondition)
   ClientHttpConnectorFactoryConfiguration.JdkClient:
      Did not match:
         - @ConditionalOnMissingBean (types: org.springframework.boot.autoconfigure.web.reactive.function.client.ClientHttpConnectorFactory; SearchStrategy: all) found beans of type 'org.springframework.boot.autoconfigure.web.reactive.function.client.ClientHttpConnectorFactory' reactorClientHttpConnectorFactory (OnBeanCondition)
      Matched:
         - @ConditionalOnClass found required class 'java.net.http.HttpClient' (OnClassCondition)
   ClientHttpConnectorFactoryConfiguration.JettyClient:
      Did not match:
         - @ConditionalOnClass did not find required class 'org.eclipse.jetty.reactive.client.ReactiveRequest' (OnClassCondition)
   CloudFoundryActuatorAutoConfiguration:
      Did not match:
         - not a servlet web application (OnWebApplicationCondition)
      Matched:
         - @ConditionalOnClass found required class 'org.springframework.web.servlet.DispatcherServlet' (OnClassCondition)
   CompositeMeterRegistryConfiguration:
      Did not match:
         - NoneNestedConditions 1 matched 1 did not; NestedCondition on CompositeMeterRegistryConfiguration.MultipleNonPrimaryMeterRegistriesCondition.SingleInjectableMeterRegistry @ConditionalOnSingleCandidate (types: io.micrometer.core.instrument.MeterRegistry; SearchStrategy: all) found a single bean 'simpleMeterRegistry'; NestedCondition on CompositeMeterRegistryConfiguration.MultipleNonPrimaryMeterRegistriesCondition.NoMeterRegistryCondition @ConditionalOnMissingBean (types: io.micrometer.core.instrument.MeterRegistry; SearchStrategy: all) found beans of type 'io.micrometer.core.instrument.MeterRegistry' simpleMeterRegistry (CompositeMeterRegistryConfiguration.MultipleNonPrimaryMeterRegistriesCondition)
   ConditionsReportEndpointAutoConfiguration:
      Did not match:
         - @ConditionalOnAvailableEndpoint no property management.endpoint.conditions.enabled found so using user defined default from management.endpoints.enabled-by-default (OnAvailableEndpointCondition)
   ConfigurationPropertiesReportEndpointAutoConfiguration:
      Did not match:
         - @ConditionalOnAvailableEndpoint no property management.endpoint.configprops.enabled found so using user defined default from management.endpoints.enabled-by-default (OnAvailableEndpointCondition)
   ConnectionFactoryHealthContributorAutoConfiguration:
      Did not match:
         - @ConditionalOnClass did not find required class 'io.r2dbc.spi.ConnectionFactory' (OnClassCondition)
   ConnectionPoolMetricsAutoConfiguration:
      Did not match:
         - @ConditionalOnClass did not find required class 'io.r2dbc.pool.ConnectionPool' (OnClassCondition)
   CouchbaseAutoConfiguration:
      Did not match:
         - @ConditionalOnClass did not find required class 'com.couchbase.client.java.Cluster' (OnClassCondition)
   CouchbaseCacheConfiguration:
      Did not match:
         - @ConditionalOnClass did not find required class 'com.couchbase.client.java.Cluster' (OnClassCondition)
   CouchbaseDataAutoConfiguration:
      Did not match:
         - @ConditionalOnClass did not find required class 'com.couchbase.client.java.Bucket' (OnClassCondition)
   CouchbaseHealthContributorAutoConfiguration:
      Did not match:
         - @ConditionalOnClass did not find required class 'com.couchbase.client.java.Cluster' (OnClassCondition)
   CouchbaseReactiveDataAutoConfiguration:
      Did not match:
         - @ConditionalOnClass did not find required class 'com.couchbase.client.java.Cluster' (OnClassCondition)
   CouchbaseReactiveHealthContributorAutoConfiguration:
      Did not match:
         - @ConditionalOnClass did not find required class 'com.couchbase.client.java.Cluster' (OnClassCondition)
   CouchbaseReactiveRepositoriesAutoConfiguration:
      Did not match:
         - @ConditionalOnClass did not find required class 'com.couchbase.client.java.Cluster' (OnClassCondition)
   CouchbaseRepositoriesAutoConfiguration:
      Did not match:
         - @ConditionalOnClass did not find required class 'com.couchbase.client.java.Bucket' (OnClassCondition)
   DataSourceAutoConfiguration.EmbeddedDatabaseConfiguration:
      Did not match:
         - EmbeddedDataSource spring.datasource.url is set (DataSourceAutoConfiguration.EmbeddedDatabaseCondition)
   DataSourceConfiguration.Dbcp2:
      Did not match:
         - @ConditionalOnClass did not find required class 'org.apache.commons.dbcp2.BasicDataSource' (OnClassCondition)
   DataSourceConfiguration.Generic:
      Did not match:
         - @ConditionalOnProperty (spring.datasource.type) did not find property 'spring.datasource.type' (OnPropertyCondition)
   DataSourceConfiguration.OracleUcp:
      Did not match:
         - @ConditionalOnClass did not find required classes 'oracle.ucp.jdbc.PoolDataSourceImpl', 'oracle.jdbc.OracleConnection' (OnClassCondition)
   DataSourceConfiguration.Tomcat:
      Did not match:
         - @ConditionalOnClass did not find required class 'org.apache.tomcat.jdbc.pool.DataSource' (OnClassCondition)
   DataSourceJmxConfiguration.TomcatDataSourceJmxConfiguration:
      Did not match:
         - @ConditionalOnClass did not find required class 'org.apache.tomcat.jdbc.pool.DataSourceProxy' (OnClassCondition)
   DataSourcePoolMetadataProvidersConfiguration.CommonsDbcp2PoolDataSourceMetadataProviderConfiguration:
      Did not match:
         - @ConditionalOnClass did not find required class 'org.apache.commons.dbcp2.BasicDataSource' (OnClassCondition)
   DataSourcePoolMetadataProvidersConfiguration.OracleUcpPoolDataSourceMetadataProviderConfiguration:
      Did not match:
         - @ConditionalOnClass did not find required classes 'oracle.ucp.jdbc.PoolDataSource', 'oracle.jdbc.OracleConnection' (OnClassCondition)
   DataSourcePoolMetadataProvidersConfiguration.TomcatDataSourcePoolMetadataProviderConfiguration:
      Did not match:
         - @ConditionalOnClass did not find required class 'org.apache.tomcat.jdbc.pool.DataSource' (OnClassCondition)
   DataSourceTransactionManagerAutoConfiguration.JdbcTransactionManagerConfiguration#transactionManager:
      Did not match:
         - @ConditionalOnMissingBean (types: org.springframework.transaction.TransactionManager; SearchStrategy: all) found beans of type 'org.springframework.transaction.TransactionManager' transactionManager (OnBeanCondition)
   DatadogMetricsExportAutoConfiguration:
      Did not match:
         - @ConditionalOnClass did not find required class 'io.micrometer.datadog.DatadogMeterRegistry' (OnClassCondition)
   DispatcherServletAutoConfiguration:
      Did not match:
         - not a servlet web application (OnWebApplicationCondition)
      Matched:
         - @ConditionalOnClass found required class 'org.springframework.web.servlet.DispatcherServlet' (OnClassCondition)
   DynatraceMetricsExportAutoConfiguration:
      Did not match:
         - @ConditionalOnClass did not find required class 'io.micrometer.dynatrace.DynatraceMeterRegistry' (OnClassCondition)
   ElasticMetricsExportAutoConfiguration:
      Did not match:
         - @ConditionalOnClass did not find required class 'io.micrometer.elastic.ElasticMeterRegistry' (OnClassCondition)
   ElasticsearchClientConfigurations.ElasticsearchClientConfiguration#elasticsearchClient:
      Did not match:
         - @ConditionalOnMissingBean (types: co.elastic.clients.elasticsearch.ElasticsearchClient; SearchStrategy: all) found beans of type 'co.elastic.clients.elasticsearch.ElasticsearchClient' elasticSearchClient (OnBeanCondition)
   ElasticsearchClientConfigurations.JsonbJsonpMapperConfiguration:
      Did not match:
         - @ConditionalOnBean did not find required type 'jakarta.json.bind.Jsonb' (OnBeanCondition)
         - @ConditionalOnBean (types: jakarta.json.bind.Jsonb; SearchStrategy: all) did not find any beans of type jakarta.json.bind.Jsonb (OnBeanCondition)
   ElasticsearchClientConfigurations.SimpleJsonpMapperConfiguration:
      Did not match:
         - @ConditionalOnMissingBean (types: co.elastic.clients.json.JsonpMapper; SearchStrategy: all) found beans of type 'co.elastic.clients.json.JsonpMapper' jacksonJsonpMapper (OnBeanCondition)
   ElasticsearchDataConfiguration.BaseConfiguration#elasticsearchCustomConversions:
      Did not match:
         - @ConditionalOnMissingBean (types: org.springframework.data.elasticsearch.core.convert.ElasticsearchCustomConversions; SearchStrategy: all) found beans of type 'org.springframework.data.elasticsearch.core.convert.ElasticsearchCustomConversions' elasticSearchCustomConversions (OnBeanCondition)
   ElasticsearchDataConfiguration.JavaClientConfiguration#elasticsearchTemplate:
      Did not match:
         - @ConditionalOnMissingBean (names: elasticsearchTemplate types: org.springframework.data.elasticsearch.core.ElasticsearchOperations; SearchStrategy: all) found beans of type 'org.springframework.data.elasticsearch.core.ElasticsearchOperations' elasticsearchTemplate and found beans named elasticsearchTemplate (OnBeanCondition)
   ElasticsearchRepositoriesAutoConfiguration:
      Did not match:
         - @ConditionalOnMissingBean (types: org.springframework.data.elasticsearch.repository.support.ElasticsearchRepositoryFactoryBean; SearchStrategy: all) found beans of type 'org.springframework.data.elasticsearch.repository.support.ElasticsearchRepositoryFactoryBean' &keywordEsRepo, &collectionEsRepo, &richSkillEsRepo, &jobCodeEsRepo (OnBeanCondition)
      Matched:
         - @ConditionalOnClass found required class 'org.springframework.data.elasticsearch.repository.ElasticsearchRepository' (OnClassCondition)
         - @ConditionalOnProperty (spring.data.elasticsearch.repositories.enabled=true) matched (OnPropertyCondition)
   ElasticsearchRestClientConfigurations.RestClientSnifferConfiguration:
      Did not match:
         - @ConditionalOnClass did not find required class 'org.elasticsearch.client.sniff.Sniffer' (OnClassCondition)
   ElasticsearchRestHealthContributorAutoConfiguration#elasticsearchHealthContributor:
      Did not match:
         - @ConditionalOnMissingBean (names: elasticsearchHealthIndicator,elasticsearchHealthContributor; SearchStrategy: all) found beans named elasticsearchHealthContributor (OnBeanCondition)
   EmbeddedLdapAutoConfiguration:
      Did not match:
         - @ConditionalOnClass did not find required class 'com.unboundid.ldap.listener.InMemoryDirectoryServer' (OnClassCondition)
   EmbeddedWebServerFactoryCustomizerAutoConfiguration:
      Did not match:
         - @ConditionalOnWebApplication (required) not a servlet web application and not a reactive web application (OnWebApplicationCondition)
   EnvironmentEndpointAutoConfiguration:
      Did not match:
         - @ConditionalOnAvailableEndpoint no property management.endpoint.env.enabled found so using user defined default from management.endpoints.enabled-by-default (OnAvailableEndpointCondition)
   ErrorMvcAutoConfiguration:
      Did not match:
         - not a servlet web application (OnWebApplicationCondition)
      Matched:
         - @ConditionalOnClass found required classes 'jakarta.servlet.Servlet', 'org.springframework.web.servlet.DispatcherServlet' (OnClassCondition)
   ErrorWebFluxAutoConfiguration:
      Did not match:
         - not a reactive web application (OnWebApplicationCondition)
      Matched:
         - @ConditionalOnClass found required class 'org.springframework.web.reactive.config.WebFluxConfigurer' (OnClassCondition)
   FlywayAutoConfiguration:
      Did not match:
         - @ConditionalOnProperty (spring.flyway.enabled) found different value in property 'enabled' (OnPropertyCondition)
      Matched:
         - @ConditionalOnClass found required class 'org.flywaydb.core.Flyway' (OnClassCondition)
   FlywayEndpointAutoConfiguration:
      Did not match:
         - @ConditionalOnAvailableEndpoint no property management.endpoint.flyway.enabled found so using user defined default from management.endpoints.enabled-by-default (OnAvailableEndpointCondition)
      Matched:
         - @ConditionalOnClass found required class 'org.flywaydb.core.Flyway' (OnClassCondition)
   FreeMarkerAutoConfiguration:
      Did not match:
         - @ConditionalOnClass did not find required class 'freemarker.template.Configuration' (OnClassCondition)
   GangliaMetricsExportAutoConfiguration:
      Did not match:
         - @ConditionalOnClass did not find required class 'io.micrometer.ganglia.GangliaMeterRegistry' (OnClassCondition)
   GenericCacheConfiguration:
      Did not match:
         - @ConditionalOnBean (types: org.springframework.cache.Cache; SearchStrategy: all) did not find any beans of type org.springframework.cache.Cache (OnBeanCondition)
      Matched:
         - Cache org.springframework.boot.autoconfigure.cache.GenericCacheConfiguration automatic cache type (CacheCondition)
   GraphQlAutoConfiguration:
      Did not match:
         - @ConditionalOnClass did not find required class 'graphql.GraphQL' (OnClassCondition)
   GraphQlObservationAutoConfiguration:
      Did not match:
         - @ConditionalOnClass did not find required class 'graphql.GraphQL' (OnClassCondition)
   GraphQlQueryByExampleAutoConfiguration:
      Did not match:
         - @ConditionalOnClass did not find required class 'graphql.GraphQL' (OnClassCondition)
   GraphQlQuerydslAutoConfiguration:
      Did not match:
         - @ConditionalOnClass did not find required class 'graphql.GraphQL' (OnClassCondition)
   GraphQlRSocketAutoConfiguration:
      Did not match:
         - @ConditionalOnClass did not find required class 'graphql.GraphQL' (OnClassCondition)
   GraphQlReactiveQueryByExampleAutoConfiguration:
      Did not match:
         - @ConditionalOnClass did not find required class 'graphql.GraphQL' (OnClassCondition)
   GraphQlReactiveQuerydslAutoConfiguration:
      Did not match:
         - @ConditionalOnClass did not find required class 'graphql.GraphQL' (OnClassCondition)
   GraphQlWebFluxAutoConfiguration:
      Did not match:
         - @ConditionalOnClass did not find required class 'graphql.GraphQL' (OnClassCondition)
   GraphQlWebFluxSecurityAutoConfiguration:
      Did not match:
         - @ConditionalOnClass did not find required class 'graphql.GraphQL' (OnClassCondition)
   GraphQlWebMvcAutoConfiguration:
      Did not match:
         - @ConditionalOnClass did not find required class 'graphql.GraphQL' (OnClassCondition)
   GraphQlWebMvcSecurityAutoConfiguration:
      Did not match:
         - @ConditionalOnClass did not find required class 'graphql.GraphQL' (OnClassCondition)
   GraphiteMetricsExportAutoConfiguration:
      Did not match:
         - @ConditionalOnClass did not find required class 'io.micrometer.graphite.GraphiteMeterRegistry' (OnClassCondition)
   GroovyTemplateAutoConfiguration:
      Did not match:
         - @ConditionalOnClass did not find required class 'groovy.text.markup.MarkupTemplateEngine' (OnClassCondition)
   GsonHttpMessageConvertersConfiguration.GsonHttpMessageConverterConfiguration:
      Did not match:
         - AnyNestedCondition 0 matched 2 did not; NestedCondition on GsonHttpMessageConvertersConfiguration.PreferGsonOrJacksonAndJsonbUnavailableCondition.JacksonJsonbUnavailable NoneNestedConditions 1 matched 1 did not; NestedCondition on GsonHttpMessageConvertersConfiguration.JacksonAndJsonbUnavailableCondition.JsonbPreferred @ConditionalOnProperty (spring.mvc.converters.preferred-json-mapper=jsonb) did not find property 'spring.mvc.converters.preferred-json-mapper'; NestedCondition on GsonHttpMessageConvertersConfiguration.JacksonAndJsonbUnavailableCondition.JacksonAvailable @ConditionalOnBean (types: org.springframework.http.converter.json.MappingJackson2HttpMessageConverter; SearchStrategy: all) found bean 'mappingJackson2HttpMessageConverter'; NestedCondition on GsonHttpMessageConvertersConfiguration.PreferGsonOrJacksonAndJsonbUnavailableCondition.GsonPreferred @ConditionalOnProperty (spring.mvc.converters.preferred-json-mapper=gson) did not find property 'spring.mvc.converters.preferred-json-mapper' (GsonHttpMessageConvertersConfiguration.PreferGsonOrJacksonAndJsonbUnavailableCondition)
   H2ConsoleAutoConfiguration:
      Did not match:
         - @ConditionalOnClass did not find required class 'org.h2.server.web.JakartaWebServlet' (OnClassCondition)
   HazelcastAutoConfiguration:
      Did not match:
         - @ConditionalOnClass did not find required class 'com.hazelcast.core.HazelcastInstance' (OnClassCondition)
   HazelcastCacheConfiguration:
      Did not match:
         - @ConditionalOnClass did not find required class 'com.hazelcast.core.HazelcastInstance' (OnClassCondition)
   HazelcastHealthContributorAutoConfiguration:
      Did not match:
         - @ConditionalOnClass did not find required class 'com.hazelcast.core.HazelcastInstance' (OnClassCondition)
   HazelcastJCacheCustomizationConfiguration:
      Did not match:
         - @ConditionalOnClass did not find required class 'com.hazelcast.core.HazelcastInstance' (OnClassCondition)
   HazelcastJpaDependencyAutoConfiguration:
      Did not match:
         - @ConditionalOnClass did not find required class 'com.hazelcast.core.HazelcastInstance' (OnClassCondition)
   HealthEndpointReactiveWebExtensionConfiguration:
      Did not match:
         - not a reactive web application (OnWebApplicationCondition)
   HealthEndpointWebExtensionConfiguration:
      Did not match:
         - not a servlet web application (OnWebApplicationCondition)
   HeapDumpWebEndpointAutoConfiguration:
      Did not match:
         - @ConditionalOnAvailableEndpoint no property management.endpoint.heapdump.enabled found so using user defined default from management.endpoints.enabled-by-default (OnAvailableEndpointCondition)
   HibernateMetricsAutoConfiguration:
      Did not match:
         - @ConditionalOnClass did not find required class 'org.hibernate.stat.HibernateMetrics' (OnClassCondition)
   HttpEncodingAutoConfiguration:
      Did not match:
         - not a servlet web application (OnWebApplicationCondition)
      Matched:
         - @ConditionalOnClass found required class 'org.springframework.web.filter.CharacterEncodingFilter' (OnClassCondition)
   HttpExchangesAutoConfiguration:
      Did not match:
         - @ConditionalOnWebApplication (required) not a servlet web application and not a reactive web application (OnWebApplicationCondition)
   HttpExchangesEndpointAutoConfiguration:
      Did not match:
         - @ConditionalOnAvailableEndpoint no property management.endpoint.httpexchanges.enabled found so using user defined default from management.endpoints.enabled-by-default (OnAvailableEndpointCondition)
   HttpHandlerAutoConfiguration:
      Did not match:
         - not a reactive web application (OnWebApplicationCondition)
      Matched:
         - @ConditionalOnClass found required classes 'org.springframework.web.reactive.DispatcherHandler', 'org.springframework.http.server.reactive.HttpHandler' (OnClassCondition)
   HumioMetricsExportAutoConfiguration:
      Did not match:
         - @ConditionalOnClass did not find required class 'io.micrometer.humio.HumioMeterRegistry' (OnClassCondition)
   HypermediaAutoConfiguration:
      Did not match:
         - @ConditionalOnClass did not find required class 'org.springframework.hateoas.EntityModel' (OnClassCondition)
   InfinispanCacheConfiguration:
      Did not match:
         - @ConditionalOnClass did not find required class 'org.infinispan.spring.embedded.provider.SpringEmbeddedCacheManager' (OnClassCondition)
   InfluxDbAutoConfiguration:
      Did not match:
         - @ConditionalOnClass did not find required class 'org.influxdb.InfluxDB' (OnClassCondition)
   InfluxDbHealthContributorAutoConfiguration:
      Did not match:
         - @ConditionalOnClass did not find required class 'org.influxdb.InfluxDB' (OnClassCondition)
   InfluxMetricsExportAutoConfiguration:
      Did not match:
         - @ConditionalOnClass did not find required class 'io.micrometer.influx.InfluxMeterRegistry' (OnClassCondition)
   InfoContributorAutoConfiguration#buildInfoContributor:
      Did not match:
         - @ConditionalOnSingleCandidate (types: org.springframework.boot.info.BuildProperties; SearchStrategy: all) did not find any beans (OnBeanCondition)
      Matched:
         - @ConditionalOnEnabledInfoContributor management.info.defaults.enabled is considered true (OnEnabledInfoContributorCondition)
   InfoContributorAutoConfiguration#envInfoContributor:
      Did not match:
         - @ConditionalOnEnabledInfoContributor management.info.env.enabled is not true (OnEnabledInfoContributorCondition)
   InfoContributorAutoConfiguration#javaInfoContributor:
      Did not match:
         - @ConditionalOnEnabledInfoContributor management.info.java.enabled is not true (OnEnabledInfoContributorCondition)
   InfoContributorAutoConfiguration#osInfoContributor:
      Did not match:
         - @ConditionalOnEnabledInfoContributor management.info.os.enabled is not true (OnEnabledInfoContributorCondition)
   InfoEndpointAutoConfiguration:
      Did not match:
         - @ConditionalOnAvailableEndpoint found property management.endpoint.info.enabled with value false (OnAvailableEndpointCondition)
   IntegrationAutoConfiguration:
      Did not match:
         - @ConditionalOnClass did not find required class 'org.springframework.integration.config.EnableIntegration' (OnClassCondition)
   IntegrationGraphEndpointAutoConfiguration:
      Did not match:
         - @ConditionalOnClass did not find required class 'org.springframework.integration.graph.IntegrationGraphServer' (OnClassCondition)
   JacksonAutoConfiguration.JacksonObjectMapperConfiguration#jacksonObjectMapper:
      Did not match:
         - @ConditionalOnMissingBean (types: com.fasterxml.jackson.databind.ObjectMapper; SearchStrategy: all) found beans of type 'com.fasterxml.jackson.databind.ObjectMapper' objectMapper (OnBeanCondition)
   JdbcRepositoriesAutoConfiguration:
      Did not match:
         - @ConditionalOnProperty (spring.data.jdbc.repositories.enabled=true) found different value in property 'enabled' (OnPropertyCondition)
      Matched:
         - @ConditionalOnClass found required classes 'org.springframework.jdbc.core.namedparam.NamedParameterJdbcOperations', 'org.springframework.data.jdbc.repository.config.AbstractJdbcConfiguration' (OnClassCondition)
   JedisConnectionConfiguration:
      Did not match:
         - @ConditionalOnClass did not find required classes 'org.apache.commons.pool2.impl.GenericObjectPool', 'redis.clients.jedis.Jedis' (OnClassCondition)
   JerseyAutoConfiguration:
      Did not match:
         - @ConditionalOnClass did not find required class 'org.glassfish.jersey.server.spring.SpringComponentProvider' (OnClassCondition)
   JerseyServerMetricsAutoConfiguration:
      Did not match:
         - @ConditionalOnClass did not find required class 'io.micrometer.core.instrument.binder.jersey.server.MetricsApplicationEventListener' (OnClassCondition)
   JettyMetricsAutoConfiguration:
      Did not match:
         - @ConditionalOnClass did not find required class 'org.eclipse.jetty.server.Server' (OnClassCondition)
   JmsAutoConfiguration:
      Did not match:
         - @ConditionalOnClass did not find required class 'jakarta.jms.Message' (OnClassCondition)
   JmsHealthContributorAutoConfiguration:
      Did not match:
         - @ConditionalOnClass did not find required class 'jakarta.jms.ConnectionFactory' (OnClassCondition)
   JmxAutoConfiguration:
      Did not match:
         - @ConditionalOnProperty (spring.jmx.enabled=true) did not find property 'enabled' (OnPropertyCondition)
      Matched:
         - @ConditionalOnClass found required class 'org.springframework.jmx.export.MBeanExporter' (OnClassCondition)
   JmxEndpointAutoConfiguration:
      Did not match:
         - @ConditionalOnProperty (spring.jmx.enabled=true) did not find property 'enabled' (OnPropertyCondition)
   JmxMetricsExportAutoConfiguration:
      Did not match:
         - @ConditionalOnClass did not find required class 'io.micrometer.jmx.JmxMeterRegistry' (OnClassCondition)
   JndiConnectionFactoryAutoConfiguration:
      Did not match:
         - @ConditionalOnClass did not find required class 'org.springframework.jms.core.JmsTemplate' (OnClassCondition)
   JndiDataSourceAutoConfiguration:
      Did not match:
         - @ConditionalOnProperty (spring.datasource.jndi-name) did not find property 'jndi-name' (OnPropertyCondition)
      Matched:
         - @ConditionalOnClass found required classes 'javax.sql.DataSource', 'org.springframework.jdbc.datasource.embedded.EmbeddedDatabaseType' (OnClassCondition)
   JndiJtaConfiguration:
      Did not match:
         - @ConditionalOnJndi JNDI environment is not available (OnJndiCondition)
      Matched:
         - @ConditionalOnClass found required class 'org.springframework.transaction.jta.JtaTransactionManager' (OnClassCondition)
   JooqAutoConfiguration:
      Did not match:
         - @ConditionalOnClass did not find required class 'org.jooq.DSLContext' (OnClassCondition)
   JpaBaseConfiguration#transactionManager:
      Did not match:
         - @ConditionalOnMissingBean (types: org.springframework.transaction.TransactionManager; SearchStrategy: all) found beans of type 'org.springframework.transaction.TransactionManager' transactionManager (OnBeanCondition)
   JpaBaseConfiguration.JpaWebConfiguration:
      Did not match:
         - not a servlet web application (OnWebApplicationCondition)
      Matched:
         - @ConditionalOnClass found required class 'org.springframework.web.servlet.config.annotation.WebMvcConfigurer' (OnClassCondition)
   JpaRepositoriesAutoConfiguration:
      Did not match:
         - @ConditionalOnProperty (spring.data.jpa.repositories.enabled=true) found different value in property 'enabled' (OnPropertyCondition)
      Matched:
         - @ConditionalOnClass found required class 'org.springframework.data.jpa.repository.JpaRepository' (OnClassCondition)
   JsonbAutoConfiguration:
      Did not match:
         - @ConditionalOnClass did not find required class 'jakarta.json.bind.Jsonb' (OnClassCondition)
   JsonbHttpMessageConvertersConfiguration:
      Did not match:
         - @ConditionalOnClass did not find required class 'jakarta.json.bind.Jsonb' (OnClassCondition)
   KafkaAutoConfiguration:
      Did not match:
         - @ConditionalOnClass did not find required class 'org.springframework.kafka.core.KafkaTemplate' (OnClassCondition)
   KafkaMetricsAutoConfiguration:
      Did not match:
         - @ConditionalOnClass did not find required class 'org.springframework.kafka.core.ProducerFactory' (OnClassCondition)
   KairosMetricsExportAutoConfiguration:
      Did not match:
         - @ConditionalOnClass did not find required class 'io.micrometer.kairos.KairosMeterRegistry' (OnClassCondition)
   LdapAutoConfiguration:
      Did not match:
         - @ConditionalOnClass did not find required class 'org.springframework.ldap.core.ContextSource' (OnClassCondition)
   LdapHealthContributorAutoConfiguration:
      Did not match:
         - @ConditionalOnClass did not find required class 'org.springframework.ldap.core.LdapOperations' (OnClassCondition)
   LdapRepositoriesAutoConfiguration:
      Did not match:
         - @ConditionalOnClass did not find required class 'org.springframework.data.ldap.repository.LdapRepository' (OnClassCondition)
   LettuceConnectionConfiguration#redisConnectionFactory:
      Did not match:
         - @ConditionalOnMissingBean (types: org.springframework.data.redis.connection.RedisConnectionFactory; SearchStrategy: all) found beans of type 'org.springframework.data.redis.connection.RedisConnectionFactory' redisConnectionFactory (OnBeanCondition)
   LiquibaseAutoConfiguration:
      Did not match:
         - @ConditionalOnClass did not find required class 'liquibase.change.DatabaseChange' (OnClassCondition)
   LiquibaseEndpointAutoConfiguration:
      Did not match:
         - @ConditionalOnClass did not find required class 'liquibase.integration.spring.SpringLiquibase' (OnClassCondition)
   Log4J2MetricsAutoConfiguration:
      Did not match:
         - @ConditionalOnClass did not find required class 'org.apache.logging.log4j.core.LoggerContext' (OnClassCondition)
   LogFileWebEndpointAutoConfiguration:
      Did not match:
         - @ConditionalOnAvailableEndpoint no property management.endpoint.logfile.enabled found so using user defined default from management.endpoints.enabled-by-default (OnAvailableEndpointCondition)
   LoggersEndpointAutoConfiguration:
      Did not match:
         - @ConditionalOnAvailableEndpoint no property management.endpoint.loggers.enabled found so using user defined default from management.endpoints.enabled-by-default (OnAvailableEndpointCondition)
   MailHealthContributorAutoConfiguration:
      Did not match:
         - @ConditionalOnBean (types: org.springframework.mail.javamail.JavaMailSenderImpl; SearchStrategy: all) did not find any beans of type org.springframework.mail.javamail.JavaMailSenderImpl (OnBeanCondition)
      Matched:
         - @ConditionalOnClass found required class 'org.springframework.mail.javamail.JavaMailSenderImpl' (OnClassCondition)
         - @ConditionalOnEnabledHealthIndicator management.health.defaults.enabled is considered true (OnEnabledHealthIndicatorCondition)
   MailSenderAutoConfiguration:
      Did not match:
         - @ConditionalOnClass did not find required class 'jakarta.mail.internet.MimeMessage' (OnClassCondition)
   MailSenderValidatorAutoConfiguration:
      Did not match:
         - @ConditionalOnProperty (spring.mail.test-connection) did not find property 'test-connection' (OnPropertyCondition)
   ManagementContextAutoConfiguration.DifferentManagementContextConfiguration:
      Did not match:
         - Management Port non web application context (OnManagementPortCondition)
   ManagementContextAutoConfiguration.SameManagementContextConfiguration:
      Did not match:
         - Management Port non web application context (OnManagementPortCondition)
   ManagementWebSecurityAutoConfiguration:
      Did not match:
         - not a servlet web application (OnWebApplicationCondition)
   MappingsEndpointAutoConfiguration:
      Did not match:
         - @ConditionalOnAvailableEndpoint no property management.endpoint.mappings.enabled found so using user defined default from management.endpoints.enabled-by-default (OnAvailableEndpointCondition)
   MessageSourceAutoConfiguration:
      Did not match:
         - ResourceBundle did not find bundle with basename messages (MessageSourceAutoConfiguration.ResourceBundleCondition)
   MetricsEndpointAutoConfiguration:
      Did not match:
         - @ConditionalOnAvailableEndpoint no property management.endpoint.metrics.enabled found so using user defined default from management.endpoints.enabled-by-default (OnAvailableEndpointCondition)
      Matched:
         - @ConditionalOnClass found required class 'io.micrometer.core.annotation.Timed' (OnClassCondition)
   MicrometerTracingAutoConfiguration:
      Did not match:
         - @ConditionalOnClass did not find required class 'io.micrometer.tracing.Tracer' (OnClassCondition)
   MongoAutoConfiguration:
      Did not match:
         - @ConditionalOnClass did not find required class 'com.mongodb.client.MongoClient' (OnClassCondition)
   MongoDataAutoConfiguration:
      Did not match:
         - @ConditionalOnClass did not find required class 'com.mongodb.client.MongoClient' (OnClassCondition)
   MongoHealthContributorAutoConfiguration:
      Did not match:
         - @ConditionalOnClass did not find required class 'org.springframework.data.mongodb.core.MongoTemplate' (OnClassCondition)
   MongoMetricsAutoConfiguration:
      Did not match:
         - @ConditionalOnClass did not find required class 'com.mongodb.MongoClientSettings' (OnClassCondition)
   MongoReactiveAutoConfiguration:
      Did not match:
         - @ConditionalOnClass did not find required class 'com.mongodb.reactivestreams.client.MongoClient' (OnClassCondition)
   MongoReactiveDataAutoConfiguration:
      Did not match:
         - @ConditionalOnClass did not find required class 'com.mongodb.reactivestreams.client.MongoClient' (OnClassCondition)
   MongoReactiveHealthContributorAutoConfiguration:
      Did not match:
         - @ConditionalOnClass did not find required class 'org.springframework.data.mongodb.core.ReactiveMongoTemplate' (OnClassCondition)
   MongoReactiveRepositoriesAutoConfiguration:
      Did not match:
         - @ConditionalOnClass did not find required class 'com.mongodb.reactivestreams.client.MongoClient' (OnClassCondition)
   MongoRepositoriesAutoConfiguration:
      Did not match:
         - @ConditionalOnClass did not find required class 'com.mongodb.client.MongoClient' (OnClassCondition)
   MultipartAutoConfiguration:
      Did not match:
         - not a servlet web application (OnWebApplicationCondition)
      Matched:
         - @ConditionalOnClass found required classes 'jakarta.servlet.Servlet', 'org.springframework.web.multipart.support.StandardServletMultipartResolver', 'jakarta.servlet.MultipartConfigElement' (OnClassCondition)
   MustacheAutoConfiguration:
      Did not match:
         - @ConditionalOnClass did not find required class 'com.samskivert.mustache.Mustache' (OnClassCondition)
   Neo4jAutoConfiguration:
      Did not match:
         - @ConditionalOnClass did not find required class 'org.neo4j.driver.Driver' (OnClassCondition)
   Neo4jDataAutoConfiguration:
      Did not match:
         - @ConditionalOnClass did not find required class 'org.neo4j.driver.Driver' (OnClassCondition)
   Neo4jHealthContributorAutoConfiguration:
      Did not match:
         - @ConditionalOnClass did not find required class 'org.neo4j.driver.Driver' (OnClassCondition)
   Neo4jReactiveDataAutoConfiguration:
      Did not match:
         - @ConditionalOnClass did not find required class 'org.neo4j.driver.Driver' (OnClassCondition)
   Neo4jReactiveRepositoriesAutoConfiguration:
      Did not match:
         - @ConditionalOnClass did not find required class 'org.neo4j.driver.Driver' (OnClassCondition)
   Neo4jRepositoriesAutoConfiguration:
      Did not match:
         - @ConditionalOnClass did not find required class 'org.neo4j.driver.Driver' (OnClassCondition)
   NewRelicMetricsExportAutoConfiguration:
      Did not match:
         - @ConditionalOnClass did not find required class 'io.micrometer.newrelic.NewRelicMeterRegistry' (OnClassCondition)
   NoOpCacheConfiguration:
      Did not match:
         - @ConditionalOnMissingBean (types: org.springframework.cache.CacheManager; SearchStrategy: all) found beans of type 'org.springframework.cache.CacheManager' cacheManager (OnBeanCondition)
      Matched:
         - Cache org.springframework.boot.autoconfigure.cache.NoOpCacheConfiguration automatic cache type (CacheCondition)
   NoOpMeterRegistryConfiguration:
      Did not match:
         - @ConditionalOnMissingBean (types: io.micrometer.core.instrument.MeterRegistry; SearchStrategy: all) found beans of type 'io.micrometer.core.instrument.MeterRegistry' simpleMeterRegistry (OnBeanCondition)
   OAuth2AuthorizationServerAutoConfiguration:
      Did not match:
         - @ConditionalOnClass did not find required class 'org.springframework.security.oauth2.server.authorization.OAuth2Authorization' (OnClassCondition)
   OAuth2AuthorizationServerJwtAutoConfiguration:
      Did not match:
         - @ConditionalOnClass did not find required class 'org.springframework.security.oauth2.server.authorization.OAuth2Authorization' (OnClassCondition)
   OAuth2ClientAutoConfiguration:
      Did not match:
         - not a servlet web application (OnWebApplicationCondition)
      Matched:
         - @ConditionalOnClass found required classes 'org.springframework.security.config.annotation.web.configuration.EnableWebSecurity', 'org.springframework.security.oauth2.client.registration.ClientRegistration' (OnClassCondition)
   OAuth2ResourceServerAutoConfiguration:
      Did not match:
         - not a servlet web application (OnWebApplicationCondition)
      Matched:
         - @ConditionalOnClass found required class 'org.springframework.security.oauth2.server.resource.authentication.BearerTokenAuthenticationToken' (OnClassCondition)
   ObservationAutoConfiguration.MeterObservationHandlerConfiguration.TracingAndMetricsObservationHandlerConfiguration:
      Did not match:
         - @ConditionalOnBean did not find required type 'io.micrometer.tracing.Tracer' (OnBeanCondition)
         - @ConditionalOnBean (types: io.micrometer.tracing.Tracer; SearchStrategy: all) did not find any beans of type io.micrometer.tracing.Tracer (OnBeanCondition)
   ObservationAutoConfiguration.MetricsWithTracingConfiguration:
      Did not match:
         - @ConditionalOnClass did not find required class 'io.micrometer.tracing.Tracer' (OnClassCondition)
   ObservationAutoConfiguration.OnlyTracingConfiguration:
      Did not match:
         - @ConditionalOnClass did not find required class 'io.micrometer.tracing.Tracer' (OnClassCondition)
   OpenTelemetryAutoConfiguration:
      Did not match:
         - @ConditionalOnClass did not find required class 'io.micrometer.tracing.otel.bridge.OtelTracer' (OnClassCondition)
   OtlpAutoConfiguration:
      Did not match:
         - @ConditionalOnClass did not find required class 'io.micrometer.tracing.otel.bridge.OtelTracer' (OnClassCondition)
   OtlpMetricsExportAutoConfiguration:
      Did not match:
         - @ConditionalOnClass did not find required class 'io.micrometer.registry.otlp.OtlpMeterRegistry' (OnClassCondition)
   ProjectInfoAutoConfiguration#buildProperties:
      Did not match:
         - @ConditionalOnResource did not find resource '${spring.info.build.location:classpath:META-INF/build-info.properties}' (OnResourceCondition)
   PrometheusExemplarsAutoConfiguration:
      Did not match:
         - @ConditionalOnClass did not find required class 'io.micrometer.tracing.Tracer' (OnClassCondition)
   PrometheusMetricsExportAutoConfiguration:
      Did not match:
         - @ConditionalOnClass did not find required class 'io.micrometer.prometheus.PrometheusMeterRegistry' (OnClassCondition)
   QuartzAutoConfiguration:
      Did not match:
         - @ConditionalOnClass did not find required class 'org.quartz.Scheduler' (OnClassCondition)
   QuartzEndpointAutoConfiguration:
      Did not match:
         - @ConditionalOnClass did not find required class 'org.quartz.Scheduler' (OnClassCondition)
   R2dbcAutoConfiguration:
      Did not match:
         - @ConditionalOnClass did not find required class 'io.r2dbc.spi.ConnectionFactory' (OnClassCondition)
   R2dbcDataAutoConfiguration:
      Did not match:
         - @ConditionalOnClass did not find required class 'org.springframework.data.r2dbc.core.R2dbcEntityTemplate' (OnClassCondition)
   R2dbcInitializationConfiguration:
      Did not match:
         - @ConditionalOnClass did not find required classes 'io.r2dbc.spi.ConnectionFactory', 'org.springframework.r2dbc.connection.init.DatabasePopulator' (OnClassCondition)
   R2dbcRepositoriesAutoConfiguration:
      Did not match:
         - @ConditionalOnClass did not find required class 'io.r2dbc.spi.ConnectionFactory' (OnClassCondition)
   R2dbcTransactionManagerAutoConfiguration:
      Did not match:
         - @ConditionalOnClass did not find required class 'org.springframework.r2dbc.connection.R2dbcTransactionManager' (OnClassCondition)
   RSocketGraphQlClientAutoConfiguration:
      Did not match:
         - @ConditionalOnClass did not find required class 'graphql.GraphQL' (OnClassCondition)
   RSocketMessagingAutoConfiguration:
      Did not match:
         - @ConditionalOnClass did not find required class 'io.rsocket.RSocket' (OnClassCondition)
   RSocketRequesterAutoConfiguration:
      Did not match:
         - @ConditionalOnClass did not find required class 'io.rsocket.RSocket' (OnClassCondition)
   RSocketSecurityAutoConfiguration:
      Did not match:
         - @ConditionalOnClass did not find required class 'org.springframework.security.rsocket.core.SecuritySocketAcceptorInterceptor' (OnClassCondition)
   RSocketServerAutoConfiguration:
      Did not match:
         - @ConditionalOnClass did not find required class 'io.rsocket.core.RSocketServer' (OnClassCondition)
   RSocketStrategiesAutoConfiguration:
      Did not match:
         - @ConditionalOnClass did not find required class 'io.rsocket.RSocket' (OnClassCondition)
   RabbitAutoConfiguration:
      Did not match:
         - @ConditionalOnClass did not find required class 'com.rabbitmq.client.Channel' (OnClassCondition)
   RabbitHealthContributorAutoConfiguration:
      Did not match:
         - @ConditionalOnClass did not find required class 'org.springframework.amqp.rabbit.core.RabbitTemplate' (OnClassCondition)
   RabbitMetricsAutoConfiguration:
      Did not match:
         - @ConditionalOnClass did not find required class 'com.rabbitmq.client.ConnectionFactory' (OnClassCondition)
   ReactiveCloudFoundryActuatorAutoConfiguration:
      Did not match:
         - not a reactive web application (OnWebApplicationCondition)
   ReactiveManagementContextAutoConfiguration:
      Did not match:
         - not a reactive web application (OnWebApplicationCondition)
      Matched:
         - @ConditionalOnClass found required class 'reactor.core.publisher.Flux' (OnClassCondition)
   ReactiveManagementWebSecurityAutoConfiguration:
      Did not match:
         - not a reactive web application (OnWebApplicationCondition)
      Matched:
         - @ConditionalOnClass found required classes 'org.springframework.security.config.annotation.web.reactive.EnableWebFluxSecurity', 'org.springframework.security.web.server.WebFilterChainProxy' (OnClassCondition)
   ReactiveMultipartAutoConfiguration:
      Did not match:
         - not a reactive web application (OnWebApplicationCondition)
      Matched:
         - @ConditionalOnClass found required classes 'org.springframework.http.codec.multipart.DefaultPartHttpMessageReader', 'org.springframework.web.reactive.config.WebFluxConfigurer' (OnClassCondition)
   ReactiveOAuth2ClientConfigurations.ReactiveClientRegistrationRepositoryConfiguration:
      Did not match:
         - OAuth2 Clients Configured Condition registered clients is not available (ClientsConfiguredCondition)
   ReactiveOAuth2ClientConfigurations.ReactiveOAuth2ClientConfiguration:
      Did not match:
         - @ConditionalOnBean (types: org.springframework.security.oauth2.client.registration.ReactiveClientRegistrationRepository; SearchStrategy: all) did not find any beans of type org.springframework.security.oauth2.client.registration.ReactiveClientRegistrationRepository (OnBeanCondition)
   ReactiveOAuth2ClientConfigurations.ReactiveOAuth2ClientConfiguration.SecurityWebFilterChainConfiguration:
      Did not match:
         - not a reactive web application (OnWebApplicationCondition)
         - Ancestor org.springframework.boot.autoconfigure.security.oauth2.client.reactive.ReactiveOAuth2ClientConfigurations$ReactiveOAuth2ClientConfiguration did not match (ConditionEvaluationReport.AncestorsMatchedCondition)
   ReactiveOAuth2ResourceServerAutoConfiguration:
      Did not match:
         - not a reactive web application (OnWebApplicationCondition)
      Matched:
         - @ConditionalOnClass found required class 'org.springframework.security.config.annotation.web.reactive.EnableWebFluxSecurity' (OnClassCondition)
   ReactiveSecurityAutoConfiguration.EnableWebFluxSecurityConfiguration:
      Did not match:
         - not a reactive web application (OnWebApplicationCondition)
   ReactiveUserDetailsServiceAutoConfiguration:
      Did not match:
         - AnyNestedCondition 0 matched 2 did not; NestedCondition on ReactiveUserDetailsServiceAutoConfiguration.ReactiveUserDetailsServiceCondition.ReactiveWebApplicationCondition not a reactive web application; NestedCondition on ReactiveUserDetailsServiceAutoConfiguration.ReactiveUserDetailsServiceCondition.RSocketSecurityEnabledCondition @ConditionalOnBean (types: org.springframework.messaging.rsocket.annotation.support.RSocketMessageHandler; SearchStrategy: all) did not find any beans of type org.springframework.messaging.rsocket.annotation.support.RSocketMessageHandler (ReactiveUserDetailsServiceAutoConfiguration.ReactiveUserDetailsServiceCondition)
      Matched:
         - @ConditionalOnClass found required class 'org.springframework.security.authentication.ReactiveAuthenticationManager' (OnClassCondition)
   ReactiveWebServerFactoryAutoConfiguration:
      Did not match:
         - not a reactive web application (OnWebApplicationCondition)
      Matched:
         - @ConditionalOnClass found required class 'org.springframework.http.ReactiveHttpInputMessage' (OnClassCondition)
   RedisCacheConfiguration:
      Did not match:
         - @ConditionalOnMissingBean (types: org.springframework.cache.CacheManager; SearchStrategy: all) found beans of type 'org.springframework.cache.CacheManager' cacheManager (OnBeanCondition)
      Matched:
         - @ConditionalOnClass found required class 'org.springframework.data.redis.connection.RedisConnectionFactory' (OnClassCondition)
         - Cache org.springframework.boot.autoconfigure.cache.RedisCacheConfiguration automatic cache type (CacheCondition)
   RedisHealthContributorAutoConfiguration#redisHealthContributor:
      Did not match:
         - @ConditionalOnMissingBean (names: redisHealthIndicator,redisHealthContributor; SearchStrategy: all) found beans named redisHealthContributor (OnBeanCondition)
   RedisRepositoriesAutoConfiguration:
      Did not match:
         - @ConditionalOnProperty (spring.data.redis.repositories.enabled=true) found different value in property 'enabled' (OnPropertyCondition)
      Matched:
         - @ConditionalOnClass found required class 'org.springframework.data.redis.repository.configuration.EnableRedisRepositories' (OnClassCondition)
   RepositoryRestMvcAutoConfiguration:
      Did not match:
         - @ConditionalOnClass did not find required class 'org.springframework.data.rest.webmvc.config.RepositoryRestMvcConfiguration' (OnClassCondition)
   Saml2RelyingPartyAutoConfiguration:
      Did not match:
         - @ConditionalOnClass did not find required class 'org.springframework.security.saml2.provider.service.registration.RelyingPartyRegistrationRepository' (OnClassCondition)
   ScheduledTasksEndpointAutoConfiguration:
      Did not match:
         - @ConditionalOnAvailableEndpoint no property management.endpoint.scheduledtasks.enabled found so using user defined default from management.endpoints.enabled-by-default (OnAvailableEndpointCondition)
   SecurityDataConfiguration:
      Did not match:
         - @ConditionalOnClass did not find required class 'org.springframework.security.data.repository.query.SecurityEvaluationContextExtension' (OnClassCondition)
   SecurityFilterAutoConfiguration:
      Did not match:
         - not a servlet web application (OnWebApplicationCondition)
      Matched:
         - @ConditionalOnClass found required classes 'org.springframework.security.web.context.AbstractSecurityWebApplicationInitializer', 'org.springframework.security.config.http.SessionCreationPolicy' (OnClassCondition)
   SendGridAutoConfiguration:
      Did not match:
         - @ConditionalOnClass did not find required class 'com.sendgrid.SendGrid' (OnClassCondition)
   ServletManagementContextAutoConfiguration:
      Did not match:
         - not a servlet web application (OnWebApplicationCondition)
      Matched:
         - @ConditionalOnClass found required class 'jakarta.servlet.Servlet' (OnClassCondition)
   ServletWebServerFactoryAutoConfiguration:
      Did not match:
         - not a servlet web application (OnWebApplicationCondition)
      Matched:
         - @ConditionalOnClass found required class 'jakarta.servlet.ServletRequest' (OnClassCondition)
   SessionAutoConfiguration:
      Did not match:
         - @ConditionalOnWebApplication (required) not a servlet web application and not a reactive web application (OnWebApplicationCondition)
      Matched:
         - @ConditionalOnClass found required class 'org.springframework.session.Session' (OnClassCondition)
   SessionsEndpointAutoConfiguration:
      Did not match:
         - @ConditionalOnAvailableEndpoint no property management.endpoint.sessions.enabled found so using user defined default from management.endpoints.enabled-by-default (OnAvailableEndpointCondition)
      Matched:
         - @ConditionalOnClass found required class 'org.springframework.session.FindByIndexNameSessionRepository' (OnClassCondition)
   ShutdownEndpointAutoConfiguration:
      Did not match:
         - @ConditionalOnAvailableEndpoint no property management.endpoint.shutdown.enabled found so using user defined default from management.endpoints.enabled-by-default (OnAvailableEndpointCondition)
   SignalFxMetricsExportAutoConfiguration:
      Did not match:
         - @ConditionalOnClass did not find required class 'io.micrometer.signalfx.SignalFxMeterRegistry' (OnClassCondition)
   SimpleCacheConfiguration:
      Did not match:
         - @ConditionalOnMissingBean (types: org.springframework.cache.CacheManager; SearchStrategy: all) found beans of type 'org.springframework.cache.CacheManager' cacheManager (OnBeanCondition)
      Matched:
         - Cache org.springframework.boot.autoconfigure.cache.SimpleCacheConfiguration automatic cache type (CacheCondition)
   SpringApplicationAdminJmxAutoConfiguration:
      Did not match:
         - @ConditionalOnProperty (spring.application.admin.enabled=true) did not find property 'enabled' (OnPropertyCondition)
   SpringBootWebSecurityConfiguration:
      Did not match:
         - not a servlet web application (OnWebApplicationCondition)
   SpringDataWebAutoConfiguration:
      Did not match:
         - not a servlet web application (OnWebApplicationCondition)
      Matched:
         - @ConditionalOnClass found required classes 'org.springframework.data.web.PageableHandlerMethodArgumentResolver', 'org.springframework.web.servlet.config.annotation.WebMvcConfigurer' (OnClassCondition)
   StackdriverMetricsExportAutoConfiguration:
      Did not match:
         - @ConditionalOnClass did not find required class 'io.micrometer.stackdriver.StackdriverMeterRegistry' (OnClassCondition)
   StartupEndpointAutoConfiguration:
      Did not match:
         - ApplicationStartup configured applicationStartup is of type class org.springframework.core.metrics.DefaultApplicationStartup, expected BufferingApplicationStartup. (StartupEndpointAutoConfiguration.ApplicationStartupCondition)
   StatsdMetricsExportAutoConfiguration:
      Did not match:
         - @ConditionalOnClass did not find required class 'io.micrometer.statsd.StatsdMeterRegistry' (OnClassCondition)
   TaskSchedulingAutoConfiguration#scheduledBeanLazyInitializationExcludeFilter:
      Did not match:
         - @ConditionalOnBean (names: org.springframework.context.annotation.internalScheduledAnnotationProcessor; SearchStrategy: all) did not find any beans named org.springframework.context.annotation.internalScheduledAnnotationProcessor (OnBeanCondition)
   TaskSchedulingAutoConfiguration#taskScheduler:
      Did not match:
         - @ConditionalOnBean (names: org.springframework.context.annotation.internalScheduledAnnotationProcessor; SearchStrategy: all) did not find any beans named org.springframework.context.annotation.internalScheduledAnnotationProcessor (OnBeanCondition)
   ThreadDumpEndpointAutoConfiguration:
      Did not match:
         - @ConditionalOnAvailableEndpoint no property management.endpoint.threaddump.enabled found so using user defined default from management.endpoints.enabled-by-default (OnAvailableEndpointCondition)
   ThymeleafAutoConfiguration:
      Did not match:
         - @ConditionalOnClass did not find required class 'org.thymeleaf.spring6.SpringTemplateEngine' (OnClassCondition)
   TomcatMetricsAutoConfiguration:
      Did not match:
         - @ConditionalOnWebApplication (required) not a servlet web application and not a reactive web application (OnWebApplicationCondition)
      Matched:
         - @ConditionalOnClass found required classes 'io.micrometer.core.instrument.binder.tomcat.TomcatMetrics', 'org.apache.catalina.Manager' (OnClassCondition)
   TransactionAutoConfiguration#transactionalOperator:
      Did not match:
         - @ConditionalOnSingleCandidate (types: org.springframework.transaction.ReactiveTransactionManager; SearchStrategy: all) did not find any beans (OnBeanCondition)
   TransactionAutoConfiguration.EnableTransactionManagementConfiguration.JdkDynamicAutoProxyConfiguration:
      Did not match:
         - @ConditionalOnProperty (spring.aop.proxy-target-class=false) did not find property 'proxy-target-class' (OnPropertyCondition)
   UserDetailsServiceAutoConfiguration:
      Did not match:
         - @ConditionalOnBean (types: org.springframework.security.config.annotation.ObjectPostProcessor; SearchStrategy: all) did not find any beans of type org.springframework.security.config.annotation.ObjectPostProcessor (OnBeanCondition)
      Matched:
         - @ConditionalOnClass found required class 'org.springframework.security.authentication.AuthenticationManager' (OnClassCondition)
   WavefrontAutoConfiguration:
      Did not match:
         - @ConditionalOnClass did not find required class 'com.wavefront.sdk.common.application.ApplicationTags' (OnClassCondition)
   WavefrontMetricsExportAutoConfiguration:
      Did not match:
         - @ConditionalOnClass did not find required class 'com.wavefront.sdk.common.WavefrontSender' (OnClassCondition)
   WavefrontTracingAutoConfiguration:
      Did not match:
         - @ConditionalOnClass did not find required class 'com.wavefront.sdk.common.WavefrontSender' (OnClassCondition)
   WebEndpointAutoConfiguration:
      Did not match:
         - @ConditionalOnWebApplication (required) not a servlet web application and not a reactive web application (OnWebApplicationCondition)
   WebFluxAutoConfiguration:
      Did not match:
         - not a reactive web application (OnWebApplicationCondition)
      Matched:
         - @ConditionalOnClass found required class 'org.springframework.web.reactive.config.WebFluxConfigurer' (OnClassCondition)
   WebFluxObservationAutoConfiguration:
      Did not match:
         - not a reactive web application (OnWebApplicationCondition)
      Matched:
         - @ConditionalOnClass found required class 'io.micrometer.observation.Observation' (OnClassCondition)
   WebMvcAutoConfiguration:
      Did not match:
         - not a servlet web application (OnWebApplicationCondition)
      Matched:
         - @ConditionalOnClass found required classes 'jakarta.servlet.Servlet', 'org.springframework.web.servlet.DispatcherServlet', 'org.springframework.web.servlet.config.annotation.WebMvcConfigurer' (OnClassCondition)
   WebMvcObservationAutoConfiguration:
      Did not match:
         - not a servlet web application (OnWebApplicationCondition)
      Matched:
         - @ConditionalOnClass found required classes 'org.springframework.web.servlet.DispatcherServlet', 'io.micrometer.observation.Observation' (OnClassCondition)
   WebServiceTemplateAutoConfiguration:
      Did not match:
         - @ConditionalOnClass did not find required class 'org.springframework.ws.client.core.WebServiceTemplate' (OnClassCondition)
   WebServicesAutoConfiguration:
      Did not match:
         - @ConditionalOnClass did not find required class 'org.springframework.ws.transport.http.MessageDispatcherServlet' (OnClassCondition)
   WebSessionIdResolverAutoConfiguration:
      Did not match:
         - not a reactive web application (OnWebApplicationCondition)
      Matched:
         - @ConditionalOnClass found required classes 'org.springframework.web.server.session.WebSessionManager', 'reactor.core.publisher.Mono' (OnClassCondition)
   WebSocketMessagingAutoConfiguration:
      Did not match:
         - @ConditionalOnClass did not find required class 'org.springframework.web.socket.config.annotation.WebSocketMessageBrokerConfigurer' (OnClassCondition)
   WebSocketReactiveAutoConfiguration:
      Did not match:
         - not a reactive web application (OnWebApplicationCondition)
      Matched:
         - @ConditionalOnClass found required classes 'jakarta.servlet.Servlet', 'jakarta.websocket.server.ServerContainer' (OnClassCondition)
   WebSocketServletAutoConfiguration:
      Did not match:
         - not a servlet web application (OnWebApplicationCondition)
      Matched:
         - @ConditionalOnClass found required classes 'jakarta.servlet.Servlet', 'jakarta.websocket.server.ServerContainer' (OnClassCondition)
   XADataSourceAutoConfiguration:
      Did not match:
         - @ConditionalOnBean (types: org.springframework.boot.jdbc.XADataSourceWrapper; SearchStrategy: all) did not find any beans of type org.springframework.boot.jdbc.XADataSourceWrapper (OnBeanCondition)
      Matched:
         - @ConditionalOnClass found required classes 'javax.sql.DataSource', 'jakarta.transaction.TransactionManager', 'org.springframework.jdbc.datasource.embedded.EmbeddedDatabaseType' (OnClassCondition)
   ZipkinAutoConfiguration:
      Did not match:
         - @ConditionalOnClass did not find required class 'zipkin2.reporter.Sender' (OnClassCondition)
Exclusions:
-----------
    None
Unconditional classes:
----------------------
    org.springframework.boot.autoconfigure.context.ConfigurationPropertiesAutoConfiguration
    com.github.sonus21.rqueue.spring.boot.RqueueListenerAutoConfig
    org.springframework.boot.actuate.autoconfigure.availability.AvailabilityHealthContributorAutoConfiguration
    org.springframework.boot.autoconfigure.ssl.SslAutoConfiguration
    org.springframework.boot.actuate.autoconfigure.info.InfoContributorAutoConfiguration
    org.springframework.boot.autoconfigure.context.PropertyPlaceholderAutoConfiguration
    org.springframework.boot.autoconfigure.context.LifecycleAutoConfiguration
    org.springframework.boot.actuate.autoconfigure.metrics.integration.IntegrationMetricsAutoConfiguration
    org.springframework.boot.actuate.autoconfigure.endpoint.EndpointAutoConfiguration
    org.springframework.boot.actuate.autoconfigure.web.server.ManagementContextAutoConfiguration
    org.springframework.boot.actuate.autoconfigure.health.HealthContributorAutoConfiguration
    org.springframework.boot.actuate.autoconfigure.endpoint.jackson.JacksonEndpointAutoConfiguration
    org.springframework.boot.autoconfigure.availability.ApplicationAvailabilityAutoConfiguration
    org.springframework.boot.autoconfigure.info.ProjectInfoAutoConfiguration
-2026-04-15 00:15:37.784 -ERROR 28 [] --- [           main] o.s.boot.SpringApplication               : Application run failed
org.springframework.beans.factory.UnsatisfiedDependencyException: Error creating bean with name 'batchImportRichSkill': Unsatisfied dependency expressed through field 'richSkillRepository': Error creating bean with name 'richSkillRepositoryImpl' defined in URL [jar:nested:/opt/osmt/bin/osmt.jar/!BOOT-INF/classes/!/edu/wgu/osmt/richskill/RichSkillRepositoryImpl.class]: Unsatisfied dependency expressed through constructor parameter 1: Error creating bean with name 'collectionRepositoryImpl' defined in URL [jar:nested:/opt/osmt/bin/osmt.jar/!BOOT-INF/classes/!/edu/wgu/osmt/collection/CollectionRepositoryImpl.class]: Unsatisfied dependency expressed through constructor parameter 1: Error creating bean with name 'richSkillEsRepo' defined in edu.wgu.osmt.richskill.RichSkillEsRepo defined in @EnableElasticsearchRepositories declared on RichSkillEsRepoConfig: Failed to instantiate [org.springframework.data.elasticsearch.repository.support.SimpleElasticsearchRepository]: Constructor threw exception
	at org.springframework.beans.factory.annotation.AutowiredAnnotationBeanPostProcessor$AutowiredFieldElement.resolveFieldValue(AutowiredAnnotationBeanPostProcessor.java:716)
	at org.springframework.beans.factory.annotation.AutowiredAnnotationBeanPostProcessor$AutowiredFieldElement.inject(AutowiredAnnotationBeanPostProcessor.java:696)
	at org.springframework.beans.factory.annotation.InjectionMetadata.inject(InjectionMetadata.java:145)
	at org.springframework.beans.factory.annotation.AutowiredAnnotationBeanPostProcessor.postProcessProperties(AutowiredAnnotationBeanPostProcessor.java:483)
	at org.springframework.beans.factory.support.AbstractAutowireCapableBeanFactory.populateBean(AbstractAutowireCapableBeanFactory.java:1416)
	at org.springframework.beans.factory.support.AbstractAutowireCapableBeanFactory.doCreateBean(AbstractAutowireCapableBeanFactory.java:597)
	at org.springframework.beans.factory.support.AbstractAutowireCapableBeanFactory.createBean(AbstractAutowireCapableBeanFactory.java:520)
	at org.springframework.beans.factory.support.AbstractBeanFactory.lambda$doGetBean$0(AbstractBeanFactory.java:326)
	at org.springframework.beans.factory.support.DefaultSingletonBeanRegistry.getSingleton(DefaultSingletonBeanRegistry.java:234)
	at org.springframework.beans.factory.support.AbstractBeanFactory.doGetBean(AbstractBeanFactory.java:324)
	at org.springframework.beans.factory.support.AbstractBeanFactory.getBean(AbstractBeanFactory.java:200)
	at org.springframework.beans.factory.support.DefaultListableBeanFactory.preInstantiateSingletons(DefaultListableBeanFactory.java:973)
	at org.springframework.context.support.AbstractApplicationContext.finishBeanFactoryInitialization(AbstractApplicationContext.java:942)
	at org.springframework.context.support.AbstractApplicationContext.refresh(AbstractApplicationContext.java:608)
	at org.springframework.boot.SpringApplication.refresh(SpringApplication.java:734)
	at org.springframework.boot.SpringApplication.refreshContext(SpringApplication.java:436)
	at org.springframework.boot.SpringApplication.run(SpringApplication.java:312)
	at org.springframework.boot.SpringApplication.run(SpringApplication.java:1306)
	at org.springframework.boot.SpringApplication.run(SpringApplication.java:1295)
	at edu.wgu.osmt.ApplicationKt.main(Application.kt:21)
	at java.base/jdk.internal.reflect.DirectMethodHandleAccessor.invoke(DirectMethodHandleAccessor.java:103)
	at java.base/java.lang.reflect.Method.invoke(Method.java:580)
	at org.springframework.boot.loader.launch.Launcher.launch(Launcher.java:91)
	at org.springframework.boot.loader.launch.Launcher.launch(Launcher.java:53)
	at org.springframework.boot.loader.launch.JarLauncher.main(JarLauncher.java:58)
Caused by: org.springframework.beans.factory.UnsatisfiedDependencyException: Error creating bean with name 'richSkillRepositoryImpl' defined in URL [jar:nested:/opt/osmt/bin/osmt.jar/!BOOT-INF/classes/!/edu/wgu/osmt/richskill/RichSkillRepositoryImpl.class]: Unsatisfied dependency expressed through constructor parameter 1: Error creating bean with name 'collectionRepositoryImpl' defined in URL [jar:nested:/opt/osmt/bin/osmt.jar/!BOOT-INF/classes/!/edu/wgu/osmt/collection/CollectionRepositoryImpl.class]: Unsatisfied dependency expressed through constructor parameter 1: Error creating bean with name 'richSkillEsRepo' defined in edu.wgu.osmt.richskill.RichSkillEsRepo defined in @EnableElasticsearchRepositories declared on RichSkillEsRepoConfig: Failed to instantiate [org.springframework.data.elasticsearch.repository.support.SimpleElasticsearchRepository]: Constructor threw exception
	at org.springframework.beans.factory.support.ConstructorResolver.createArgumentArray(ConstructorResolver.java:800)
	at org.springframework.beans.factory.support.ConstructorResolver.autowireConstructor(ConstructorResolver.java:245)
	at org.springframework.beans.factory.support.AbstractAutowireCapableBeanFactory.autowireConstructor(AbstractAutowireCapableBeanFactory.java:1352)
	at org.springframework.beans.factory.support.AbstractAutowireCapableBeanFactory.createBeanInstance(AbstractAutowireCapableBeanFactory.java:1189)
	at org.springframework.beans.factory.support.AbstractAutowireCapableBeanFactory.doCreateBean(AbstractAutowireCapableBeanFactory.java:560)
	at org.springframework.beans.factory.support.AbstractAutowireCapableBeanFactory.createBean(AbstractAutowireCapableBeanFactory.java:520)
	at org.springframework.beans.factory.support.AbstractBeanFactory.lambda$doGetBean$0(AbstractBeanFactory.java:326)
	at org.springframework.beans.factory.support.DefaultSingletonBeanRegistry.getSingleton(DefaultSingletonBeanRegistry.java:234)
	at org.springframework.beans.factory.support.AbstractBeanFactory.doGetBean(AbstractBeanFactory.java:324)
	at org.springframework.beans.factory.support.AbstractBeanFactory.getBean(AbstractBeanFactory.java:200)
	at org.springframework.beans.factory.config.DependencyDescriptor.resolveCandidate(DependencyDescriptor.java:254)
	at org.springframework.beans.factory.support.DefaultListableBeanFactory.doResolveDependency(DefaultListableBeanFactory.java:1417)
	at org.springframework.beans.factory.support.DefaultListableBeanFactory.resolveDependency(DefaultListableBeanFactory.java:1337)
	at org.springframework.beans.factory.annotation.AutowiredAnnotationBeanPostProcessor$AutowiredFieldElement.resolveFieldValue(AutowiredAnnotationBeanPostProcessor.java:713)
	... 24 common frames omitted
Caused by: org.springframework.beans.factory.UnsatisfiedDependencyException: Error creating bean with name 'collectionRepositoryImpl' defined in URL [jar:nested:/opt/osmt/bin/osmt.jar/!BOOT-INF/classes/!/edu/wgu/osmt/collection/CollectionRepositoryImpl.class]: Unsatisfied dependency expressed through constructor parameter 1: Error creating bean with name 'richSkillEsRepo' defined in edu.wgu.osmt.richskill.RichSkillEsRepo defined in @EnableElasticsearchRepositories declared on RichSkillEsRepoConfig: Failed to instantiate [org.springframework.data.elasticsearch.repository.support.SimpleElasticsearchRepository]: Constructor threw exception
	at org.springframework.beans.factory.support.ConstructorResolver.createArgumentArray(ConstructorResolver.java:800)
	at org.springframework.beans.factory.support.ConstructorResolver.autowireConstructor(ConstructorResolver.java:245)
	at org.springframework.beans.factory.support.AbstractAutowireCapableBeanFactory.autowireConstructor(AbstractAutowireCapableBeanFactory.java:1352)
	at org.springframework.beans.factory.support.AbstractAutowireCapableBeanFactory.createBeanInstance(AbstractAutowireCapableBeanFactory.java:1189)
	at org.springframework.beans.factory.support.AbstractAutowireCapableBeanFactory.doCreateBean(AbstractAutowireCapableBeanFactory.java:560)
	at org.springframework.beans.factory.support.AbstractAutowireCapableBeanFactory.createBean(AbstractAutowireCapableBeanFactory.java:520)
	at org.springframework.beans.factory.support.AbstractBeanFactory.lambda$doGetBean$0(AbstractBeanFactory.java:326)
	at org.springframework.beans.factory.support.DefaultSingletonBeanRegistry.getSingleton(DefaultSingletonBeanRegistry.java:234)
	at org.springframework.beans.factory.support.AbstractBeanFactory.doGetBean(AbstractBeanFactory.java:324)
	at org.springframework.beans.factory.support.AbstractBeanFactory.getBean(AbstractBeanFactory.java:200)
	at org.springframework.beans.factory.config.DependencyDescriptor.resolveCandidate(DependencyDescriptor.java:254)
	at org.springframework.beans.factory.support.DefaultListableBeanFactory.doResolveDependency(DefaultListableBeanFactory.java:1417)
	at org.springframework.beans.factory.support.DefaultListableBeanFactory.resolveDependency(DefaultListableBeanFactory.java:1337)
	at org.springframework.beans.factory.support.ConstructorResolver.resolveAutowiredArgument(ConstructorResolver.java:888)
	at org.springframework.beans.factory.support.ConstructorResolver.createArgumentArray(ConstructorResolver.java:791)
	... 37 common frames omitted
Caused by: org.springframework.beans.factory.BeanCreationException: Error creating bean with name 'richSkillEsRepo' defined in edu.wgu.osmt.richskill.RichSkillEsRepo defined in @EnableElasticsearchRepositories declared on RichSkillEsRepoConfig: Failed to instantiate [org.springframework.data.elasticsearch.repository.support.SimpleElasticsearchRepository]: Constructor threw exception
	at org.springframework.beans.factory.support.AbstractAutowireCapableBeanFactory.initializeBean(AbstractAutowireCapableBeanFactory.java:1770)
	at org.springframework.beans.factory.support.AbstractAutowireCapableBeanFactory.doCreateBean(AbstractAutowireCapableBeanFactory.java:598)
	at org.springframework.beans.factory.support.AbstractAutowireCapableBeanFactory.createBean(AbstractAutowireCapableBeanFactory.java:520)
	at org.springframework.beans.factory.support.AbstractBeanFactory.lambda$doGetBean$0(AbstractBeanFactory.java:326)
	at org.springframework.beans.factory.support.DefaultSingletonBeanRegistry.getSingleton(DefaultSingletonBeanRegistry.java:234)
	at org.springframework.beans.factory.support.AbstractBeanFactory.doGetBean(AbstractBeanFactory.java:324)
	at org.springframework.beans.factory.support.AbstractBeanFactory.getBean(AbstractBeanFactory.java:200)
	at org.springframework.beans.factory.config.DependencyDescriptor.resolveCandidate(DependencyDescriptor.java:254)
	at org.springframework.beans.factory.support.DefaultListableBeanFactory.doResolveDependency(DefaultListableBeanFactory.java:1417)
	at org.springframework.beans.factory.support.DefaultListableBeanFactory.resolveDependency(DefaultListableBeanFactory.java:1337)
	at org.springframework.beans.factory.support.ConstructorResolver.resolveAutowiredArgument(ConstructorResolver.java:888)
	at org.springframework.beans.factory.support.ConstructorResolver.createArgumentArray(ConstructorResolver.java:791)
	... 51 common frames omitted
Caused by: org.springframework.beans.BeanInstantiationException: Failed to instantiate [org.springframework.data.elasticsearch.repository.support.SimpleElasticsearchRepository]: Constructor threw exception
	at org.springframework.beans.BeanUtils.instantiateClass(BeanUtils.java:224)
	at org.springframework.data.repository.core.support.RepositoryFactorySupport.lambda$instantiateClass$5(RepositoryFactorySupport.java:571)
	at java.base/java.util.Optional.map(Optional.java:260)
	at org.springframework.data.repository.core.support.RepositoryFactorySupport.instantiateClass(RepositoryFactorySupport.java:571)
	at org.springframework.data.repository.core.support.RepositoryFactorySupport.getTargetRepositoryViaReflection(RepositoryFactorySupport.java:536)
	at org.springframework.data.elasticsearch.repository.support.ElasticsearchRepositoryFactory.getTargetRepository(ElasticsearchRepositoryFactory.java:79)
	at org.springframework.data.repository.core.support.RepositoryFactorySupport.getRepository(RepositoryFactorySupport.java:317)
	at org.springframework.data.repository.core.support.RepositoryFactoryBeanSupport.lambda$afterPropertiesSet$5(RepositoryFactoryBeanSupport.java:279)
	at org.springframework.data.util.Lazy.getNullable(Lazy.java:245)
	at org.springframework.data.util.Lazy.get(Lazy.java:114)
	at org.springframework.data.repository.core.support.RepositoryFactoryBeanSupport.afterPropertiesSet(RepositoryFactoryBeanSupport.java:285)
	at org.springframework.data.elasticsearch.repository.support.ElasticsearchRepositoryFactoryBean.afterPropertiesSet(ElasticsearchRepositoryFactoryBean.java:69)
	at org.springframework.beans.factory.support.AbstractAutowireCapableBeanFactory.invokeInitMethods(AbstractAutowireCapableBeanFactory.java:1817)
	at org.springframework.beans.factory.support.AbstractAutowireCapableBeanFactory.initializeBean(AbstractAutowireCapableBeanFactory.java:1766)
	... 62 common frames omitted
Caused by: org.springframework.data.elasticsearch.UncategorizedElasticsearchException: [es/indices.create] failed: [resource_already_exists_exception] index [richskill_v1/0I-1zSQ_R_q7CQdFCslPOA] already exists
	at org.springframework.data.elasticsearch.client.elc.ElasticsearchExceptionTranslator.translateExceptionIfPossible(ElasticsearchExceptionTranslator.java:102)
	at org.springframework.data.elasticsearch.client.elc.ElasticsearchExceptionTranslator.translateException(ElasticsearchExceptionTranslator.java:63)
	at org.springframework.data.elasticsearch.client.elc.ChildTemplate.execute(ChildTemplate.java:73)
	at org.springframework.data.elasticsearch.client.elc.IndicesTemplate.doCreate(IndicesTemplate.java:145)
	at org.springframework.data.elasticsearch.client.elc.IndicesTemplate.createWithMapping(IndicesTemplate.java:135)
	at org.springframework.data.elasticsearch.repository.support.SimpleElasticsearchRepository.<init>(SimpleElasticsearchRepository.java:84)
	at java.base/jdk.internal.reflect.DirectConstructorHandleAccessor.newInstance(DirectConstructorHandleAccessor.java:62)
	at java.base/java.lang.reflect.Constructor.newInstanceWithCaller(Constructor.java:502)
	at java.base/java.lang.reflect.Constructor.newInstance(Constructor.java:486)
	at org.springframework.beans.BeanUtils.instantiateClass(BeanUtils.java:211)
	... 75 common frames omitted
Caused by: co.elastic.clients.elasticsearch._types.ElasticsearchException: [es/indices.create] failed: [resource_already_exists_exception] index [richskill_v1/0I-1zSQ_R_q7CQdFCslPOA] already exists
	at co.elastic.clients.transport.rest_client.RestClientTransport.getHighLevelResponse(RestClientTransport.java:334)
	at co.elastic.clients.transport.rest_client.RestClientTransport.performRequest(RestClientTransport.java:154)
	at co.elastic.clients.elasticsearch.indices.ElasticsearchIndicesClient.create(ElasticsearchIndicesClient.java:266)
	at org.springframework.data.elasticsearch.client.elc.IndicesTemplate.lambda$doCreate$0(IndicesTemplate.java:145)
	at org.springframework.data.elasticsearch.client.elc.ChildTemplate.execute(ChildTemplate.java:71)
	... 82 common frames omitted
