[init_osmt.sh] Starting OSMT initialization (OSMT_MODE=api)...
[init_osmt.sh] SETUP_TEST_DATA=false
[init_osmt.sh] FORCE_REBUILD_DATA=false
[init_osmt.sh] Using direct DB vars (DB_USER, DB_PASSWORD, DB_HOST, DB_PORT from Secrets Manager)
[init_osmt.sh] DB connection values:
[init_osmt.sh]   DB_USER: osmt_ro
[init_osmt.sh]   DB_PASSWORD: *** (length: 24)
[init_osmt.sh]   DB_HOST: osmt-staging-usw2.cluster-cteaowu6cscf.us-west-2.rds.amazonaws.com
[init_osmt.sh]   DB_PORT: 3306
[init_osmt.sh]   DB_NAME: osmt_db
[init_osmt.sh] Configured Spring Boot datasource (credentials set separately)
[init_osmt.sh]   SPRING_DATASOURCE_URL: jdbc:mysql://osmt-staging-usw2.cluster-cteaowu6cscf.us-west-2.rds.amazonaws.com:3306/osmt_db
[init_osmt.sh]   SPRING_DATASOURCE_USERNAME: osmt_ro
[init_osmt.sh]   SPRING_DATASOURCE_PASSWORD: *** (length: 24)
[init_osmt.sh]   Host: osmt-staging-usw2.cluster-cteaowu6cscf.us-west-2.rds.amazonaws.com, Port: 3306, Database: osmt_db
[init_osmt.sh] Redis TLS disabled (localhost sidecar container detected)
[init_osmt.sh] Redis TLS disabled
[init_osmt.sh] Configured Spring Boot Redis properties
[init_osmt.sh]   SPRING_DATA_REDIS_HOST: localhost
[init_osmt.sh]   SPRING_DATA_REDIS_PORT: 6379
[init_osmt.sh]   SPRING_DATA_REDIS_SSL_ENABLED: false
[init_osmt.sh]   REDIS_URI (normalized): localhost:6379
[init_osmt.sh] ELASTICSEARCH_USERNAME is not set - OpenSearch will use no authentication (VPC-only access)
[init_osmt.sh] ELASTICSEARCH_PWD is not set - OpenSearch will use no authentication (VPC-only access)
[init_osmt.sh] Elasticsearch credentials summary:
[init_osmt.sh]   ELASTICSEARCH_USERNAME=
[init_osmt.sh]   ES_USERNAME=
[init_osmt.sh]   SPRING_ELASTICSEARCH_USERNAME=
[init_osmt.sh]   ELASTICSEARCH_PWD=
[init_osmt.sh]   ES_PASSWORD=
[init_osmt.sh]   SPRING_ELASTICSEARCH_PASSWORD=
[init_osmt.sh] Waiting for MySQL to be ready...
[init_osmt.sh] MySQL connection details:
[init_osmt.sh]   Host: osmt-staging-usw2.cluster-cteaowu6cscf.us-west-2.rds.amazonaws.com
[init_osmt.sh]   Port: 3306
[init_osmt.sh]   User: osmt_ro
[init_osmt.sh]   Database: osmt_db
[init_osmt.sh] MySQL is ready
[init_osmt.sh] Waiting for Redis to be ready...
[init_osmt.sh] Redis connection details:
[init_osmt.sh]   Host: localhost
[init_osmt.sh]   Port: 6379
[init_osmt.sh] Redis is ready (TCP connection successful)
[init_osmt.sh] Waiting for Elasticsearch to be ready...
[init_osmt.sh] Elasticsearch URI: http://localhost:9200
[init_osmt.sh] Elasticsearch is ready
[init_osmt.sh] Validating ENVIRONMENT variable...
[init_osmt.sh] ENVIRONMENT=staging,apiserver,readonly
[init_osmt.sh] Initialization completed successfully
[init_osmt.sh] Starting OSMT application...
[init_osmt.sh] Executing docker_entrypoint.sh with ENVIRONMENT=staging,apiserver,readonly
[docker_entrypoint.sh] DEBUG: === docker_entrypoint.sh starting ===
[docker_entrypoint.sh] DEBUG: Script arguments: 
[docker_entrypoint.sh] DEBUG: Current working directory: /opt/osmt
[docker_entrypoint.sh] DEBUG: ENVIRONMENT at script start: 'staging,apiserver,readonly'
[docker_entrypoint.sh] DEBUG: SPRING_PROFILES_ACTIVE at script start: '<not set>'
[docker_entrypoint.sh]: Changing directory to /opt/osmt.
[docker_entrypoint.sh] DEBUG: Changed to directory: /opt/osmt
[docker_entrypoint.sh] DEBUG: OSMT_JAR path: /opt/osmt/bin/osmt.jar
[docker_entrypoint.sh] DEBUG: OSMT_JAR exists: yes
[docker_entrypoint.sh]: Validating required and optional environment variables
[docker_entrypoint.sh] DEBUG: ENVIRONMENT variable value: 'staging,apiserver,readonly'
[docker_entrypoint.sh] DEBUG: ENVIRONMENT variable length: 26
[docker_entrypoint.sh] DEBUG: SPRING_PROFILES_ACTIVE variable value: '<not set>'
[docker_entrypoint.sh] DEBUG: SPRING_PROFILES_ACTIVE variable length: 0 (not set)
[docker_entrypoint.sh] DEBUG: Checking required arg: BASE_DOMAIN='osmt.staging.prettygoodskills.com'
[docker_entrypoint.sh] DEBUG: Checking required arg: ENVIRONMENT='staging,apiserver,readonly'
[docker_entrypoint.sh] DEBUG: Checking required arg: DB_URI='osmt_ro:KEItSx6P8BuFAC8ya74pJ21A@osmt-staging-usw2.cluster-cteaowu6cscf.us-west-2.rds.amazonaws.com:3306'
[docker_entrypoint.sh] DEBUG: Checking required arg: REDIS_URI='localhost:6379'
[docker_entrypoint.sh] DEBUG: Checking required arg: ELASTICSEARCH_URI='http://localhost:9200'
[docker_entrypoint.sh] DEBUG: OAuth check: has_oauth_okta=0, has_oauth_google=0
[docker_entrypoint.sh] DEBUG: ENVIRONMENT before OAuth logic: 'staging,apiserver,readonly'
[docker_entrypoint.sh]: OAuth credentials not provided - will use single-auth profile
[docker_entrypoint.sh]: Updated ENVIRONMENT to: staging,apiserver,readonly,single-auth
[docker_entrypoint.sh] DEBUG: ENVIRONMENT after validate(): 'staging,apiserver,readonly,single-auth'
[docker_entrypoint.sh]: Missing environment 'MIGRATIONS_ENABLED'
[docker_entrypoint.sh]:   Defaulting to MIGRATIONS_ENABLED=false
[docker_entrypoint.sh]: Missing environment 'FRONTEND_URL'
[docker_entrypoint.sh]:   Defaulting to FRONTEND_URL=http://osmt.staging.prettygoodskills.com
[docker_entrypoint.sh] DEBUG: After validate(), ENVIRONMENT='staging,apiserver,readonly,single-auth'
[docker_entrypoint.sh]: Skipping BLS and O*NET metadata import
[docker_entrypoint.sh] DEBUG: After import_metadata(), ENVIRONMENT='staging,apiserver,readonly,single-auth'
[docker_entrypoint.sh] DEBUG: Reindex profile string: 'reindex,staging'
[docker_entrypoint.sh]: Building initial index in OSMT ElasticSearch using reindex,staging Spring profiles...
[docker_entrypoint.sh] DEBUG: Checking Elasticsearch credentials for reindex: ELASTICSEARCH_USERNAME=, ELASTICSEARCH_PWD=
[docker_entrypoint.sh] DEBUG: Elasticsearch credentials not provided for reindex - ELASTICSEARCH_USERNAME=<not set>, ELASTICSEARCH_PWD=<not set>
[docker_entrypoint.sh] DEBUG: Reindex java command: /bin/java
      -Dspring.profiles.active=reindex,staging
      -Dredis.uri=localhost:6379
      -Ddb.uri=osmt_ro:KEItSx6P8BuFAC8ya74pJ21A@osmt-staging-usw2.cluster-cteaowu6cscf.us-west-2.rds.amazonaws.com:3306
      -Des.uri=http://localhost:9200
      -Dspring.flyway.enabled=false
      -jar /opt/osmt/bin/osmt.jar
[docker_entrypoint.sh] DEBUG: Executing java command (attempt)
-2026-04-15 00:15:23.027 -DEBUG 29 [] --- [           main] o.s.boot.ApplicationEnvironment          : Activating profiles [reindex, staging]
  .   ____          _            __ _ _
 /\\ / ___'_ __ _ _(_)_ __  __ _ \ \ \ \
( ( )\___ | '_ | '_| | '_ \/ _` | \ \ \ \
 \\/  ___)| |_)| | | | | || (_| |  ) ) ) )
  '  |____| .__|_| |_|_| |_\__, | / / / /
 =========|_|==============|___/=/_/_/_/
 :: Spring Boot ::                (v3.1.2)
-2026-04-15 00:15:23.397 - INFO 29 [] --- [           main] edu.wgu.osmt.ApplicationKt               : Starting ApplicationKt using Java 21.0.10 with PID 29 (/opt/osmt/bin/osmt.jar started by osmt in /opt/osmt)
-2026-04-15 00:15:23.402 - INFO 29 [] --- [           main] edu.wgu.osmt.ApplicationKt               : The following 2 profiles are active: "reindex", "staging"
-2026-04-15 00:15:23.415 -DEBUG 29 [] --- [           main] o.s.boot.SpringApplication               : Loading source class edu.wgu.osmt.Application
-2026-04-15 00:15:27.177 - INFO 29 [] --- [           main] .s.d.r.c.RepositoryConfigurationDelegate : Multiple Spring Data modules found, entering strict repository configuration mode
-2026-04-15 00:15:27.178 - INFO 29 [] --- [           main] .s.d.r.c.RepositoryConfigurationDelegate : Bootstrapping Spring Data Elasticsearch repositories in DEFAULT mode.
-2026-04-15 00:15:27.212 - INFO 29 [] --- [           main] .s.d.r.c.RepositoryConfigurationDelegate : Finished Spring Data repository scanning in 17 ms. Found 0 Elasticsearch repository interfaces.
-2026-04-15 00:15:27.213 - INFO 29 [] --- [           main] .s.d.r.c.RepositoryConfigurationDelegate : Multiple Spring Data modules found, entering strict repository configuration mode
-2026-04-15 00:15:27.221 - INFO 29 [] --- [           main] .s.d.r.c.RepositoryConfigurationDelegate : Bootstrapping Spring Data Elasticsearch repositories in DEFAULT mode.
-2026-04-15 00:15:27.481 - INFO 29 [] --- [           main] .s.d.r.c.RepositoryConfigurationDelegate : Finished Spring Data repository scanning in 259 ms. Found 1 Elasticsearch repository interfaces.
-2026-04-15 00:15:27.482 - INFO 29 [] --- [           main] .s.d.r.c.RepositoryConfigurationDelegate : Multiple Spring Data modules found, entering strict repository configuration mode
-2026-04-15 00:15:27.482 - INFO 29 [] --- [           main] .s.d.r.c.RepositoryConfigurationDelegate : Bootstrapping Spring Data Elasticsearch repositories in DEFAULT mode.
-2026-04-15 00:15:27.529 - INFO 29 [] --- [           main] .s.d.r.c.RepositoryConfigurationDelegate : Finished Spring Data repository scanning in 47 ms. Found 1 Elasticsearch repository interfaces.
-2026-04-15 00:15:27.530 - INFO 29 [] --- [           main] .s.d.r.c.RepositoryConfigurationDelegate : Multiple Spring Data modules found, entering strict repository configuration mode
-2026-04-15 00:15:27.530 - INFO 29 [] --- [           main] .s.d.r.c.RepositoryConfigurationDelegate : Bootstrapping Spring Data Elasticsearch repositories in DEFAULT mode.
-2026-04-15 00:15:27.546 - INFO 29 [] --- [           main] .s.d.r.c.RepositoryConfigurationDelegate : Finished Spring Data repository scanning in 15 ms. Found 1 Elasticsearch repository interfaces.
-2026-04-15 00:15:27.546 - INFO 29 [] --- [           main] .s.d.r.c.RepositoryConfigurationDelegate : Multiple Spring Data modules found, entering strict repository configuration mode
-2026-04-15 00:15:27.546 - INFO 29 [] --- [           main] .s.d.r.c.RepositoryConfigurationDelegate : Bootstrapping Spring Data Elasticsearch repositories in DEFAULT mode.
-2026-04-15 00:15:27.553 - INFO 29 [] --- [           main] .s.d.r.c.RepositoryConfigurationDelegate : Finished Spring Data repository scanning in 6 ms. Found 1 Elasticsearch repository interfaces.
-2026-04-15 00:15:29.071 - INFO 29 [] --- [           main] .s.d.r.c.RepositoryConfigurationDelegate : Multiple Spring Data modules found, entering strict repository configuration mode
-2026-04-15 00:15:29.072 - INFO 29 [] --- [           main] .s.d.r.c.RepositoryConfigurationDelegate : Bootstrapping Spring Data Reactive Elasticsearch repositories in DEFAULT mode.
-2026-04-15 00:15:29.074 -DEBUG 29 [] --- [           main] o.s.b.a.AutoConfigurationPackages        : @EnableAutoConfiguration was declared on a class in the package 'edu.wgu.osmt'. Automatic @Repository and @Entity scanning is enabled.
-2026-04-15 00:15:29.115 - INFO 29 [] --- [           main] .s.d.r.c.RepositoryConfigurationDelegate : Finished Spring Data repository scanning in 43 ms. Found 0 Reactive Elasticsearch repository interfaces.
-2026-04-15 00:15:31.074 - INFO 29 [] --- [           main] com.zaxxer.hikari.HikariDataSource       : HikariPool-1 - Starting...
-2026-04-15 00:15:32.097 - INFO 29 [] --- [           main] com.zaxxer.hikari.pool.HikariPool        : HikariPool-1 - Added connection com.mysql.cj.jdbc.ConnectionImpl@163df259
-2026-04-15 00:15:32.099 - INFO 29 [] --- [           main] com.zaxxer.hikari.HikariDataSource       : HikariPool-1 - Start completed.
-2026-04-15 00:15:32.208 - INFO 29 [] --- [           main] o.hibernate.jpa.internal.util.LogHelper  : HHH000204: Processing PersistenceUnitInfo [name: default]
-2026-04-15 00:15:32.383 - INFO 29 [] --- [           main] org.hibernate.Version                    : HHH000412: Hibernate ORM core version 6.2.6.Final
-2026-04-15 00:15:32.397 - INFO 29 [] --- [           main] org.hibernate.cfg.Environment            : HHH000406: Using bytecode reflection optimizer
-2026-04-15 00:15:32.759 - INFO 29 [] --- [           main] o.h.b.i.BytecodeProviderInitiator        : HHH000021: Bytecode provider name : bytebuddy
-2026-04-15 00:15:32.950 - INFO 29 [] --- [           main] o.s.o.j.p.SpringPersistenceUnitInfo      : No LoadTimeWeaver setup: ignoring JPA class transformer
-2026-04-15 00:15:33.511 - INFO 29 [] --- [           main] o.h.b.i.BytecodeProviderInitiator        : HHH000021: Bytecode provider name : bytebuddy
-2026-04-15 00:15:33.782 - INFO 29 [] --- [           main] o.h.e.t.j.p.i.JtaPlatformInitiator       : HHH000490: Using JtaPlatform implementation: [org.hibernate.engine.transaction.jta.platform.internal.NoJtaPlatform]
-2026-04-15 00:15:33.796 - INFO 29 [] --- [           main] j.LocalContainerEntityManagerFactoryBean : Initialized JPA EntityManagerFactory for persistence unit 'default'
-2026-04-15 00:15:34.120 -DEBUG 29 [] --- [           main] ySourcesPropertyResolver$DefaultResolver : Found key 'app.baseDomain' in PropertySource 'Config resource 'class path resource [config/application.properties]' via location 'optional:classpath:/config/'' with value of type String
-2026-04-15 00:15:34.120 -DEBUG 29 [] --- [           main] ySourcesPropertyResolver$DefaultResolver : Found key 'app.baseUrl' in PropertySource 'Config resource 'class path resource [config/application.properties]' via location 'optional:classpath:/config/'' with value of type String
-2026-04-15 00:15:34.120 -DEBUG 29 [] --- [           main] ySourcesPropertyResolver$DefaultResolver : Found key 'app.baseDomain' in PropertySource 'Config resource 'class path resource [config/application.properties]' via location 'optional:classpath:/config/'' with value of type String
-2026-04-15 00:15:34.121 -DEBUG 29 [] --- [           main] ySourcesPropertyResolver$DefaultResolver : Found key 'app.defaultAuthorName' in PropertySource 'Config resource 'class path resource [config/application.properties]' via location 'optional:classpath:/config/'' with value of type String
-2026-04-15 00:15:34.122 -DEBUG 29 [] --- [           main] ySourcesPropertyResolver$DefaultResolver : Found key 'app.defaultAuthorUri' in PropertySource 'Config resource 'class path resource [config/application.properties]' via location 'optional:classpath:/config/'' with value of type String
-2026-04-15 00:15:34.122 -DEBUG 29 [] --- [           main] ySourcesPropertyResolver$DefaultResolver : Found key 'app.defaultCreatorUri' in PropertySource 'Config resource 'class path resource [config/application.properties]' via location 'optional:classpath:/config/'' with value of type String
-2026-04-15 00:15:34.123 -DEBUG 29 [] --- [           main] ySourcesPropertyResolver$DefaultResolver : Found key 'app.frontendUrl' in PropertySource 'Config resource 'class path resource [config/application-staging.properties]' via location 'optional:classpath:/config/'' with value of type String
-2026-04-15 00:15:34.127 -DEBUG 29 [] --- [           main] ySourcesPropertyResolver$DefaultResolver : Found key 'app.authMode' in PropertySource 'Config resource 'class path resource [config/application.properties]' via location 'optional:classpath:/config/'' with value of type String
-2026-04-15 00:15:34.128 -DEBUG 29 [] --- [           main] ySourcesPropertyResolver$DefaultResolver : Found key 'app.oauth2.rolesClaim' in PropertySource 'Config resource 'class path resource [config/application.properties]' via location 'optional:classpath:/config/'' with value of type String
-2026-04-15 00:15:34.129 -DEBUG 29 [] --- [           main] ySourcesPropertyResolver$DefaultResolver : Found key 'app.loginSuccessRedirectUrl' in PropertySource 'Config resource 'class path resource [config/application.properties]' via location 'optional:classpath:/config/'' with value of type String
-2026-04-15 00:15:34.129 -DEBUG 29 [] --- [           main] ySourcesPropertyResolver$DefaultResolver : Found key 'app.frontendUrl' in PropertySource 'Config resource 'class path resource [config/application-staging.properties]' via location 'optional:classpath:/config/'' with value of type String
-2026-04-15 00:15:34.130 -DEBUG 29 [] --- [           main] ySourcesPropertyResolver$DefaultResolver : Found key 'app.userName' in PropertySource 'Config resource 'class path resource [config/application.properties]' via location 'optional:classpath:/config/'' with value of type String
-2026-04-15 00:15:34.131 -DEBUG 29 [] --- [           main] ySourcesPropertyResolver$DefaultResolver : Found key 'app.userIdentifier' in PropertySource 'Config resource 'class path resource [config/application.properties]' via location 'optional:classpath:/config/'' with value of type String
-2026-04-15 00:15:34.134 -DEBUG 29 [] --- [           main] ySourcesPropertyResolver$DefaultResolver : Found key 'app.allowPublicSearching' in PropertySource 'Config resource 'class path resource [config/application.properties]' via location 'optional:classpath:/config/'' with value of type String
-2026-04-15 00:15:34.135 -DEBUG 29 [] --- [           main] ySourcesPropertyResolver$DefaultResolver : Found key 'app.allowPublicLists' in PropertySource 'Config resource 'class path resource [config/application.properties]' via location 'optional:classpath:/config/'' with value of type String
-2026-04-15 00:15:34.135 -DEBUG 29 [] --- [           main] ySourcesPropertyResolver$DefaultResolver : Found key 'app.publicKeywordLimit' in PropertySource 'Config resource 'class path resource [config/application.properties]' via location 'optional:classpath:/config/'' with value of type String
-2026-04-15 00:15:34.136 -DEBUG 29 [] --- [           main] ySourcesPropertyResolver$DefaultResolver : Found key 'app.enableRoles' in PropertySource 'Config resource 'class path resource [config/application.properties]' via location 'optional:classpath:/config/'' with value of type String
-2026-04-15 00:15:34.136 -DEBUG 29 [] --- [           main] ySourcesPropertyResolver$DefaultResolver : Found key 'app.baseLineAuditLogIfEmpty' in PropertySource 'Config resource 'class path resource [config/application.properties]' via location 'optional:classpath:/config/'' with value of type String
-2026-04-15 00:15:34.150 -DEBUG 29 [] --- [           main] ySourcesPropertyResolver$DefaultResolver : Found key 'app.security.cors.allowedOrigins' in PropertySource 'Config resource 'class path resource [config/application.properties]' via location 'optional:classpath:/config/'' with value of type String
-2026-04-15 00:15:34.151 -DEBUG 29 [] --- [           main] ySourcesPropertyResolver$DefaultResolver : Found key 'app.baseUrl' in PropertySource 'Config resource 'class path resource [config/application.properties]' via location 'optional:classpath:/config/'' with value of type String
-2026-04-15 00:15:34.152 -DEBUG 29 [] --- [           main] ySourcesPropertyResolver$DefaultResolver : Found key 'app.baseDomain' in PropertySource 'Config resource 'class path resource [config/application.properties]' via location 'optional:classpath:/config/'' with value of type String
-2026-04-15 00:15:34.203 -DEBUG 29 [] --- [           main] ySourcesPropertyResolver$DefaultResolver : Found key 'app.sessionTokenSecret' in PropertySource 'Config resource 'class path resource [config/application.properties]' via location 'optional:classpath:/config/'' with value of type String
-2026-04-15 00:15:34.203 -DEBUG 29 [] --- [           main] ySourcesPropertyResolver$DefaultResolver : Found key 'APP_SESSION_TOKEN_SECRET' in PropertySource 'systemEnvironment' with value of type String
-2026-04-15 00:15:34.204 -DEBUG 29 [] --- [           main] ySourcesPropertyResolver$DefaultResolver : Found key 'app.sessionTokenExpirySeconds' in PropertySource 'Config resource 'class path resource [config/application.properties]' via location 'optional:classpath:/config/'' with value of type String
-2026-04-15 00:15:34.204 -DEBUG 29 [] --- [           main] ySourcesPropertyResolver$DefaultResolver : Found key 'APP_SESSION_TOKEN_EXPIRY_SECONDS' in PropertySource 'systemEnvironment' with value of type String
-2026-04-15 00:15:34.205 -DEBUG 29 [] --- [           main] ySourcesPropertyResolver$DefaultResolver : Found key 'app.sessionTokenIssuer' in PropertySource 'Config resource 'class path resource [config/application.properties]' via location 'optional:classpath:/config/'' with value of type String
-2026-04-15 00:15:34.205 -DEBUG 29 [] --- [           main] ySourcesPropertyResolver$DefaultResolver : Found key 'app.readOnlyMode' in PropertySource 'Config resource 'class path resource [config/application.properties]' via location 'optional:classpath:/config/'' with value of type String
-2026-04-15 00:15:34.207 -DEBUG 29 [] --- [           main] ySourcesPropertyResolver$DefaultResolver : Found key 'app.publicInstanceUrl' in PropertySource 'Config resource 'class path resource [config/application.properties]' via location 'optional:classpath:/config/'' with value of type String
-2026-04-15 00:15:34.217 -DEBUG 29 [] --- [           main] ySourcesPropertyResolver$DefaultResolver : Found key 'app.authoringWelcomeMessage' in PropertySource 'Config resource 'class path resource [config/application.properties]' via location 'optional:classpath:/config/'' with value of type String
-2026-04-15 00:15:34.300 -DEBUG 29 [] --- [           main] ySourcesPropertyResolver$DefaultResolver : Found key 'app.baseDomain' in PropertySource 'Config resource 'class path resource [config/application.properties]' via location 'optional:classpath:/config/'' with value of type String
-2026-04-15 00:15:34.300 -DEBUG 29 [] --- [           main] ySourcesPropertyResolver$DefaultResolver : Found key 'app.baseUrl' in PropertySource 'Config resource 'class path resource [config/application.properties]' via location 'optional:classpath:/config/'' with value of type String
-2026-04-15 00:15:34.300 -DEBUG 29 [] --- [           main] ySourcesPropertyResolver$DefaultResolver : Found key 'app.baseDomain' in PropertySource 'Config resource 'class path resource [config/application.properties]' via location 'optional:classpath:/config/'' with value of type String
-2026-04-15 00:15:34.301 -DEBUG 29 [] --- [           main] ySourcesPropertyResolver$DefaultResolver : Found key 'app.defaultAuthorName' in PropertySource 'Config resource 'class path resource [config/application.properties]' via location 'optional:classpath:/config/'' with value of type String
-2026-04-15 00:15:34.302 -DEBUG 29 [] --- [           main] ySourcesPropertyResolver$DefaultResolver : Found key 'app.defaultAuthorUri' in PropertySource 'Config resource 'class path resource [config/application.properties]' via location 'optional:classpath:/config/'' with value of type String
-2026-04-15 00:15:34.302 -DEBUG 29 [] --- [           main] ySourcesPropertyResolver$DefaultResolver : Found key 'app.defaultCreatorUri' in PropertySource 'Config resource 'class path resource [config/application.properties]' via location 'optional:classpath:/config/'' with value of type String
-2026-04-15 00:15:34.302 -DEBUG 29 [] --- [           main] ySourcesPropertyResolver$DefaultResolver : Found key 'app.frontendUrl' in PropertySource 'Config resource 'class path resource [config/application-staging.properties]' via location 'optional:classpath:/config/'' with value of type String
-2026-04-15 00:15:34.303 -DEBUG 29 [] --- [           main] ySourcesPropertyResolver$DefaultResolver : Found key 'app.authMode' in PropertySource 'Config resource 'class path resource [config/application.properties]' via location 'optional:classpath:/config/'' with value of type String
-2026-04-15 00:15:34.305 -DEBUG 29 [] --- [           main] ySourcesPropertyResolver$DefaultResolver : Found key 'app.oauth2.rolesClaim' in PropertySource 'Config resource 'class path resource [config/application.properties]' via location 'optional:classpath:/config/'' with value of type String
-2026-04-15 00:15:34.306 -DEBUG 29 [] --- [           main] ySourcesPropertyResolver$DefaultResolver : Found key 'app.loginSuccessRedirectUrl' in PropertySource 'Config resource 'class path resource [config/application.properties]' via location 'optional:classpath:/config/'' with value of type String
-2026-04-15 00:15:34.306 -DEBUG 29 [] --- [           main] ySourcesPropertyResolver$DefaultResolver : Found key 'app.frontendUrl' in PropertySource 'Config resource 'class path resource [config/application-staging.properties]' via location 'optional:classpath:/config/'' with value of type String
-2026-04-15 00:15:34.306 -DEBUG 29 [] --- [           main] ySourcesPropertyResolver$DefaultResolver : Found key 'app.userName' in PropertySource 'Config resource 'class path resource [config/application.properties]' via location 'optional:classpath:/config/'' with value of type String
-2026-04-15 00:15:34.313 -DEBUG 29 [] --- [           main] ySourcesPropertyResolver$DefaultResolver : Found key 'app.userIdentifier' in PropertySource 'Config resource 'class path resource [config/application.properties]' via location 'optional:classpath:/config/'' with value of type String
-2026-04-15 00:15:34.314 -DEBUG 29 [] --- [           main] ySourcesPropertyResolver$DefaultResolver : Found key 'app.allowPublicSearching' in PropertySource 'Config resource 'class path resource [config/application.properties]' via location 'optional:classpath:/config/'' with value of type String
-2026-04-15 00:15:34.315 -DEBUG 29 [] --- [           main] ySourcesPropertyResolver$DefaultResolver : Found key 'app.allowPublicLists' in PropertySource 'Config resource 'class path resource [config/application.properties]' via location 'optional:classpath:/config/'' with value of type String
-2026-04-15 00:15:34.315 -DEBUG 29 [] --- [           main] ySourcesPropertyResolver$DefaultResolver : Found key 'app.publicKeywordLimit' in PropertySource 'Config resource 'class path resource [config/application.properties]' via location 'optional:classpath:/config/'' with value of type String
-2026-04-15 00:15:34.315 -DEBUG 29 [] --- [           main] ySourcesPropertyResolver$DefaultResolver : Found key 'app.enableRoles' in PropertySource 'Config resource 'class path resource [config/application.properties]' via location 'optional:classpath:/config/'' with value of type String
-2026-04-15 00:15:34.316 -DEBUG 29 [] --- [           main] ySourcesPropertyResolver$DefaultResolver : Found key 'app.baseLineAuditLogIfEmpty' in PropertySource 'Config resource 'class path resource [config/application.properties]' via location 'optional:classpath:/config/'' with value of type String
-2026-04-15 00:15:34.318 -DEBUG 29 [] --- [           main] ySourcesPropertyResolver$DefaultResolver : Found key 'app.security.cors.allowedOrigins' in PropertySource 'Config resource 'class path resource [config/application.properties]' via location 'optional:classpath:/config/'' with value of type String
-2026-04-15 00:15:34.318 -DEBUG 29 [] --- [           main] ySourcesPropertyResolver$DefaultResolver : Found key 'app.baseUrl' in PropertySource 'Config resource 'class path resource [config/application.properties]' via location 'optional:classpath:/config/'' with value of type String
-2026-04-15 00:15:34.319 -DEBUG 29 [] --- [           main] ySourcesPropertyResolver$DefaultResolver : Found key 'app.baseDomain' in PropertySource 'Config resource 'class path resource [config/application.properties]' via location 'optional:classpath:/config/'' with value of type String
-2026-04-15 00:15:34.328 -DEBUG 29 [] --- [           main] ySourcesPropertyResolver$DefaultResolver : Found key 'app.sessionTokenSecret' in PropertySource 'Config resource 'class path resource [config/application.properties]' via location 'optional:classpath:/config/'' with value of type String
-2026-04-15 00:15:34.328 -DEBUG 29 [] --- [           main] ySourcesPropertyResolver$DefaultResolver : Found key 'APP_SESSION_TOKEN_SECRET' in PropertySource 'systemEnvironment' with value of type String
-2026-04-15 00:15:34.332 -DEBUG 29 [] --- [           main] ySourcesPropertyResolver$DefaultResolver : Found key 'app.sessionTokenExpirySeconds' in PropertySource 'Config resource 'class path resource [config/application.properties]' via location 'optional:classpath:/config/'' with value of type String
-2026-04-15 00:15:34.333 -DEBUG 29 [] --- [           main] ySourcesPropertyResolver$DefaultResolver : Found key 'APP_SESSION_TOKEN_EXPIRY_SECONDS' in PropertySource 'systemEnvironment' with value of type String
-2026-04-15 00:15:34.335 -DEBUG 29 [] --- [           main] ySourcesPropertyResolver$DefaultResolver : Found key 'app.sessionTokenIssuer' in PropertySource 'Config resource 'class path resource [config/application.properties]' via location 'optional:classpath:/config/'' with value of type String
-2026-04-15 00:15:34.335 -DEBUG 29 [] --- [           main] ySourcesPropertyResolver$DefaultResolver : Found key 'app.readOnlyMode' in PropertySource 'Config resource 'class path resource [config/application.properties]' via location 'optional:classpath:/config/'' with value of type String
-2026-04-15 00:15:34.337 -DEBUG 29 [] --- [           main] ySourcesPropertyResolver$DefaultResolver : Found key 'app.publicInstanceUrl' in PropertySource 'Config resource 'class path resource [config/application.properties]' via location 'optional:classpath:/config/'' with value of type String
-2026-04-15 00:15:34.337 -DEBUG 29 [] --- [           main] ySourcesPropertyResolver$DefaultResolver : Found key 'app.authoringWelcomeMessage' in PropertySource 'Config resource 'class path resource [config/application.properties]' via location 'optional:classpath:/config/'' with value of type String
-2026-04-15 00:15:34.388 -DEBUG 29 [] --- [           main] ySourcesPropertyResolver$DefaultResolver : Found key 'app.baseDomain' in PropertySource 'Config resource 'class path resource [config/application.properties]' via location 'optional:classpath:/config/'' with value of type String
-2026-04-15 00:15:34.398 -DEBUG 29 [] --- [           main] ySourcesPropertyResolver$DefaultResolver : Found key 'app.frontendUrl' in PropertySource 'Config resource 'class path resource [config/application-staging.properties]' via location 'optional:classpath:/config/'' with value of type String
-2026-04-15 00:15:38.444 -DEBUG 29 [] --- [           main] ySourcesPropertyResolver$DefaultResolver : Found key 'app.baseUrl' in PropertySource 'Config resource 'class path resource [config/application.properties]' via location 'optional:classpath:/config/'' with value of type String
-2026-04-15 00:15:38.444 -DEBUG 29 [] --- [           main] ySourcesPropertyResolver$DefaultResolver : Found key 'app.baseDomain' in PropertySource 'Config resource 'class path resource [config/application.properties]' via location 'optional:classpath:/config/'' with value of type String
-2026-04-15 00:15:39.421 - INFO 29 [] --- [           main] e.w.o.credentialengine.SyncTargetConfig  : Sync target: Credential Engine (apiKey set)
-2026-04-15 00:15:39.758 -DEBUG 29 [] --- [           main] ySourcesPropertyResolver$DefaultResolver : Found key 'edu.wgu.osmt.elasticsearch.Reindex.batch_size' in PropertySource 'Config resource 'class path resource [config/application-reindex.properties]' via location 'optional:classpath:/config/'' with value of type String
-2026-04-15 00:15:39.893 - INFO 29 [] --- [           main] c.g.s.r.l.RqueueMessageListenerContainer : Initializing queue registry
-2026-04-15 00:15:40.653 - INFO 29 [] --- [           main] .r.w.s.RqueueJobMetricsAggregatorService : Starting task aggregation d9933793-10fe-4bfd-ab17-8ba7091285f9
-2026-04-15 00:15:40.656 - INFO 29 [] --- [           main] c.g.s.r.l.RqueueMessageListenerContainer : Starting Rqueue Message container d9933793-10fe-4bfd-ab17-8ba7091285f9
-2026-04-15 00:15:40.658 - WARN 29 [] --- [           main] c.g.s.r.c.ScheduledQueueMessageScheduler : No queues are configured
-2026-04-15 00:15:40.659 - WARN 29 [] --- [           main] .g.s.r.c.ProcessingQueueMessageScheduler : No queues are configured
-2026-04-15 00:15:40.757 -DEBUG 29 [] --- [           main] .s.b.a.l.ConditionEvaluationReportLogger : 
============================
CONDITIONS EVALUATION REPORT
============================
Positive matches:
-----------------
   AopAutoConfiguration matched:
      - @ConditionalOnProperty (spring.aop.auto=true) matched (OnPropertyCondition)
   AopAutoConfiguration.AspectJAutoProxyingConfiguration matched:
      - @ConditionalOnClass found required class 'org.aspectj.weaver.Advice' (OnClassCondition)
   AopAutoConfiguration.AspectJAutoProxyingConfiguration.CglibAutoProxyConfiguration matched:
      - @ConditionalOnProperty (spring.aop.proxy-target-class=true) matched (OnPropertyCondition)
   ApplicationAvailabilityAutoConfiguration#applicationAvailability matched:
      - @ConditionalOnMissingBean (types: org.springframework.boot.availability.ApplicationAvailability; SearchStrategy: all) did not find any beans (OnBeanCondition)
   CacheAutoConfiguration matched:
      - @ConditionalOnClass found required class 'org.springframework.cache.CacheManager' (OnClassCondition)
      - @ConditionalOnBean (types: org.springframework.cache.interceptor.CacheAspectSupport; SearchStrategy: all) found bean 'cacheInterceptor'; @ConditionalOnMissingBean (names: cacheResolver types: org.springframework.cache.CacheManager; SearchStrategy: all) did not find any beans (OnBeanCondition)
   CacheAutoConfiguration#cacheManagerCustomizers matched:
      - @ConditionalOnMissingBean (types: org.springframework.boot.autoconfigure.cache.CacheManagerCustomizers; SearchStrategy: all) did not find any beans (OnBeanCondition)
   CacheAutoConfiguration.CacheManagerEntityManagerFactoryDependsOnPostProcessor matched:
      - @ConditionalOnClass found required class 'org.springframework.orm.jpa.LocalContainerEntityManagerFactoryBean' (OnClassCondition)
      - @ConditionalOnBean (types: org.springframework.orm.jpa.AbstractEntityManagerFactoryBean; SearchStrategy: all) found bean '&entityManagerFactory' (OnBeanCondition)
   CacheMeterBinderProvidersConfiguration matched:
      - @ConditionalOnClass found required class 'io.micrometer.core.instrument.binder.MeterBinder' (OnClassCondition)
   CacheMeterBinderProvidersConfiguration.JCacheCacheMeterBinderProviderConfiguration matched:
      - @ConditionalOnClass found required classes 'org.springframework.cache.jcache.JCacheCache', 'javax.cache.CacheManager' (OnClassCondition)
   CacheMeterBinderProvidersConfiguration.RedisCacheMeterBinderProviderConfiguration matched:
      - @ConditionalOnClass found required class 'org.springframework.data.redis.cache.RedisCache' (OnClassCondition)
   CacheMetricsAutoConfiguration matched:
      - @ConditionalOnBean (types: org.springframework.cache.CacheManager; SearchStrategy: all) found bean 'cacheManager' (OnBeanCondition)
   CacheMetricsRegistrarConfiguration matched:
      - @ConditionalOnBean (types: org.springframework.boot.actuate.metrics.cache.CacheMeterBinderProvider,io.micrometer.core.instrument.MeterRegistry; SearchStrategy: all) found beans 'simpleMeterRegistry', 'redisCacheMeterBinderProvider', 'jCacheCacheMeterBinderProvider' (OnBeanCondition)
   ClientHttpConnectorAutoConfiguration matched:
      - @ConditionalOnClass found required class 'org.springframework.web.reactive.function.client.WebClient' (OnClassCondition)
   ClientHttpConnectorAutoConfiguration#webClientHttpConnector matched:
      - @ConditionalOnMissingBean (types: org.springframework.http.client.reactive.ClientHttpConnector; SearchStrategy: all) did not find any beans (OnBeanCondition)
   ClientHttpConnectorAutoConfiguration#webClientHttpConnectorCustomizer matched:
      - @ConditionalOnBean (types: org.springframework.http.client.reactive.ClientHttpConnector; SearchStrategy: all) found bean 'webClientHttpConnector' (OnBeanCondition)
   ClientHttpConnectorFactoryConfiguration.ReactorNetty matched:
      - @ConditionalOnClass found required class 'reactor.netty.http.client.HttpClient' (OnClassCondition)
      - @ConditionalOnMissingBean (types: org.springframework.boot.autoconfigure.web.reactive.function.client.ClientHttpConnectorFactory; SearchStrategy: all) did not find any beans (OnBeanCondition)
   CodecsAutoConfiguration matched:
      - @ConditionalOnClass found required classes 'org.springframework.http.codec.CodecConfigurer', 'org.springframework.web.reactive.function.client.WebClient' (OnClassCondition)
   CodecsAutoConfiguration.JacksonCodecConfiguration matched:
      - @ConditionalOnClass found required class 'com.fasterxml.jackson.databind.ObjectMapper' (OnClassCondition)
   CodecsAutoConfiguration.JacksonCodecConfiguration#jacksonCodecCustomizer matched:
      - @ConditionalOnBean (types: com.fasterxml.jackson.databind.ObjectMapper; SearchStrategy: all) found bean 'objectMapper' (OnBeanCondition)
   CompositeMeterRegistryAutoConfiguration matched:
      - @ConditionalOnClass found required class 'io.micrometer.core.instrument.composite.CompositeMeterRegistry' (OnClassCondition)
   DataSourceAutoConfiguration matched:
      - @ConditionalOnClass found required classes 'javax.sql.DataSource', 'org.springframework.jdbc.datasource.embedded.EmbeddedDatabaseType' (OnClassCondition)
      - @ConditionalOnMissingBean (types: io.r2dbc.spi.ConnectionFactory; SearchStrategy: all) did not find any beans (OnBeanCondition)
   DataSourceAutoConfiguration.PooledDataSourceConfiguration matched:
      - AnyNestedCondition 1 matched 1 did not; NestedCondition on DataSourceAutoConfiguration.PooledDataSourceCondition.PooledDataSourceAvailable PooledDataSource found supported DataSource; NestedCondition on DataSourceAutoConfiguration.PooledDataSourceCondition.ExplicitType @ConditionalOnProperty (spring.datasource.type) did not find property 'type' (DataSourceAutoConfiguration.PooledDataSourceCondition)
      - @ConditionalOnMissingBean (types: javax.sql.DataSource,javax.sql.XADataSource; SearchStrategy: all) did not find any beans (OnBeanCondition)
   DataSourceAutoConfiguration.PooledDataSourceConfiguration#jdbcConnectionDetails matched:
      - @ConditionalOnMissingBean (types: org.springframework.boot.autoconfigure.jdbc.JdbcConnectionDetails; SearchStrategy: all) did not find any beans (OnBeanCondition)
   DataSourceConfiguration.Hikari matched:
      - @ConditionalOnClass found required class 'com.zaxxer.hikari.HikariDataSource' (OnClassCondition)
      - @ConditionalOnProperty (spring.datasource.type=com.zaxxer.hikari.HikariDataSource) matched (OnPropertyCondition)
      - @ConditionalOnMissingBean (types: javax.sql.DataSource; SearchStrategy: all) did not find any beans (OnBeanCondition)
   DataSourceHealthContributorAutoConfiguration matched:
      - @ConditionalOnClass found required classes 'org.springframework.jdbc.core.JdbcTemplate', 'org.springframework.jdbc.datasource.lookup.AbstractRoutingDataSource' (OnClassCondition)
      - @ConditionalOnEnabledHealthIndicator management.health.db.enabled is true (OnEnabledHealthIndicatorCondition)
      - @ConditionalOnBean (types: javax.sql.DataSource; SearchStrategy: all) found bean 'dataSource' (OnBeanCondition)
   DataSourceHealthContributorAutoConfiguration#dbHealthContributor matched:
      - @ConditionalOnMissingBean (names: dbHealthIndicator,dbHealthContributor; SearchStrategy: all) did not find any beans (OnBeanCondition)
   DataSourceInitializationConfiguration matched:
      - @ConditionalOnClass found required class 'org.springframework.jdbc.datasource.init.DatabasePopulator' (OnClassCondition)
      - @ConditionalOnSingleCandidate (types: javax.sql.DataSource; SearchStrategy: all) found a single bean 'dataSource'; @ConditionalOnMissingBean (types: org.springframework.boot.autoconfigure.sql.init.SqlDataSourceScriptDatabaseInitializer,org.springframework.boot.autoconfigure.sql.init.SqlR2dbcScriptDatabaseInitializer; SearchStrategy: all) did not find any beans (OnBeanCondition)
   DataSourceJmxConfiguration matched:
      - @ConditionalOnProperty (spring.jmx.enabled=true) matched (OnPropertyCondition)
   DataSourceJmxConfiguration.Hikari matched:
      - @ConditionalOnClass found required class 'com.zaxxer.hikari.HikariDataSource' (OnClassCondition)
      - @ConditionalOnSingleCandidate (types: javax.sql.DataSource; SearchStrategy: all) found a single bean 'dataSource' (OnBeanCondition)
   DataSourcePoolMetadataProvidersConfiguration.HikariPoolDataSourceMetadataProviderConfiguration matched:
      - @ConditionalOnClass found required class 'com.zaxxer.hikari.HikariDataSource' (OnClassCondition)
   DataSourcePoolMetricsAutoConfiguration matched:
      - @ConditionalOnClass found required classes 'javax.sql.DataSource', 'io.micrometer.core.instrument.MeterRegistry' (OnClassCondition)
      - @ConditionalOnBean (types: javax.sql.DataSource,io.micrometer.core.instrument.MeterRegistry; SearchStrategy: all) found beans 'simpleMeterRegistry', 'dataSource' (OnBeanCondition)
   DataSourcePoolMetricsAutoConfiguration.DataSourcePoolMetadataMetricsConfiguration matched:
      - @ConditionalOnBean (types: org.springframework.boot.jdbc.metadata.DataSourcePoolMetadataProvider; SearchStrategy: all) found bean 'hikariPoolDataSourceMetadataProvider' (OnBeanCondition)
   DataSourcePoolMetricsAutoConfiguration.HikariDataSourceMetricsConfiguration matched:
      - @ConditionalOnClass found required class 'com.zaxxer.hikari.HikariDataSource' (OnClassCondition)
   DataSourceTransactionManagerAutoConfiguration matched:
      - @ConditionalOnClass found required classes 'org.springframework.jdbc.core.JdbcTemplate', 'org.springframework.transaction.TransactionManager' (OnClassCondition)
   DataSourceTransactionManagerAutoConfiguration.JdbcTransactionManagerConfiguration matched:
      - @ConditionalOnSingleCandidate (types: javax.sql.DataSource; SearchStrategy: all) found a single bean 'dataSource' (OnBeanCondition)
   DiskSpaceHealthContributorAutoConfiguration matched:
      - @ConditionalOnEnabledHealthIndicator management.health.defaults.enabled is considered true (OnEnabledHealthIndicatorCondition)
   DiskSpaceHealthContributorAutoConfiguration#diskSpaceHealthIndicator matched:
      - @ConditionalOnMissingBean (names: diskSpaceHealthIndicator; SearchStrategy: all) did not find any beans (OnBeanCondition)
   ElasticsearchClientAutoConfiguration matched:
      - @ConditionalOnClass found required class 'co.elastic.clients.elasticsearch.ElasticsearchClient' (OnClassCondition)
   ElasticsearchClientConfigurations.ElasticsearchClientConfiguration matched:
      - @ConditionalOnBean (types: co.elastic.clients.transport.ElasticsearchTransport; SearchStrategy: all) found bean 'restClientTransport' (OnBeanCondition)
   ElasticsearchClientConfigurations.ElasticsearchTransportConfiguration matched:
      - @ConditionalOnBean (types: org.elasticsearch.client.RestClient; SearchStrategy: all) found bean 'elasticsearchRestClient'; @ConditionalOnMissingBean (types: co.elastic.clients.transport.ElasticsearchTransport; SearchStrategy: all) did not find any beans (OnBeanCondition)
   ElasticsearchClientConfigurations.JacksonJsonpMapperConfiguration matched:
      - @ConditionalOnClass found required class 'com.fasterxml.jackson.databind.ObjectMapper' (OnClassCondition)
      - @ConditionalOnMissingBean (types: co.elastic.clients.json.JsonpMapper; SearchStrategy: all) did not find any beans (OnBeanCondition)
   ElasticsearchDataAutoConfiguration matched:
      - @ConditionalOnClass found required class 'org.springframework.data.elasticsearch.client.elc.ElasticsearchTemplate' (OnClassCondition)
   ElasticsearchDataConfiguration.BaseConfiguration#elasticsearchConverter matched:
      - @ConditionalOnMissingBean (types: org.springframework.data.elasticsearch.core.convert.ElasticsearchConverter; SearchStrategy: all) did not find any beans (OnBeanCondition)
   ElasticsearchDataConfiguration.BaseConfiguration#elasticsearchMappingContext matched:
      - @ConditionalOnMissingBean (types: org.springframework.data.elasticsearch.core.mapping.SimpleElasticsearchMappingContext; SearchStrategy: all) did not find any beans (OnBeanCondition)
   ElasticsearchDataConfiguration.JavaClientConfiguration matched:
      - @ConditionalOnClass found required class 'co.elastic.clients.elasticsearch.ElasticsearchClient' (OnClassCondition)
   ElasticsearchDataConfiguration.ReactiveRestClientConfiguration#reactiveElasticsearchTemplate matched:
      - @ConditionalOnBean (types: org.springframework.data.elasticsearch.client.elc.ReactiveElasticsearchClient; SearchStrategy: all) found bean 'reactiveElasticsearchClient'; @ConditionalOnMissingBean (names: reactiveElasticsearchTemplate types: org.springframework.data.elasticsearch.core.ReactiveElasticsearchOperations; SearchStrategy: all) did not find any beans (OnBeanCondition)
   ElasticsearchReactiveHealthContributorAutoConfiguration matched:
      - @ConditionalOnClass found required classes 'org.springframework.data.elasticsearch.client.elc.ReactiveElasticsearchClient', 'reactor.core.publisher.Flux' (OnClassCondition)
      - @ConditionalOnEnabledHealthIndicator management.health.elasticsearch.enabled is true (OnEnabledHealthIndicatorCondition)
      - @ConditionalOnBean (types: org.springframework.data.elasticsearch.client.elc.ReactiveElasticsearchClient; SearchStrategy: all) found bean 'reactiveElasticsearchClient' (OnBeanCondition)
   ElasticsearchReactiveHealthContributorAutoConfiguration#elasticsearchHealthContributor matched:
      - @ConditionalOnMissingBean (names: elasticsearchHealthIndicator,elasticsearchHealthContributor; SearchStrategy: all) did not find any beans (OnBeanCondition)
   ElasticsearchRestClientAutoConfiguration matched:
      - @ConditionalOnClass found required class 'org.elasticsearch.client.RestClientBuilder' (OnClassCondition)
   ElasticsearchRestClientConfigurations.RestClientBuilderConfiguration matched:
      - @ConditionalOnMissingBean (types: org.elasticsearch.client.RestClientBuilder; SearchStrategy: all) did not find any beans (OnBeanCondition)
   ElasticsearchRestClientConfigurations.RestClientBuilderConfiguration#elasticsearchConnectionDetails matched:
      - @ConditionalOnMissingBean (types: org.springframework.boot.autoconfigure.elasticsearch.ElasticsearchConnectionDetails; SearchStrategy: all) did not find any beans (OnBeanCondition)
   ElasticsearchRestClientConfigurations.RestClientConfiguration matched:
      - @ConditionalOnMissingBean (types: org.elasticsearch.client.RestClient; SearchStrategy: all) did not find any beans (OnBeanCondition)
   ElasticsearchRestHealthContributorAutoConfiguration matched:
      - @ConditionalOnClass found required class 'org.elasticsearch.client.RestClient' (OnClassCondition)
      - @ConditionalOnEnabledHealthIndicator management.health.elasticsearch.enabled is true (OnEnabledHealthIndicatorCondition)
      - @ConditionalOnBean (types: org.elasticsearch.client.RestClient; SearchStrategy: all) found bean 'elasticsearchRestClient' (OnBeanCondition)
   EndpointAutoConfiguration#endpointCachingOperationInvokerAdvisor matched:
      - @ConditionalOnMissingBean (types: org.springframework.boot.actuate.endpoint.invoker.cache.CachingOperationInvokerAdvisor; SearchStrategy: all) did not find any beans (OnBeanCondition)
   EndpointAutoConfiguration#endpointOperationParameterMapper matched:
      - @ConditionalOnMissingBean (types: org.springframework.boot.actuate.endpoint.invoke.ParameterValueMapper; SearchStrategy: all) did not find any beans (OnBeanCondition)
   GsonAutoConfiguration matched:
      - @ConditionalOnClass found required class 'com.google.gson.Gson' (OnClassCondition)
   GsonAutoConfiguration#gson matched:
      - @ConditionalOnMissingBean (types: com.google.gson.Gson; SearchStrategy: all) did not find any beans (OnBeanCondition)
   GsonAutoConfiguration#gsonBuilder matched:
      - @ConditionalOnMissingBean (types: com.google.gson.GsonBuilder; SearchStrategy: all) did not find any beans (OnBeanCondition)
   GsonHttpMessageConvertersConfiguration matched:
      - @ConditionalOnClass found required class 'com.google.gson.Gson' (OnClassCondition)
   HealthContributorAutoConfiguration#pingHealthContributor matched:
      - @ConditionalOnEnabledHealthIndicator management.health.defaults.enabled is considered true (OnEnabledHealthIndicatorCondition)
   HealthEndpointAutoConfiguration matched:
      - @ConditionalOnAvailableEndpoint marked as exposed by a 'management.endpoints.web.exposure' property (OnAvailableEndpointCondition)
   HealthEndpointConfiguration#healthContributorRegistry matched:
      - @ConditionalOnMissingBean (types: org.springframework.boot.actuate.health.HealthContributorRegistry; SearchStrategy: all) did not find any beans (OnBeanCondition)
   HealthEndpointConfiguration#healthEndpoint matched:
      - @ConditionalOnMissingBean (types: org.springframework.boot.actuate.health.HealthEndpoint; SearchStrategy: all) did not find any beans (OnBeanCondition)
   HealthEndpointConfiguration#healthEndpointGroupMembershipValidator matched:
      - @ConditionalOnProperty (management.endpoint.health.validate-group-membership=true) matched (OnPropertyCondition)
   HealthEndpointConfiguration#healthEndpointGroups matched:
      - @ConditionalOnMissingBean (types: org.springframework.boot.actuate.health.HealthEndpointGroups; SearchStrategy: all) did not find any beans (OnBeanCondition)
   HealthEndpointConfiguration#healthHttpCodeStatusMapper matched:
      - @ConditionalOnMissingBean (types: org.springframework.boot.actuate.health.HttpCodeStatusMapper; SearchStrategy: all) did not find any beans (OnBeanCondition)
   HealthEndpointConfiguration#healthStatusAggregator matched:
      - @ConditionalOnMissingBean (types: org.springframework.boot.actuate.health.StatusAggregator; SearchStrategy: all) did not find any beans (OnBeanCondition)
   HibernateJpaAutoConfiguration matched:
      - @ConditionalOnClass found required classes 'org.springframework.orm.jpa.LocalContainerEntityManagerFactoryBean', 'jakarta.persistence.EntityManager', 'org.hibernate.engine.spi.SessionImplementor' (OnClassCondition)
   HibernateJpaConfiguration matched:
      - @ConditionalOnSingleCandidate (types: javax.sql.DataSource; SearchStrategy: all) found a single bean 'dataSource' (OnBeanCondition)
   HttpClientObservationsAutoConfiguration matched:
      - @ConditionalOnClass found required class 'io.micrometer.observation.Observation' (OnClassCondition)
      - @ConditionalOnBean (types: io.micrometer.observation.ObservationRegistry; SearchStrategy: all) found bean 'observationRegistry' (OnBeanCondition)
   HttpClientObservationsAutoConfiguration.MeterFilterConfiguration matched:
      - @ConditionalOnClass found required class 'io.micrometer.core.instrument.MeterRegistry' (OnClassCondition)
      - @ConditionalOnBean (types: io.micrometer.core.instrument.MeterRegistry; SearchStrategy: all) found bean 'simpleMeterRegistry' (OnBeanCondition)
   HttpMessageConvertersAutoConfiguration matched:
      - @ConditionalOnClass found required class 'org.springframework.http.converter.HttpMessageConverter' (OnClassCondition)
      - NoneNestedConditions 0 matched 1 did not; NestedCondition on HttpMessageConvertersAutoConfiguration.NotReactiveWebApplicationCondition.ReactiveWebApplication not a reactive web application (HttpMessageConvertersAutoConfiguration.NotReactiveWebApplicationCondition)
   HttpMessageConvertersAutoConfiguration#messageConverters matched:
      - @ConditionalOnMissingBean (types: org.springframework.boot.autoconfigure.http.HttpMessageConverters; SearchStrategy: all) did not find any beans (OnBeanCondition)
   HttpMessageConvertersAutoConfiguration.StringHttpMessageConverterConfiguration matched:
      - @ConditionalOnClass found required class 'org.springframework.http.converter.StringHttpMessageConverter' (OnClassCondition)
   HttpMessageConvertersAutoConfiguration.StringHttpMessageConverterConfiguration#stringHttpMessageConverter matched:
      - @ConditionalOnMissingBean (types: org.springframework.http.converter.StringHttpMessageConverter; SearchStrategy: all) did not find any beans (OnBeanCondition)
   InfoContributorAutoConfiguration#gitInfoContributor matched:
      - @ConditionalOnEnabledInfoContributor management.info.git.enabled is true (OnEnabledInfoContributorCondition)
      - @ConditionalOnSingleCandidate (types: org.springframework.boot.info.GitProperties; SearchStrategy: all) found a single bean 'gitProperties'; @ConditionalOnMissingBean (types: org.springframework.boot.actuate.info.GitInfoContributor; SearchStrategy: all) did not find any beans (OnBeanCondition)
   JCacheCacheConfiguration matched:
      - @ConditionalOnClass found required classes 'javax.cache.Caching', 'org.springframework.cache.jcache.JCacheCacheManager' (OnClassCondition)
      - Cache org.springframework.boot.autoconfigure.cache.JCacheCacheConfiguration automatic cache type (CacheCondition)
      - AnyNestedCondition 1 matched 1 did not; NestedCondition on JCacheCacheConfiguration.JCacheAvailableCondition.CustomJCacheCacheManager @ConditionalOnSingleCandidate (types: javax.cache.CacheManager; SearchStrategy: all) did not find any beans; NestedCondition on JCacheCacheConfiguration.JCacheAvailableCondition.JCacheProvider JCache found single JSR-107 provider (JCacheCacheConfiguration.JCacheAvailableCondition)
      - @ConditionalOnMissingBean (types: org.springframework.cache.CacheManager; SearchStrategy: all) did not find any beans (OnBeanCondition)
   JCacheCacheConfiguration#jCacheCacheManager matched:
      - @ConditionalOnMissingBean (types: javax.cache.CacheManager; SearchStrategy: all) did not find any beans (OnBeanCondition)
   JacksonAutoConfiguration matched:
      - @ConditionalOnClass found required class 'com.fasterxml.jackson.databind.ObjectMapper' (OnClassCondition)
   JacksonAutoConfiguration.Jackson2ObjectMapperBuilderCustomizerConfiguration matched:
      - @ConditionalOnClass found required class 'org.springframework.http.converter.json.Jackson2ObjectMapperBuilder' (OnClassCondition)
   JacksonAutoConfiguration.JacksonObjectMapperBuilderConfiguration matched:
      - @ConditionalOnClass found required class 'org.springframework.http.converter.json.Jackson2ObjectMapperBuilder' (OnClassCondition)
   JacksonAutoConfiguration.JacksonObjectMapperBuilderConfiguration#jacksonObjectMapperBuilder matched:
      - @ConditionalOnMissingBean (types: org.springframework.http.converter.json.Jackson2ObjectMapperBuilder; SearchStrategy: all) did not find any beans (OnBeanCondition)
   JacksonAutoConfiguration.JacksonObjectMapperConfiguration matched:
      - @ConditionalOnClass found required class 'org.springframework.http.converter.json.Jackson2ObjectMapperBuilder' (OnClassCondition)
   JacksonAutoConfiguration.ParameterNamesModuleConfiguration matched:
      - @ConditionalOnClass found required class 'com.fasterxml.jackson.module.paramnames.ParameterNamesModule' (OnClassCondition)
   JacksonAutoConfiguration.ParameterNamesModuleConfiguration#parameterNamesModule matched:
      - @ConditionalOnMissingBean (types: com.fasterxml.jackson.module.paramnames.ParameterNamesModule; SearchStrategy: all) did not find any beans (OnBeanCondition)
   JacksonEndpointAutoConfiguration#endpointObjectMapper matched:
      - @ConditionalOnClass found required classes 'com.fasterxml.jackson.databind.ObjectMapper', 'org.springframework.http.converter.json.Jackson2ObjectMapperBuilder' (OnClassCondition)
      - @ConditionalOnProperty (management.endpoints.jackson.isolated-object-mapper) matched (OnPropertyCondition)
   JacksonHttpMessageConvertersConfiguration.MappingJackson2HttpMessageConverterConfiguration matched:
      - @ConditionalOnClass found required class 'com.fasterxml.jackson.databind.ObjectMapper' (OnClassCondition)
      - @ConditionalOnProperty (spring.mvc.converters.preferred-json-mapper=jackson) matched (OnPropertyCondition)
      - @ConditionalOnBean (types: com.fasterxml.jackson.databind.ObjectMapper; SearchStrategy: all) found bean 'objectMapper' (OnBeanCondition)
   JacksonHttpMessageConvertersConfiguration.MappingJackson2HttpMessageConverterConfiguration#mappingJackson2HttpMessageConverter matched:
      - @ConditionalOnMissingBean (types: org.springframework.http.converter.json.MappingJackson2HttpMessageConverter ignored: org.springframework.hateoas.server.mvc.TypeConstrainedMappingJackson2HttpMessageConverter,org.springframework.data.rest.webmvc.alps.AlpsJsonHttpMessageConverter; SearchStrategy: all) did not find any beans (OnBeanCondition)
   JacksonHttpMessageConvertersConfiguration.MappingJackson2XmlHttpMessageConverterConfiguration matched:
      - @ConditionalOnClass found required class 'com.fasterxml.jackson.dataformat.xml.XmlMapper' (OnClassCondition)
      - @ConditionalOnBean (types: org.springframework.http.converter.json.Jackson2ObjectMapperBuilder; SearchStrategy: all) found bean 'jacksonObjectMapperBuilder' (OnBeanCondition)
   JacksonHttpMessageConvertersConfiguration.MappingJackson2XmlHttpMessageConverterConfiguration#mappingJackson2XmlHttpMessageConverter matched:
      - @ConditionalOnMissingBean (types: org.springframework.http.converter.xml.MappingJackson2XmlHttpMessageConverter; SearchStrategy: all) did not find any beans (OnBeanCondition)
   JdbcTemplateAutoConfiguration matched:
      - @ConditionalOnClass found required classes 'javax.sql.DataSource', 'org.springframework.jdbc.core.JdbcTemplate' (OnClassCondition)
      - @ConditionalOnSingleCandidate (types: javax.sql.DataSource; SearchStrategy: all) found a single bean 'dataSource' (OnBeanCondition)
   JdbcTemplateConfiguration matched:
      - @ConditionalOnMissingBean (types: org.springframework.jdbc.core.JdbcOperations; SearchStrategy: all) did not find any beans (OnBeanCondition)
   JpaBaseConfiguration#entityManagerFactory matched:
      - @ConditionalOnMissingBean (types: org.springframework.orm.jpa.LocalContainerEntityManagerFactoryBean,jakarta.persistence.EntityManagerFactory; SearchStrategy: all) did not find any beans (OnBeanCondition)
   JpaBaseConfiguration#entityManagerFactoryBuilder matched:
      - @ConditionalOnMissingBean (types: org.springframework.boot.orm.jpa.EntityManagerFactoryBuilder; SearchStrategy: all) did not find any beans (OnBeanCondition)
   JpaBaseConfiguration#jpaVendorAdapter matched:
      - @ConditionalOnMissingBean (types: org.springframework.orm.jpa.JpaVendorAdapter; SearchStrategy: all) did not find any beans (OnBeanCondition)
   JpaBaseConfiguration.PersistenceManagedTypesConfiguration matched:
      - @ConditionalOnMissingBean (types: org.springframework.orm.jpa.LocalContainerEntityManagerFactoryBean,jakarta.persistence.EntityManagerFactory; SearchStrategy: all) did not find any beans (OnBeanCondition)
   JpaBaseConfiguration.PersistenceManagedTypesConfiguration#persistenceManagedTypes matched:
      - @ConditionalOnMissingBean (types: org.springframework.orm.jpa.persistenceunit.PersistenceManagedTypes; SearchStrategy: all) did not find any beans (OnBeanCondition)
   JtaAutoConfiguration matched:
      - @ConditionalOnClass found required class 'jakarta.transaction.Transaction' (OnClassCondition)
      - @ConditionalOnProperty (spring.jta.enabled) matched (OnPropertyCondition)
   JvmMetricsAutoConfiguration matched:
      - @ConditionalOnClass found required class 'io.micrometer.core.instrument.MeterRegistry' (OnClassCondition)
      - @ConditionalOnBean (types: io.micrometer.core.instrument.MeterRegistry; SearchStrategy: all) found bean 'simpleMeterRegistry' (OnBeanCondition)
   JvmMetricsAutoConfiguration#classLoaderMetrics matched:
      - @ConditionalOnMissingBean (types: io.micrometer.core.instrument.binder.jvm.ClassLoaderMetrics; SearchStrategy: all) did not find any beans (OnBeanCondition)
   JvmMetricsAutoConfiguration#jvmCompilationMetrics matched:
      - @ConditionalOnMissingBean (types: io.micrometer.core.instrument.binder.jvm.JvmCompilationMetrics; SearchStrategy: all) did not find any beans (OnBeanCondition)
   JvmMetricsAutoConfiguration#jvmGcMetrics matched:
      - @ConditionalOnMissingBean (types: io.micrometer.core.instrument.binder.jvm.JvmGcMetrics; SearchStrategy: all) did not find any beans (OnBeanCondition)
   JvmMetricsAutoConfiguration#jvmHeapPressureMetrics matched:
      - @ConditionalOnMissingBean (types: io.micrometer.core.instrument.binder.jvm.JvmHeapPressureMetrics; SearchStrategy: all) did not find any beans (OnBeanCondition)
   JvmMetricsAutoConfiguration#jvmInfoMetrics matched:
      - @ConditionalOnMissingBean (types: io.micrometer.core.instrument.binder.jvm.JvmInfoMetrics; SearchStrategy: all) did not find any beans (OnBeanCondition)
   JvmMetricsAutoConfiguration#jvmMemoryMetrics matched:
      - @ConditionalOnMissingBean (types: io.micrometer.core.instrument.binder.jvm.JvmMemoryMetrics; SearchStrategy: all) did not find any beans (OnBeanCondition)
   JvmMetricsAutoConfiguration#jvmThreadMetrics matched:
      - @ConditionalOnMissingBean (types: io.micrometer.core.instrument.binder.jvm.JvmThreadMetrics; SearchStrategy: all) did not find any beans (OnBeanCondition)
   LettuceConnectionConfiguration matched:
      - @ConditionalOnClass found required class 'io.lettuce.core.RedisClient' (OnClassCondition)
      - @ConditionalOnProperty (spring.data.redis.client-type=lettuce) matched (OnPropertyCondition)
   LettuceConnectionConfiguration#lettuceClientResources matched:
      - @ConditionalOnMissingBean (types: io.lettuce.core.resource.ClientResources; SearchStrategy: all) did not find any beans (OnBeanCondition)
   LettuceMetricsAutoConfiguration matched:
      - @ConditionalOnClass found required classes 'io.lettuce.core.RedisClient', 'io.lettuce.core.metrics.MicrometerCommandLatencyRecorder' (OnClassCondition)
      - @ConditionalOnBean (types: io.micrometer.core.instrument.MeterRegistry; SearchStrategy: all) found bean 'simpleMeterRegistry' (OnBeanCondition)
   LettuceMetricsAutoConfiguration#micrometerOptions matched:
      - @ConditionalOnMissingBean (types: io.lettuce.core.metrics.MicrometerOptions; SearchStrategy: all) did not find any beans (OnBeanCondition)
   LifecycleAutoConfiguration#defaultLifecycleProcessor matched:
      - @ConditionalOnMissingBean (names: lifecycleProcessor; SearchStrategy: current) did not find any beans (OnBeanCondition)
   LogbackMetricsAutoConfiguration matched:
      - @ConditionalOnClass found required classes 'io.micrometer.core.instrument.MeterRegistry', 'ch.qos.logback.classic.LoggerContext', 'org.slf4j.LoggerFactory' (OnClassCondition)
      - LogbackLoggingCondition ILoggerFactory is a Logback LoggerContext (LogbackMetricsAutoConfiguration.LogbackLoggingCondition)
      - @ConditionalOnBean (types: io.micrometer.core.instrument.MeterRegistry; SearchStrategy: all) found bean 'simpleMeterRegistry' (OnBeanCondition)
   LogbackMetricsAutoConfiguration#logbackMetrics matched:
      - @ConditionalOnMissingBean (types: io.micrometer.core.instrument.binder.logging.LogbackMetrics; SearchStrategy: all) did not find any beans (OnBeanCondition)
   MetricsAutoConfiguration matched:
      - @ConditionalOnClass found required class 'io.micrometer.core.annotation.Timed' (OnClassCondition)
   MetricsAutoConfiguration#micrometerClock matched:
      - @ConditionalOnMissingBean (types: io.micrometer.core.instrument.Clock; SearchStrategy: all) did not find any beans (OnBeanCondition)
   NamedParameterJdbcTemplateConfiguration matched:
      - @ConditionalOnSingleCandidate (types: org.springframework.jdbc.core.JdbcTemplate; SearchStrategy: all) found a single bean 'jdbcTemplate'; @ConditionalOnMissingBean (types: org.springframework.jdbc.core.namedparam.NamedParameterJdbcOperations; SearchStrategy: all) did not find any beans (OnBeanCondition)
   NettyAutoConfiguration matched:
      - @ConditionalOnClass found required class 'io.netty.util.NettyRuntime' (OnClassCondition)
   ObservationAutoConfiguration matched:
      - @ConditionalOnClass found required class 'io.micrometer.observation.ObservationRegistry' (OnClassCondition)
   ObservationAutoConfiguration#observationRegistry matched:
      - @ConditionalOnMissingBean (types: io.micrometer.observation.ObservationRegistry; SearchStrategy: all) did not find any beans (OnBeanCondition)
   ObservationAutoConfiguration.MeterObservationHandlerConfiguration matched:
      - @ConditionalOnBean (types: io.micrometer.core.instrument.MeterRegistry; SearchStrategy: all) found bean 'simpleMeterRegistry'; @ConditionalOnMissingBean (types: io.micrometer.core.instrument.observation.MeterObservationHandler; SearchStrategy: all) did not find any beans (OnBeanCondition)
   ObservationAutoConfiguration.MeterObservationHandlerConfiguration.OnlyMetricsMeterObservationHandlerConfiguration matched:
      - @ConditionalOnMissingBean (types: io.micrometer.tracing.Tracer; SearchStrategy: all) did not find any beans (OnBeanCondition)
   ObservationAutoConfiguration.OnlyMetricsConfiguration matched:
      - @ConditionalOnClass found required class 'io.micrometer.core.instrument.MeterRegistry'; @ConditionalOnMissingClass did not find unwanted class 'io.micrometer.tracing.Tracer' (OnClassCondition)
   PersistenceExceptionTranslationAutoConfiguration matched:
      - @ConditionalOnClass found required class 'org.springframework.dao.annotation.PersistenceExceptionTranslationPostProcessor' (OnClassCondition)
   PersistenceExceptionTranslationAutoConfiguration#persistenceExceptionTranslationPostProcessor matched:
      - @ConditionalOnProperty (spring.dao.exceptiontranslation.enabled) matched (OnPropertyCondition)
      - @ConditionalOnMissingBean (types: org.springframework.dao.annotation.PersistenceExceptionTranslationPostProcessor; SearchStrategy: all) did not find any beans (OnBeanCondition)
   ProjectInfoAutoConfiguration#gitProperties matched:
      - GitResource found git info at classpath:git.properties (ProjectInfoAutoConfiguration.GitResourceAvailableCondition)
      - @ConditionalOnMissingBean (types: org.springframework.boot.info.GitProperties; SearchStrategy: all) did not find any beans (OnBeanCondition)
   PropertyPlaceholderAutoConfiguration#propertySourcesPlaceholderConfigurer matched:
      - @ConditionalOnMissingBean (types: org.springframework.context.support.PropertySourcesPlaceholderConfigurer; SearchStrategy: current) did not find any beans (OnBeanCondition)
   ReactiveElasticsearchClientAutoConfiguration matched:
      - @ConditionalOnClass found required classes 'org.springframework.data.elasticsearch.client.elc.ReactiveElasticsearchClient', 'co.elastic.clients.transport.ElasticsearchTransport', 'reactor.core.publisher.Mono' (OnClassCondition)
   ReactiveElasticsearchClientAutoConfiguration#reactiveElasticsearchClient matched:
      - @ConditionalOnBean (types: co.elastic.clients.transport.ElasticsearchTransport; SearchStrategy: all) found bean 'restClientTransport'; @ConditionalOnMissingBean (types: org.springframework.data.elasticsearch.client.elc.ReactiveElasticsearchClient; SearchStrategy: all) did not find any beans (OnBeanCondition)
   ReactiveElasticsearchRepositoriesAutoConfiguration matched:
      - @ConditionalOnClass found required classes 'org.springframework.data.elasticsearch.client.elc.ReactiveElasticsearchClient', 'org.springframework.data.elasticsearch.repository.ReactiveElasticsearchRepository' (OnClassCondition)
      - @ConditionalOnProperty (spring.data.elasticsearch.repositories.enabled=true) matched (OnPropertyCondition)
      - @ConditionalOnMissingBean (types: org.springframework.data.elasticsearch.repository.support.ReactiveElasticsearchRepositoryFactoryBean; SearchStrategy: all) did not find any beans (OnBeanCondition)
   ReactiveHealthEndpointConfiguration matched:
      - @ConditionalOnClass found required class 'reactor.core.publisher.Flux' (OnClassCondition)
      - @ConditionalOnBean (types: org.springframework.boot.actuate.health.HealthEndpoint; SearchStrategy: all) found bean 'healthEndpoint' (OnBeanCondition)
   ReactiveHealthEndpointConfiguration#reactiveHealthContributorRegistry matched:
      - @ConditionalOnMissingBean (types: org.springframework.boot.actuate.health.ReactiveHealthContributorRegistry; SearchStrategy: all) did not find any beans (OnBeanCondition)
   ReactiveOAuth2ClientAutoConfiguration matched:
      - @ConditionalOnClass found required classes 'reactor.core.publisher.Flux', 'org.springframework.security.config.annotation.web.reactive.EnableWebFluxSecurity', 'org.springframework.security.oauth2.client.registration.ClientRegistration' (OnClassCondition)
      - NoneNestedConditions 0 matched 1 did not; NestedCondition on ReactiveOAuth2ClientAutoConfiguration.NonServletApplicationCondition.ServletApplicationCondition not a servlet web application (ReactiveOAuth2ClientAutoConfiguration.NonServletApplicationCondition)
   ReactiveSecurityAutoConfiguration matched:
      - @ConditionalOnClass found required classes 'reactor.core.publisher.Flux', 'org.springframework.security.config.annotation.web.reactive.EnableWebFluxSecurity', 'org.springframework.security.web.server.WebFilterChainProxy', 'org.springframework.web.reactive.config.WebFluxConfigurer' (OnClassCondition)
   ReactorNettyConfigurations.ReactorResourceFactoryConfiguration#reactorResourceFactory matched:
      - @ConditionalOnMissingBean (types: org.springframework.http.client.reactive.ReactorResourceFactory; SearchStrategy: all) did not find any beans (OnBeanCondition)
   RedisAutoConfiguration matched:
      - @ConditionalOnClass found required class 'org.springframework.data.redis.core.RedisOperations' (OnClassCondition)
   RedisAutoConfiguration#redisConnectionDetails matched:
      - @ConditionalOnMissingBean (types: org.springframework.boot.autoconfigure.data.redis.RedisConnectionDetails; SearchStrategy: all) did not find any beans (OnBeanCondition)
   RedisAutoConfiguration#redisTemplate matched:
      - @ConditionalOnSingleCandidate (types: org.springframework.data.redis.connection.RedisConnectionFactory; SearchStrategy: all) found a single bean 'redisConnectionFactory'; @ConditionalOnMissingBean (names: redisTemplate; SearchStrategy: all) did not find any beans (OnBeanCondition)
   RedisAutoConfiguration#stringRedisTemplate matched:
      - @ConditionalOnSingleCandidate (types: org.springframework.data.redis.connection.RedisConnectionFactory; SearchStrategy: all) found a single bean 'redisConnectionFactory'; @ConditionalOnMissingBean (types: org.springframework.data.redis.core.StringRedisTemplate; SearchStrategy: all) did not find any beans (OnBeanCondition)
   RedisHealthContributorAutoConfiguration matched:
      - @ConditionalOnClass found required class 'org.springframework.data.redis.connection.RedisConnectionFactory' (OnClassCondition)
      - @ConditionalOnEnabledHealthIndicator management.health.redis.enabled is true (OnEnabledHealthIndicatorCondition)
      - @ConditionalOnBean (types: org.springframework.data.redis.connection.RedisConnectionFactory; SearchStrategy: all) found bean 'redisConnectionFactory' (OnBeanCondition)
   RedisReactiveAutoConfiguration matched:
      - @ConditionalOnClass found required classes 'org.springframework.data.redis.connection.ReactiveRedisConnectionFactory', 'org.springframework.data.redis.core.ReactiveRedisTemplate', 'reactor.core.publisher.Flux' (OnClassCondition)
   RedisReactiveAutoConfiguration#reactiveRedisTemplate matched:
      - @ConditionalOnBean (types: org.springframework.data.redis.connection.ReactiveRedisConnectionFactory; SearchStrategy: all) found bean 'redisConnectionFactory'; @ConditionalOnMissingBean (names: reactiveRedisTemplate; SearchStrategy: all) did not find any beans (OnBeanCondition)
   RedisReactiveAutoConfiguration#reactiveStringRedisTemplate matched:
      - @ConditionalOnBean (types: org.springframework.data.redis.connection.ReactiveRedisConnectionFactory; SearchStrategy: all) found bean 'redisConnectionFactory'; @ConditionalOnMissingBean (names: reactiveStringRedisTemplate; SearchStrategy: all) did not find any beans (OnBeanCondition)
   RedisReactiveHealthContributorAutoConfiguration matched:
      - @ConditionalOnClass found required classes 'org.springframework.data.redis.connection.ReactiveRedisConnectionFactory', 'reactor.core.publisher.Flux' (OnClassCondition)
      - @ConditionalOnEnabledHealthIndicator management.health.redis.enabled is true (OnEnabledHealthIndicatorCondition)
      - @ConditionalOnBean (types: org.springframework.data.redis.connection.ReactiveRedisConnectionFactory; SearchStrategy: all) found bean 'redisConnectionFactory' (OnBeanCondition)
   RedisReactiveHealthContributorAutoConfiguration#redisHealthContributor matched:
      - @ConditionalOnMissingBean (names: redisHealthIndicator,redisHealthContributor; SearchStrategy: all) did not find any beans (OnBeanCondition)
   RepositoryMetricsAutoConfiguration matched:
      - @ConditionalOnClass found required class 'org.springframework.data.repository.Repository' (OnClassCondition)
      - @ConditionalOnBean (types: io.micrometer.core.instrument.MeterRegistry; SearchStrategy: all) found bean 'simpleMeterRegistry' (OnBeanCondition)
   RepositoryMetricsAutoConfiguration#metricsRepositoryMethodInvocationListener matched:
      - @ConditionalOnMissingBean (types: org.springframework.boot.actuate.metrics.data.MetricsRepositoryMethodInvocationListener; SearchStrategy: all) did not find any beans (OnBeanCondition)
   RepositoryMetricsAutoConfiguration#repositoryTagsProvider matched:
      - @ConditionalOnMissingBean (types: org.springframework.boot.actuate.metrics.data.RepositoryTagsProvider; SearchStrategy: all) did not find any beans (OnBeanCondition)
   RestTemplateAutoConfiguration matched:
      - @ConditionalOnClass found required class 'org.springframework.web.client.RestTemplate' (OnClassCondition)
      - NoneNestedConditions 0 matched 1 did not; NestedCondition on RestTemplateAutoConfiguration.NotReactiveWebApplicationCondition.ReactiveWebApplication not a reactive web application (RestTemplateAutoConfiguration.NotReactiveWebApplicationCondition)
   RestTemplateAutoConfiguration#restTemplateBuilder matched:
      - @ConditionalOnMissingBean (types: org.springframework.boot.web.client.RestTemplateBuilder; SearchStrategy: all) did not find any beans (OnBeanCondition)
   RestTemplateAutoConfiguration#restTemplateBuilderConfigurer matched:
      - @ConditionalOnMissingBean (types: org.springframework.boot.autoconfigure.web.client.RestTemplateBuilderConfigurer; SearchStrategy: all) did not find any beans (OnBeanCondition)
   RestTemplateObservationConfiguration matched:
      - @ConditionalOnClass found required class 'org.springframework.web.client.RestTemplate' (OnClassCondition)
      - @ConditionalOnBean (types: org.springframework.boot.web.client.RestTemplateBuilder; SearchStrategy: all) found bean 'restTemplateBuilder' (OnBeanCondition)
   RqueueListenerAutoConfig#rqueueEndpointManager matched:
      - @ConditionalOnMissingBean (types: com.github.sonus21.rqueue.core.RqueueEndpointManager; SearchStrategy: all) did not find any beans (OnBeanCondition)
   RqueueListenerAutoConfig#rqueueMessageEnqueuer matched:
      - @ConditionalOnMissingBean (types: com.github.sonus21.rqueue.core.RqueueMessageEnqueuer; SearchStrategy: all) did not find any beans (OnBeanCondition)
   RqueueListenerAutoConfig#rqueueMessageHandler matched:
      - @ConditionalOnMissingBean (types: com.github.sonus21.rqueue.listener.RqueueMessageHandler; SearchStrategy: all) did not find any beans (OnBeanCondition)
   RqueueListenerAutoConfig#rqueueMessageListenerContainer matched:
      - @ConditionalOnMissingBean (types: com.github.sonus21.rqueue.listener.RqueueMessageListenerContainer; SearchStrategy: all) did not find any beans (OnBeanCondition)
   RqueueListenerAutoConfig#rqueueMessageManager matched:
      - @ConditionalOnMissingBean (types: com.github.sonus21.rqueue.core.RqueueMessageManager; SearchStrategy: all) did not find any beans (OnBeanCondition)
   RqueueListenerAutoConfig#rqueueMessageTemplate matched:
      - @ConditionalOnMissingBean (types: com.github.sonus21.rqueue.core.RqueueMessageTemplate; SearchStrategy: all) did not find any beans (OnBeanCondition)
   RqueueMetricsAutoConfig matched:
      - @ConditionalOnClass found required class 'io.micrometer.core.instrument.MeterRegistry' (OnClassCondition)
   SecurityAutoConfiguration matched:
      - @ConditionalOnClass found required class 'org.springframework.security.authentication.DefaultAuthenticationEventPublisher' (OnClassCondition)
   SecurityAutoConfiguration#authenticationEventPublisher matched:
      - @ConditionalOnMissingBean (types: org.springframework.security.authentication.AuthenticationEventPublisher; SearchStrategy: all) did not find any beans (OnBeanCondition)
   SimpleMetricsExportAutoConfiguration matched:
      - @ConditionalOnEnabledMetricsExport management.defaults.metrics.export.enabled is considered true (OnMetricsExportEnabledCondition)
      - @ConditionalOnBean (types: io.micrometer.core.instrument.Clock; SearchStrategy: all) found bean 'micrometerClock'; @ConditionalOnMissingBean (types: io.micrometer.core.instrument.MeterRegistry; SearchStrategy: all) did not find any beans (OnBeanCondition)
   SimpleMetricsExportAutoConfiguration#simpleConfig matched:
      - @ConditionalOnMissingBean (types: io.micrometer.core.instrument.simple.SimpleConfig; SearchStrategy: all) did not find any beans (OnBeanCondition)
   SqlInitializationAutoConfiguration matched:
      - @ConditionalOnProperty (spring.sql.init.enabled) matched (OnPropertyCondition)
      - NoneNestedConditions 0 matched 1 did not; NestedCondition on SqlInitializationAutoConfiguration.SqlInitializationModeCondition.ModeIsNever @ConditionalOnProperty (spring.sql.init.mode=never) did not find property 'mode' (SqlInitializationAutoConfiguration.SqlInitializationModeCondition)
   SslAutoConfiguration#sslBundleRegistry matched:
      - @ConditionalOnMissingBean (types: org.springframework.boot.ssl.SslBundleRegistry,org.springframework.boot.ssl.SslBundles; SearchStrategy: all) did not find any beans (OnBeanCondition)
   StartupTimeMetricsListenerAutoConfiguration matched:
      - @ConditionalOnClass found required class 'io.micrometer.core.instrument.MeterRegistry' (OnClassCondition)
      - @ConditionalOnBean (types: io.micrometer.core.instrument.MeterRegistry; SearchStrategy: all) found bean 'simpleMeterRegistry' (OnBeanCondition)
   StartupTimeMetricsListenerAutoConfiguration#startupTimeMetrics matched:
      - @ConditionalOnMissingBean (types: org.springframework.boot.actuate.metrics.startup.StartupTimeMetricsListener; SearchStrategy: all) did not find any beans (OnBeanCondition)
   SystemMetricsAutoConfiguration matched:
      - @ConditionalOnClass found required class 'io.micrometer.core.instrument.MeterRegistry' (OnClassCondition)
      - @ConditionalOnBean (types: io.micrometer.core.instrument.MeterRegistry; SearchStrategy: all) found bean 'simpleMeterRegistry' (OnBeanCondition)
   SystemMetricsAutoConfiguration#diskSpaceMetrics matched:
      - @ConditionalOnMissingBean (types: org.springframework.boot.actuate.metrics.system.DiskSpaceMetricsBinder; SearchStrategy: all) did not find any beans (OnBeanCondition)
   SystemMetricsAutoConfiguration#fileDescriptorMetrics matched:
      - @ConditionalOnMissingBean (types: io.micrometer.core.instrument.binder.system.FileDescriptorMetrics; SearchStrategy: all) did not find any beans (OnBeanCondition)
   SystemMetricsAutoConfiguration#processorMetrics matched:
      - @ConditionalOnMissingBean (types: io.micrometer.core.instrument.binder.system.ProcessorMetrics; SearchStrategy: all) did not find any beans (OnBeanCondition)
   SystemMetricsAutoConfiguration#uptimeMetrics matched:
      - @ConditionalOnMissingBean (types: io.micrometer.core.instrument.binder.system.UptimeMetrics; SearchStrategy: all) did not find any beans (OnBeanCondition)
   TaskExecutionAutoConfiguration matched:
      - @ConditionalOnClass found required class 'org.springframework.scheduling.concurrent.ThreadPoolTaskExecutor' (OnClassCondition)
   TaskExecutionAutoConfiguration#applicationTaskExecutor matched:
      - @ConditionalOnMissingBean (types: java.util.concurrent.Executor; SearchStrategy: all) did not find any beans (OnBeanCondition)
   TaskExecutionAutoConfiguration#taskExecutorBuilder matched:
      - @ConditionalOnMissingBean (types: org.springframework.boot.task.TaskExecutorBuilder; SearchStrategy: all) did not find any beans (OnBeanCondition)
   TaskExecutorMetricsAutoConfiguration matched:
      - @ConditionalOnClass found required class 'io.micrometer.core.instrument.binder.jvm.ExecutorServiceMetrics' (OnClassCondition)
      - @ConditionalOnBean (types: java.util.concurrent.Executor,io.micrometer.core.instrument.MeterRegistry; SearchStrategy: all) found beans 'applicationTaskExecutor', 'simpleMeterRegistry' (OnBeanCondition)
   TaskSchedulingAutoConfiguration matched:
      - @ConditionalOnClass found required class 'org.springframework.scheduling.concurrent.ThreadPoolTaskScheduler' (OnClassCondition)
   TaskSchedulingAutoConfiguration#taskSchedulerBuilder matched:
      - @ConditionalOnMissingBean (types: org.springframework.boot.task.TaskSchedulerBuilder; SearchStrategy: all) did not find any beans (OnBeanCondition)
   TransactionAutoConfiguration matched:
      - @ConditionalOnClass found required class 'org.springframework.transaction.PlatformTransactionManager' (OnClassCondition)
   TransactionAutoConfiguration#platformTransactionManagerCustomizers matched:
      - @ConditionalOnMissingBean (types: org.springframework.boot.autoconfigure.transaction.TransactionManagerCustomizers; SearchStrategy: all) did not find any beans (OnBeanCondition)
   TransactionAutoConfiguration.EnableTransactionManagementConfiguration matched:
      - @ConditionalOnBean (types: org.springframework.transaction.TransactionManager; SearchStrategy: all) found bean 'transactionManager'; @ConditionalOnMissingBean (types: org.springframework.transaction.annotation.AbstractTransactionManagementConfiguration; SearchStrategy: all) did not find any beans (OnBeanCondition)
   TransactionAutoConfiguration.EnableTransactionManagementConfiguration.CglibAutoProxyConfiguration matched:
      - @ConditionalOnProperty (spring.aop.proxy-target-class=true) matched (OnPropertyCondition)
   TransactionAutoConfiguration.TransactionTemplateConfiguration matched:
      - @ConditionalOnSingleCandidate (types: org.springframework.transaction.PlatformTransactionManager; SearchStrategy: all) found a single bean 'transactionManager' (OnBeanCondition)
   TransactionAutoConfiguration.TransactionTemplateConfiguration#transactionTemplate matched:
      - @ConditionalOnMissingBean (types: org.springframework.transaction.support.TransactionOperations; SearchStrategy: all) did not find any beans (OnBeanCondition)
   ValidationAutoConfiguration matched:
      - @ConditionalOnClass found required class 'jakarta.validation.executable.ExecutableValidator' (OnClassCondition)
      - @ConditionalOnResource found location classpath:META-INF/services/jakarta.validation.spi.ValidationProvider (OnResourceCondition)
   ValidationAutoConfiguration#defaultValidator matched:
      - @ConditionalOnMissingBean (types: jakarta.validation.Validator; SearchStrategy: all) did not find any beans (OnBeanCondition)
   ValidationAutoConfiguration#methodValidationPostProcessor matched:
      - @ConditionalOnMissingBean (types: org.springframework.validation.beanvalidation.MethodValidationPostProcessor; SearchStrategy: current) did not find any beans (OnBeanCondition)
   WebClientAutoConfiguration matched:
      - @ConditionalOnClass found required class 'org.springframework.web.reactive.function.client.WebClient' (OnClassCondition)
   WebClientAutoConfiguration#webClientBuilder matched:
      - @ConditionalOnMissingBean (types: org.springframework.web.reactive.function.client.WebClient$Builder; SearchStrategy: all) did not find any beans (OnBeanCondition)
   WebClientAutoConfiguration#webClientSsl matched:
      - @ConditionalOnBean (types: org.springframework.boot.ssl.SslBundles; SearchStrategy: all) found bean 'sslBundleRegistry'; @ConditionalOnMissingBean (types: org.springframework.boot.autoconfigure.web.reactive.function.client.WebClientSsl; SearchStrategy: all) did not find any beans (OnBeanCondition)
   WebClientAutoConfiguration.WebClientCodecsConfiguration matched:
      - @ConditionalOnBean (types: org.springframework.boot.web.codec.CodecCustomizer; SearchStrategy: all) found beans 'jacksonCodecCustomizer', 'defaultCodecCustomizer' (OnBeanCondition)
   WebClientAutoConfiguration.WebClientCodecsConfiguration#exchangeStrategiesCustomizer matched:
      - @ConditionalOnMissingBean (types: org.springframework.boot.autoconfigure.web.reactive.function.client.WebClientCodecCustomizer; SearchStrategy: all) did not find any beans (OnBeanCondition)
   WebClientObservationConfiguration matched:
      - @ConditionalOnClass found required class 'org.springframework.web.reactive.function.client.WebClient' (OnClassCondition)
Negative matches:
-----------------
   ActiveMQAutoConfiguration:
      Did not match:
         - @ConditionalOnClass did not find required class 'jakarta.jms.ConnectionFactory' (OnClassCondition)
   AopAutoConfiguration.AspectJAutoProxyingConfiguration.JdkDynamicAutoProxyConfiguration:
      Did not match:
         - @ConditionalOnProperty (spring.aop.proxy-target-class=false) did not find property 'proxy-target-class' (OnPropertyCondition)
   AopAutoConfiguration.ClassProxyingConfiguration:
      Did not match:
         - @ConditionalOnMissingClass found unwanted class 'org.aspectj.weaver.Advice' (OnClassCondition)
   AppOpticsMetricsExportAutoConfiguration:
      Did not match:
         - @ConditionalOnClass did not find required class 'io.micrometer.appoptics.AppOpticsMeterRegistry' (OnClassCondition)
   ArtemisAutoConfiguration:
      Did not match:
         - @ConditionalOnClass did not find required class 'jakarta.jms.ConnectionFactory' (OnClassCondition)
   AtlasMetricsExportAutoConfiguration:
      Did not match:
         - @ConditionalOnClass did not find required class 'io.micrometer.atlas.AtlasMeterRegistry' (OnClassCondition)
   AuditAutoConfiguration:
      Did not match:
         - @ConditionalOnBean (types: org.springframework.boot.actuate.audit.AuditEventRepository; SearchStrategy: all) did not find any beans of type org.springframework.boot.actuate.audit.AuditEventRepository (OnBeanCondition)
      Matched:
         - @ConditionalOnProperty (management.auditevents.enabled) matched (OnPropertyCondition)
   AuditEventsEndpointAutoConfiguration:
      Did not match:
         - @ConditionalOnAvailableEndpoint no property management.endpoint.auditevents.enabled found so using user defined default from management.endpoints.enabled-by-default (OnAvailableEndpointCondition)
   AvailabilityHealthContributorAutoConfiguration#livenessStateHealthIndicator:
      Did not match:
         - @ConditionalOnProperty (management.health.livenessstate.enabled=true) did not find property 'enabled' (OnPropertyCondition)
   AvailabilityHealthContributorAutoConfiguration#readinessStateHealthIndicator:
      Did not match:
         - @ConditionalOnProperty (management.health.readinessstate.enabled=true) did not find property 'enabled' (OnPropertyCondition)
   AvailabilityProbesAutoConfiguration:
      Did not match:
         - Probes availability not running on a supported cloud platform (AvailabilityProbesAutoConfiguration.ProbesCondition)
   BatchAutoConfiguration:
      Did not match:
         - @ConditionalOnClass did not find required class 'org.springframework.batch.core.launch.JobLauncher' (OnClassCondition)
   BatchObservationAutoConfiguration:
      Did not match:
         - @ConditionalOnClass did not find required class 'org.springframework.batch.core.configuration.annotation.BatchObservabilityBeanPostProcessor' (OnClassCondition)
   BeansEndpointAutoConfiguration:
      Did not match:
         - @ConditionalOnAvailableEndpoint no property management.endpoint.beans.enabled found so using user defined default from management.endpoints.enabled-by-default (OnAvailableEndpointCondition)
   BraveAutoConfiguration:
      Did not match:
         - @ConditionalOnClass did not find required class 'brave.Tracer' (OnClassCondition)
   Cache2kCacheConfiguration:
      Did not match:
         - @ConditionalOnClass did not find required class 'org.cache2k.Cache2kBuilder' (OnClassCondition)
   CacheMeterBinderProvidersConfiguration.Cache2kCacheMeterBinderProviderConfiguration:
      Did not match:
         - @ConditionalOnClass did not find required classes 'org.cache2k.Cache2kBuilder', 'org.cache2k.extra.spring.SpringCache2kCache', 'org.cache2k.extra.micrometer.Cache2kCacheMetrics' (OnClassCondition)
   CacheMeterBinderProvidersConfiguration.CaffeineCacheMeterBinderProviderConfiguration:
      Did not match:
         - @ConditionalOnClass did not find required class 'com.github.benmanes.caffeine.cache.Cache' (OnClassCondition)
   CacheMeterBinderProvidersConfiguration.HazelcastCacheMeterBinderProviderConfiguration:
      Did not match:
         - @ConditionalOnClass did not find required classes 'com.hazelcast.spring.cache.HazelcastCache', 'com.hazelcast.core.Hazelcast' (OnClassCondition)
   CachesEndpointAutoConfiguration:
      Did not match:
         - @ConditionalOnAvailableEndpoint no property management.endpoint.caches.enabled found so using user defined default from management.endpoints.enabled-by-default (OnAvailableEndpointCondition)
      Matched:
         - @ConditionalOnClass found required class 'org.springframework.cache.CacheManager' (OnClassCondition)
   CaffeineCacheConfiguration:
      Did not match:
         - @ConditionalOnClass did not find required class 'com.github.benmanes.caffeine.cache.Caffeine' (OnClassCondition)
   CassandraAutoConfiguration:
      Did not match:
         - @ConditionalOnClass did not find required class 'com.datastax.oss.driver.api.core.CqlSession' (OnClassCondition)
   CassandraDataAutoConfiguration:
      Did not match:
         - @ConditionalOnClass did not find required class 'com.datastax.oss.driver.api.core.CqlSession' (OnClassCondition)
   CassandraHealthContributorAutoConfiguration:
      Did not match:
         - @ConditionalOnClass did not find required class 'com.datastax.oss.driver.api.core.CqlSession' (OnClassCondition)
   CassandraReactiveDataAutoConfiguration:
      Did not match:
         - @ConditionalOnClass did not find required class 'com.datastax.oss.driver.api.core.CqlSession' (OnClassCondition)
   CassandraReactiveHealthContributorAutoConfiguration:
      Did not match:
         - @ConditionalOnClass did not find required class 'com.datastax.oss.driver.api.core.CqlSession' (OnClassCondition)
   CassandraReactiveRepositoriesAutoConfiguration:
      Did not match:
         - @ConditionalOnClass did not find required class 'org.springframework.data.cassandra.ReactiveSession' (OnClassCondition)
   CassandraRepositoriesAutoConfiguration:
      Did not match:
         - @ConditionalOnClass did not find required class 'com.datastax.oss.driver.api.core.CqlSession' (OnClassCondition)
   ClientHttpConnectorFactoryConfiguration.HttpClient5:
      Did not match:
         - @ConditionalOnClass did not find required classes 'org.apache.hc.client5.http.impl.async.HttpAsyncClients', 'org.apache.hc.core5.http.nio.AsyncRequestProducer', 'org.apache.hc.core5.reactive.ReactiveResponseConsumer' (OnClassCondition)
   ClientHttpConnectorFactoryConfiguration.JdkClient:
      Did not match:
         - @ConditionalOnMissingBean (types: org.springframework.boot.autoconfigure.web.reactive.function.client.ClientHttpConnectorFactory; SearchStrategy: all) found beans of type 'org.springframework.boot.autoconfigure.web.reactive.function.client.ClientHttpConnectorFactory' reactorClientHttpConnectorFactory (OnBeanCondition)
      Matched:
         - @ConditionalOnClass found required class 'java.net.http.HttpClient' (OnClassCondition)
   ClientHttpConnectorFactoryConfiguration.JettyClient:
      Did not match:
         - @ConditionalOnClass did not find required class 'org.eclipse.jetty.reactive.client.ReactiveRequest' (OnClassCondition)
   CloudFoundryActuatorAutoConfiguration:
      Did not match:
         - not a servlet web application (OnWebApplicationCondition)
      Matched:
         - @ConditionalOnClass found required class 'org.springframework.web.servlet.DispatcherServlet' (OnClassCondition)
   CompositeMeterRegistryConfiguration:
      Did not match:
         - NoneNestedConditions 1 matched 1 did not; NestedCondition on CompositeMeterRegistryConfiguration.MultipleNonPrimaryMeterRegistriesCondition.SingleInjectableMeterRegistry @ConditionalOnSingleCandidate (types: io.micrometer.core.instrument.MeterRegistry; SearchStrategy: all) found a single bean 'simpleMeterRegistry'; NestedCondition on CompositeMeterRegistryConfiguration.MultipleNonPrimaryMeterRegistriesCondition.NoMeterRegistryCondition @ConditionalOnMissingBean (types: io.micrometer.core.instrument.MeterRegistry; SearchStrategy: all) found beans of type 'io.micrometer.core.instrument.MeterRegistry' simpleMeterRegistry (CompositeMeterRegistryConfiguration.MultipleNonPrimaryMeterRegistriesCondition)
   ConditionsReportEndpointAutoConfiguration:
      Did not match:
         - @ConditionalOnAvailableEndpoint no property management.endpoint.conditions.enabled found so using user defined default from management.endpoints.enabled-by-default (OnAvailableEndpointCondition)
   ConfigurationPropertiesReportEndpointAutoConfiguration:
      Did not match:
         - @ConditionalOnAvailableEndpoint no property management.endpoint.configprops.enabled found so using user defined default from management.endpoints.enabled-by-default (OnAvailableEndpointCondition)
   ConnectionFactoryHealthContributorAutoConfiguration:
      Did not match:
         - @ConditionalOnClass did not find required class 'io.r2dbc.spi.ConnectionFactory' (OnClassCondition)
   ConnectionPoolMetricsAutoConfiguration:
      Did not match:
         - @ConditionalOnClass did not find required class 'io.r2dbc.pool.ConnectionPool' (OnClassCondition)
   CouchbaseAutoConfiguration:
      Did not match:
         - @ConditionalOnClass did not find required class 'com.couchbase.client.java.Cluster' (OnClassCondition)
   CouchbaseCacheConfiguration:
      Did not match:
         - @ConditionalOnClass did not find required class 'com.couchbase.client.java.Cluster' (OnClassCondition)
   CouchbaseDataAutoConfiguration:
      Did not match:
         - @ConditionalOnClass did not find required class 'com.couchbase.client.java.Bucket' (OnClassCondition)
   CouchbaseHealthContributorAutoConfiguration:
      Did not match:
         - @ConditionalOnClass did not find required class 'com.couchbase.client.java.Cluster' (OnClassCondition)
   CouchbaseReactiveDataAutoConfiguration:
      Did not match:
         - @ConditionalOnClass did not find required class 'com.couchbase.client.java.Cluster' (OnClassCondition)
   CouchbaseReactiveHealthContributorAutoConfiguration:
      Did not match:
         - @ConditionalOnClass did not find required class 'com.couchbase.client.java.Cluster' (OnClassCondition)
   CouchbaseReactiveRepositoriesAutoConfiguration:
      Did not match:
         - @ConditionalOnClass did not find required class 'com.couchbase.client.java.Cluster' (OnClassCondition)
   CouchbaseRepositoriesAutoConfiguration:
      Did not match:
         - @ConditionalOnClass did not find required class 'com.couchbase.client.java.Bucket' (OnClassCondition)
   DataSourceAutoConfiguration.EmbeddedDatabaseConfiguration:
      Did not match:
         - EmbeddedDataSource spring.datasource.url is set (DataSourceAutoConfiguration.EmbeddedDatabaseCondition)
   DataSourceConfiguration.Dbcp2:
      Did not match:
         - @ConditionalOnClass did not find required class 'org.apache.commons.dbcp2.BasicDataSource' (OnClassCondition)
   DataSourceConfiguration.Generic:
      Did not match:
         - @ConditionalOnProperty (spring.datasource.type) did not find property 'spring.datasource.type' (OnPropertyCondition)
   DataSourceConfiguration.OracleUcp:
      Did not match:
         - @ConditionalOnClass did not find required classes 'oracle.ucp.jdbc.PoolDataSourceImpl', 'oracle.jdbc.OracleConnection' (OnClassCondition)
   DataSourceConfiguration.Tomcat:
      Did not match:
         - @ConditionalOnClass did not find required class 'org.apache.tomcat.jdbc.pool.DataSource' (OnClassCondition)
   DataSourceJmxConfiguration.TomcatDataSourceJmxConfiguration:
      Did not match:
         - @ConditionalOnClass did not find required class 'org.apache.tomcat.jdbc.pool.DataSourceProxy' (OnClassCondition)
   DataSourcePoolMetadataProvidersConfiguration.CommonsDbcp2PoolDataSourceMetadataProviderConfiguration:
      Did not match:
         - @ConditionalOnClass did not find required class 'org.apache.commons.dbcp2.BasicDataSource' (OnClassCondition)
   DataSourcePoolMetadataProvidersConfiguration.OracleUcpPoolDataSourceMetadataProviderConfiguration:
      Did not match:
         - @ConditionalOnClass did not find required classes 'oracle.ucp.jdbc.PoolDataSource', 'oracle.jdbc.OracleConnection' (OnClassCondition)
   DataSourcePoolMetadataProvidersConfiguration.TomcatDataSourcePoolMetadataProviderConfiguration:
      Did not match:
         - @ConditionalOnClass did not find required class 'org.apache.tomcat.jdbc.pool.DataSource' (OnClassCondition)
   DataSourceTransactionManagerAutoConfiguration.JdbcTransactionManagerConfiguration#transactionManager:
      Did not match:
         - @ConditionalOnMissingBean (types: org.springframework.transaction.TransactionManager; SearchStrategy: all) found beans of type 'org.springframework.transaction.TransactionManager' transactionManager (OnBeanCondition)
   DatadogMetricsExportAutoConfiguration:
      Did not match:
         - @ConditionalOnClass did not find required class 'io.micrometer.datadog.DatadogMeterRegistry' (OnClassCondition)
   DispatcherServletAutoConfiguration:
      Did not match:
         - not a servlet web application (OnWebApplicationCondition)
      Matched:
         - @ConditionalOnClass found required class 'org.springframework.web.servlet.DispatcherServlet' (OnClassCondition)
   DynatraceMetricsExportAutoConfiguration:
      Did not match:
         - @ConditionalOnClass did not find required class 'io.micrometer.dynatrace.DynatraceMeterRegistry' (OnClassCondition)
   ElasticMetricsExportAutoConfiguration:
      Did not match:
         - @ConditionalOnClass did not find required class 'io.micrometer.elastic.ElasticMeterRegistry' (OnClassCondition)
   ElasticsearchClientConfigurations.ElasticsearchClientConfiguration#elasticsearchClient:
      Did not match:
         - @ConditionalOnMissingBean (types: co.elastic.clients.elasticsearch.ElasticsearchClient; SearchStrategy: all) found beans of type 'co.elastic.clients.elasticsearch.ElasticsearchClient' elasticSearchClient (OnBeanCondition)
   ElasticsearchClientConfigurations.JsonbJsonpMapperConfiguration:
      Did not match:
         - @ConditionalOnBean did not find required type 'jakarta.json.bind.Jsonb' (OnBeanCondition)
         - @ConditionalOnBean (types: jakarta.json.bind.Jsonb; SearchStrategy: all) did not find any beans of type jakarta.json.bind.Jsonb (OnBeanCondition)
   ElasticsearchClientConfigurations.SimpleJsonpMapperConfiguration:
      Did not match:
         - @ConditionalOnMissingBean (types: co.elastic.clients.json.JsonpMapper; SearchStrategy: all) found beans of type 'co.elastic.clients.json.JsonpMapper' jacksonJsonpMapper (OnBeanCondition)
   ElasticsearchDataConfiguration.BaseConfiguration#elasticsearchCustomConversions:
      Did not match:
         - @ConditionalOnMissingBean (types: org.springframework.data.elasticsearch.core.convert.ElasticsearchCustomConversions; SearchStrategy: all) found beans of type 'org.springframework.data.elasticsearch.core.convert.ElasticsearchCustomConversions' elasticSearchCustomConversions (OnBeanCondition)
   ElasticsearchDataConfiguration.JavaClientConfiguration#elasticsearchTemplate:
      Did not match:
         - @ConditionalOnMissingBean (names: elasticsearchTemplate types: org.springframework.data.elasticsearch.core.ElasticsearchOperations; SearchStrategy: all) found beans of type 'org.springframework.data.elasticsearch.core.ElasticsearchOperations' elasticsearchTemplate and found beans named elasticsearchTemplate (OnBeanCondition)
   ElasticsearchRepositoriesAutoConfiguration:
      Did not match:
         - @ConditionalOnMissingBean (types: org.springframework.data.elasticsearch.repository.support.ElasticsearchRepositoryFactoryBean; SearchStrategy: all) found beans of type 'org.springframework.data.elasticsearch.repository.support.ElasticsearchRepositoryFactoryBean' &keywordEsRepo, &collectionEsRepo, &richSkillEsRepo, &jobCodeEsRepo (OnBeanCondition)
      Matched:
         - @ConditionalOnClass found required class 'org.springframework.data.elasticsearch.repository.ElasticsearchRepository' (OnClassCondition)
         - @ConditionalOnProperty (spring.data.elasticsearch.repositories.enabled=true) matched (OnPropertyCondition)
   ElasticsearchRestClientConfigurations.RestClientSnifferConfiguration:
      Did not match:
         - @ConditionalOnClass did not find required class 'org.elasticsearch.client.sniff.Sniffer' (OnClassCondition)
   ElasticsearchRestHealthContributorAutoConfiguration#elasticsearchHealthContributor:
      Did not match:
         - @ConditionalOnMissingBean (names: elasticsearchHealthIndicator,elasticsearchHealthContributor; SearchStrategy: all) found beans named elasticsearchHealthContributor (OnBeanCondition)
   EmbeddedLdapAutoConfiguration:
      Did not match:
         - @ConditionalOnClass did not find required class 'com.unboundid.ldap.listener.InMemoryDirectoryServer' (OnClassCondition)
   EmbeddedWebServerFactoryCustomizerAutoConfiguration:
      Did not match:
         - @ConditionalOnWebApplication (required) not a servlet web application and not a reactive web application (OnWebApplicationCondition)
   EnvironmentEndpointAutoConfiguration:
      Did not match:
         - @ConditionalOnAvailableEndpoint no property management.endpoint.env.enabled found so using user defined default from management.endpoints.enabled-by-default (OnAvailableEndpointCondition)
   ErrorMvcAutoConfiguration:
      Did not match:
         - not a servlet web application (OnWebApplicationCondition)
      Matched:
         - @ConditionalOnClass found required classes 'jakarta.servlet.Servlet', 'org.springframework.web.servlet.DispatcherServlet' (OnClassCondition)
   ErrorWebFluxAutoConfiguration:
      Did not match:
         - not a reactive web application (OnWebApplicationCondition)
      Matched:
         - @ConditionalOnClass found required class 'org.springframework.web.reactive.config.WebFluxConfigurer' (OnClassCondition)
   FlywayAutoConfiguration:
      Did not match:
         - @ConditionalOnProperty (spring.flyway.enabled) found different value in property 'enabled' (OnPropertyCondition)
      Matched:
         - @ConditionalOnClass found required class 'org.flywaydb.core.Flyway' (OnClassCondition)
   FlywayEndpointAutoConfiguration:
      Did not match:
         - @ConditionalOnAvailableEndpoint no property management.endpoint.flyway.enabled found so using user defined default from management.endpoints.enabled-by-default (OnAvailableEndpointCondition)
      Matched:
         - @ConditionalOnClass found required class 'org.flywaydb.core.Flyway' (OnClassCondition)
   FreeMarkerAutoConfiguration:
      Did not match:
         - @ConditionalOnClass did not find required class 'freemarker.template.Configuration' (OnClassCondition)
   GangliaMetricsExportAutoConfiguration:
      Did not match:
         - @ConditionalOnClass did not find required class 'io.micrometer.ganglia.GangliaMeterRegistry' (OnClassCondition)
   GenericCacheConfiguration:
      Did not match:
         - @ConditionalOnBean (types: org.springframework.cache.Cache; SearchStrategy: all) did not find any beans of type org.springframework.cache.Cache (OnBeanCondition)
      Matched:
         - Cache org.springframework.boot.autoconfigure.cache.GenericCacheConfiguration automatic cache type (CacheCondition)
   GraphQlAutoConfiguration:
      Did not match:
         - @ConditionalOnClass did not find required class 'graphql.GraphQL' (OnClassCondition)
   GraphQlObservationAutoConfiguration:
      Did not match:
         - @ConditionalOnClass did not find required class 'graphql.GraphQL' (OnClassCondition)
   GraphQlQueryByExampleAutoConfiguration:
      Did not match:
         - @ConditionalOnClass did not find required class 'graphql.GraphQL' (OnClassCondition)
   GraphQlQuerydslAutoConfiguration:
      Did not match:
         - @ConditionalOnClass did not find required class 'graphql.GraphQL' (OnClassCondition)
   GraphQlRSocketAutoConfiguration:
      Did not match:
         - @ConditionalOnClass did not find required class 'graphql.GraphQL' (OnClassCondition)
   GraphQlReactiveQueryByExampleAutoConfiguration:
      Did not match:
         - @ConditionalOnClass did not find required class 'graphql.GraphQL' (OnClassCondition)
   GraphQlReactiveQuerydslAutoConfiguration:
      Did not match:
         - @ConditionalOnClass did not find required class 'graphql.GraphQL' (OnClassCondition)
   GraphQlWebFluxAutoConfiguration:
      Did not match:
         - @ConditionalOnClass did not find required class 'graphql.GraphQL' (OnClassCondition)
   GraphQlWebFluxSecurityAutoConfiguration:
      Did not match:
         - @ConditionalOnClass did not find required class 'graphql.GraphQL' (OnClassCondition)
   GraphQlWebMvcAutoConfiguration:
      Did not match:
         - @ConditionalOnClass did not find required class 'graphql.GraphQL' (OnClassCondition)
   GraphQlWebMvcSecurityAutoConfiguration:
      Did not match:
         - @ConditionalOnClass did not find required class 'graphql.GraphQL' (OnClassCondition)
   GraphiteMetricsExportAutoConfiguration:
      Did not match:
         - @ConditionalOnClass did not find required class 'io.micrometer.graphite.GraphiteMeterRegistry' (OnClassCondition)
   GroovyTemplateAutoConfiguration:
      Did not match:
         - @ConditionalOnClass did not find required class 'groovy.text.markup.MarkupTemplateEngine' (OnClassCondition)
   GsonHttpMessageConvertersConfiguration.GsonHttpMessageConverterConfiguration:
      Did not match:
         - AnyNestedCondition 0 matched 2 did not; NestedCondition on GsonHttpMessageConvertersConfiguration.PreferGsonOrJacksonAndJsonbUnavailableCondition.JacksonJsonbUnavailable NoneNestedConditions 1 matched 1 did not; NestedCondition on GsonHttpMessageConvertersConfiguration.JacksonAndJsonbUnavailableCondition.JsonbPreferred @ConditionalOnProperty (spring.mvc.converters.preferred-json-mapper=jsonb) did not find property 'spring.mvc.converters.preferred-json-mapper'; NestedCondition on GsonHttpMessageConvertersConfiguration.JacksonAndJsonbUnavailableCondition.JacksonAvailable @ConditionalOnBean (types: org.springframework.http.converter.json.MappingJackson2HttpMessageConverter; SearchStrategy: all) found bean 'mappingJackson2HttpMessageConverter'; NestedCondition on GsonHttpMessageConvertersConfiguration.PreferGsonOrJacksonAndJsonbUnavailableCondition.GsonPreferred @ConditionalOnProperty (spring.mvc.converters.preferred-json-mapper=gson) did not find property 'spring.mvc.converters.preferred-json-mapper' (GsonHttpMessageConvertersConfiguration.PreferGsonOrJacksonAndJsonbUnavailableCondition)
   H2ConsoleAutoConfiguration:
      Did not match:
         - @ConditionalOnClass did not find required class 'org.h2.server.web.JakartaWebServlet' (OnClassCondition)
   HazelcastAutoConfiguration:
      Did not match:
         - @ConditionalOnClass did not find required class 'com.hazelcast.core.HazelcastInstance' (OnClassCondition)
   HazelcastCacheConfiguration:
      Did not match:
         - @ConditionalOnClass did not find required class 'com.hazelcast.core.HazelcastInstance' (OnClassCondition)
   HazelcastHealthContributorAutoConfiguration:
      Did not match:
         - @ConditionalOnClass did not find required class 'com.hazelcast.core.HazelcastInstance' (OnClassCondition)
   HazelcastJCacheCustomizationConfiguration:
      Did not match:
         - @ConditionalOnClass did not find required class 'com.hazelcast.core.HazelcastInstance' (OnClassCondition)
   HazelcastJpaDependencyAutoConfiguration:
      Did not match:
         - @ConditionalOnClass did not find required class 'com.hazelcast.core.HazelcastInstance' (OnClassCondition)
   HealthEndpointReactiveWebExtensionConfiguration:
      Did not match:
         - not a reactive web application (OnWebApplicationCondition)
   HealthEndpointWebExtensionConfiguration:
      Did not match:
         - not a servlet web application (OnWebApplicationCondition)
   HeapDumpWebEndpointAutoConfiguration:
      Did not match:
         - @ConditionalOnAvailableEndpoint no property management.endpoint.heapdump.enabled found so using user defined default from management.endpoints.enabled-by-default (OnAvailableEndpointCondition)
   HibernateMetricsAutoConfiguration:
      Did not match:
         - @ConditionalOnClass did not find required class 'org.hibernate.stat.HibernateMetrics' (OnClassCondition)
   HttpEncodingAutoConfiguration:
      Did not match:
         - not a servlet web application (OnWebApplicationCondition)
      Matched:
         - @ConditionalOnClass found required class 'org.springframework.web.filter.CharacterEncodingFilter' (OnClassCondition)
   HttpExchangesAutoConfiguration:
      Did not match:
         - @ConditionalOnWebApplication (required) not a servlet web application and not a reactive web application (OnWebApplicationCondition)
   HttpExchangesEndpointAutoConfiguration:
      Did not match:
         - @ConditionalOnAvailableEndpoint no property management.endpoint.httpexchanges.enabled found so using user defined default from management.endpoints.enabled-by-default (OnAvailableEndpointCondition)
   HttpHandlerAutoConfiguration:
      Did not match:
         - not a reactive web application (OnWebApplicationCondition)
      Matched:
         - @ConditionalOnClass found required classes 'org.springframework.web.reactive.DispatcherHandler', 'org.springframework.http.server.reactive.HttpHandler' (OnClassCondition)
   HumioMetricsExportAutoConfiguration:
      Did not match:
         - @ConditionalOnClass did not find required class 'io.micrometer.humio.HumioMeterRegistry' (OnClassCondition)
   HypermediaAutoConfiguration:
      Did not match:
         - @ConditionalOnClass did not find required class 'org.springframework.hateoas.EntityModel' (OnClassCondition)
   InfinispanCacheConfiguration:
      Did not match:
         - @ConditionalOnClass did not find required class 'org.infinispan.spring.embedded.provider.SpringEmbeddedCacheManager' (OnClassCondition)
   InfluxDbAutoConfiguration:
      Did not match:
         - @ConditionalOnClass did not find required class 'org.influxdb.InfluxDB' (OnClassCondition)
   InfluxDbHealthContributorAutoConfiguration:
      Did not match:
         - @ConditionalOnClass did not find required class 'org.influxdb.InfluxDB' (OnClassCondition)
   InfluxMetricsExportAutoConfiguration:
      Did not match:
         - @ConditionalOnClass did not find required class 'io.micrometer.influx.InfluxMeterRegistry' (OnClassCondition)
   InfoContributorAutoConfiguration#buildInfoContributor:
      Did not match:
         - @ConditionalOnSingleCandidate (types: org.springframework.boot.info.BuildProperties; SearchStrategy: all) did not find any beans (OnBeanCondition)
      Matched:
         - @ConditionalOnEnabledInfoContributor management.info.defaults.enabled is considered true (OnEnabledInfoContributorCondition)
   InfoContributorAutoConfiguration#envInfoContributor:
      Did not match:
         - @ConditionalOnEnabledInfoContributor management.info.env.enabled is not true (OnEnabledInfoContributorCondition)
   InfoContributorAutoConfiguration#javaInfoContributor:
      Did not match:
         - @ConditionalOnEnabledInfoContributor management.info.java.enabled is not true (OnEnabledInfoContributorCondition)
   InfoContributorAutoConfiguration#osInfoContributor:
      Did not match:
         - @ConditionalOnEnabledInfoContributor management.info.os.enabled is not true (OnEnabledInfoContributorCondition)
   InfoEndpointAutoConfiguration:
      Did not match:
         - @ConditionalOnAvailableEndpoint found property management.endpoint.info.enabled with value false (OnAvailableEndpointCondition)
   IntegrationAutoConfiguration:
      Did not match:
         - @ConditionalOnClass did not find required class 'org.springframework.integration.config.EnableIntegration' (OnClassCondition)
   IntegrationGraphEndpointAutoConfiguration:
      Did not match:
         - @ConditionalOnClass did not find required class 'org.springframework.integration.graph.IntegrationGraphServer' (OnClassCondition)
   JacksonAutoConfiguration.JacksonObjectMapperConfiguration#jacksonObjectMapper:
      Did not match:
         - @ConditionalOnMissingBean (types: com.fasterxml.jackson.databind.ObjectMapper; SearchStrategy: all) found beans of type 'com.fasterxml.jackson.databind.ObjectMapper' objectMapper (OnBeanCondition)
   JdbcRepositoriesAutoConfiguration:
      Did not match:
         - @ConditionalOnProperty (spring.data.jdbc.repositories.enabled=true) found different value in property 'enabled' (OnPropertyCondition)
      Matched:
         - @ConditionalOnClass found required classes 'org.springframework.jdbc.core.namedparam.NamedParameterJdbcOperations', 'org.springframework.data.jdbc.repository.config.AbstractJdbcConfiguration' (OnClassCondition)
   JedisConnectionConfiguration:
      Did not match:
         - @ConditionalOnClass did not find required classes 'org.apache.commons.pool2.impl.GenericObjectPool', 'redis.clients.jedis.Jedis' (OnClassCondition)
   JerseyAutoConfiguration:
      Did not match:
         - @ConditionalOnClass did not find required class 'org.glassfish.jersey.server.spring.SpringComponentProvider' (OnClassCondition)
   JerseyServerMetricsAutoConfiguration:
      Did not match:
         - @ConditionalOnClass did not find required class 'io.micrometer.core.instrument.binder.jersey.server.MetricsApplicationEventListener' (OnClassCondition)
   JettyMetricsAutoConfiguration:
      Did not match:
         - @ConditionalOnClass did not find required class 'org.eclipse.jetty.server.Server' (OnClassCondition)
   JmsAutoConfiguration:
      Did not match:
         - @ConditionalOnClass did not find required class 'jakarta.jms.Message' (OnClassCondition)
   JmsHealthContributorAutoConfiguration:
      Did not match:
         - @ConditionalOnClass did not find required class 'jakarta.jms.ConnectionFactory' (OnClassCondition)
   JmxAutoConfiguration:
      Did not match:
         - @ConditionalOnProperty (spring.jmx.enabled=true) did not find property 'enabled' (OnPropertyCondition)
      Matched:
         - @ConditionalOnClass found required class 'org.springframework.jmx.export.MBeanExporter' (OnClassCondition)
   JmxEndpointAutoConfiguration:
      Did not match:
         - @ConditionalOnProperty (spring.jmx.enabled=true) did not find property 'enabled' (OnPropertyCondition)
   JmxMetricsExportAutoConfiguration:
      Did not match:
         - @ConditionalOnClass did not find required class 'io.micrometer.jmx.JmxMeterRegistry' (OnClassCondition)
   JndiConnectionFactoryAutoConfiguration:
      Did not match:
         - @ConditionalOnClass did not find required class 'org.springframework.jms.core.JmsTemplate' (OnClassCondition)
   JndiDataSourceAutoConfiguration:
      Did not match:
         - @ConditionalOnProperty (spring.datasource.jndi-name) did not find property 'jndi-name' (OnPropertyCondition)
      Matched:
         - @ConditionalOnClass found required classes 'javax.sql.DataSource', 'org.springframework.jdbc.datasource.embedded.EmbeddedDatabaseType' (OnClassCondition)
   JndiJtaConfiguration:
      Did not match:
         - @ConditionalOnJndi JNDI environment is not available (OnJndiCondition)
      Matched:
         - @ConditionalOnClass found required class 'org.springframework.transaction.jta.JtaTransactionManager' (OnClassCondition)
   JooqAutoConfiguration:
      Did not match:
         - @ConditionalOnClass did not find required class 'org.jooq.DSLContext' (OnClassCondition)
   JpaBaseConfiguration#transactionManager:
      Did not match:
         - @ConditionalOnMissingBean (types: org.springframework.transaction.TransactionManager; SearchStrategy: all) found beans of type 'org.springframework.transaction.TransactionManager' transactionManager (OnBeanCondition)
   JpaBaseConfiguration.JpaWebConfiguration:
      Did not match:
         - not a servlet web application (OnWebApplicationCondition)
      Matched:
         - @ConditionalOnClass found required class 'org.springframework.web.servlet.config.annotation.WebMvcConfigurer' (OnClassCondition)
   JpaRepositoriesAutoConfiguration:
      Did not match:
         - @ConditionalOnProperty (spring.data.jpa.repositories.enabled=true) found different value in property 'enabled' (OnPropertyCondition)
      Matched:
         - @ConditionalOnClass found required class 'org.springframework.data.jpa.repository.JpaRepository' (OnClassCondition)
   JsonbAutoConfiguration:
      Did not match:
         - @ConditionalOnClass did not find required class 'jakarta.json.bind.Jsonb' (OnClassCondition)
   JsonbHttpMessageConvertersConfiguration:
      Did not match:
         - @ConditionalOnClass did not find required class 'jakarta.json.bind.Jsonb' (OnClassCondition)
   KafkaAutoConfiguration:
      Did not match:
         - @ConditionalOnClass did not find required class 'org.springframework.kafka.core.KafkaTemplate' (OnClassCondition)
   KafkaMetricsAutoConfiguration:
      Did not match:
         - @ConditionalOnClass did not find required class 'org.springframework.kafka.core.ProducerFactory' (OnClassCondition)
   KairosMetricsExportAutoConfiguration:
      Did not match:
         - @ConditionalOnClass did not find required class 'io.micrometer.kairos.KairosMeterRegistry' (OnClassCondition)
   LdapAutoConfiguration:
      Did not match:
         - @ConditionalOnClass did not find required class 'org.springframework.ldap.core.ContextSource' (OnClassCondition)
   LdapHealthContributorAutoConfiguration:
      Did not match:
         - @ConditionalOnClass did not find required class 'org.springframework.ldap.core.LdapOperations' (OnClassCondition)
   LdapRepositoriesAutoConfiguration:
      Did not match:
         - @ConditionalOnClass did not find required class 'org.springframework.data.ldap.repository.LdapRepository' (OnClassCondition)
   LettuceConnectionConfiguration#redisConnectionFactory:
      Did not match:
         - @ConditionalOnMissingBean (types: org.springframework.data.redis.connection.RedisConnectionFactory; SearchStrategy: all) found beans of type 'org.springframework.data.redis.connection.RedisConnectionFactory' redisConnectionFactory (OnBeanCondition)
   LiquibaseAutoConfiguration:
      Did not match:
         - @ConditionalOnClass did not find required class 'liquibase.change.DatabaseChange' (OnClassCondition)
   LiquibaseEndpointAutoConfiguration:
      Did not match:
         - @ConditionalOnClass did not find required class 'liquibase.integration.spring.SpringLiquibase' (OnClassCondition)
   Log4J2MetricsAutoConfiguration:
      Did not match:
         - @ConditionalOnClass did not find required class 'org.apache.logging.log4j.core.LoggerContext' (OnClassCondition)
   LogFileWebEndpointAutoConfiguration:
      Did not match:
         - @ConditionalOnAvailableEndpoint no property management.endpoint.logfile.enabled found so using user defined default from management.endpoints.enabled-by-default (OnAvailableEndpointCondition)
   LoggersEndpointAutoConfiguration:
      Did not match:
         - @ConditionalOnAvailableEndpoint no property management.endpoint.loggers.enabled found so using user defined default from management.endpoints.enabled-by-default (OnAvailableEndpointCondition)
   MailHealthContributorAutoConfiguration:
      Did not match:
         - @ConditionalOnBean (types: org.springframework.mail.javamail.JavaMailSenderImpl; SearchStrategy: all) did not find any beans of type org.springframework.mail.javamail.JavaMailSenderImpl (OnBeanCondition)
      Matched:
         - @ConditionalOnClass found required class 'org.springframework.mail.javamail.JavaMailSenderImpl' (OnClassCondition)
         - @ConditionalOnEnabledHealthIndicator management.health.defaults.enabled is considered true (OnEnabledHealthIndicatorCondition)
   MailSenderAutoConfiguration:
      Did not match:
         - @ConditionalOnClass did not find required class 'jakarta.mail.internet.MimeMessage' (OnClassCondition)
   MailSenderValidatorAutoConfiguration:
      Did not match:
         - @ConditionalOnProperty (spring.mail.test-connection) did not find property 'test-connection' (OnPropertyCondition)
   ManagementContextAutoConfiguration.DifferentManagementContextConfiguration:
      Did not match:
         - Management Port non web application context (OnManagementPortCondition)
   ManagementContextAutoConfiguration.SameManagementContextConfiguration:
      Did not match:
         - Management Port non web application context (OnManagementPortCondition)
   ManagementWebSecurityAutoConfiguration:
      Did not match:
         - not a servlet web application (OnWebApplicationCondition)
   MappingsEndpointAutoConfiguration:
      Did not match:
         - @ConditionalOnAvailableEndpoint no property management.endpoint.mappings.enabled found so using user defined default from management.endpoints.enabled-by-default (OnAvailableEndpointCondition)
   MessageSourceAutoConfiguration:
      Did not match:
         - ResourceBundle did not find bundle with basename messages (MessageSourceAutoConfiguration.ResourceBundleCondition)
   MetricsEndpointAutoConfiguration:
      Did not match:
         - @ConditionalOnAvailableEndpoint no property management.endpoint.metrics.enabled found so using user defined default from management.endpoints.enabled-by-default (OnAvailableEndpointCondition)
      Matched:
         - @ConditionalOnClass found required class 'io.micrometer.core.annotation.Timed' (OnClassCondition)
   MicrometerTracingAutoConfiguration:
      Did not match:
         - @ConditionalOnClass did not find required class 'io.micrometer.tracing.Tracer' (OnClassCondition)
   MongoAutoConfiguration:
      Did not match:
         - @ConditionalOnClass did not find required class 'com.mongodb.client.MongoClient' (OnClassCondition)
   MongoDataAutoConfiguration:
      Did not match:
         - @ConditionalOnClass did not find required class 'com.mongodb.client.MongoClient' (OnClassCondition)
   MongoHealthContributorAutoConfiguration:
      Did not match:
         - @ConditionalOnClass did not find required class 'org.springframework.data.mongodb.core.MongoTemplate' (OnClassCondition)
   MongoMetricsAutoConfiguration:
      Did not match:
         - @ConditionalOnClass did not find required class 'com.mongodb.MongoClientSettings' (OnClassCondition)
   MongoReactiveAutoConfiguration:
      Did not match:
         - @ConditionalOnClass did not find required class 'com.mongodb.reactivestreams.client.MongoClient' (OnClassCondition)
   MongoReactiveDataAutoConfiguration:
      Did not match:
         - @ConditionalOnClass did not find required class 'com.mongodb.reactivestreams.client.MongoClient' (OnClassCondition)
   MongoReactiveHealthContributorAutoConfiguration:
      Did not match:
         - @ConditionalOnClass did not find required class 'org.springframework.data.mongodb.core.ReactiveMongoTemplate' (OnClassCondition)
   MongoReactiveRepositoriesAutoConfiguration:
      Did not match:
         - @ConditionalOnClass did not find required class 'com.mongodb.reactivestreams.client.MongoClient' (OnClassCondition)
   MongoRepositoriesAutoConfiguration:
      Did not match:
         - @ConditionalOnClass did not find required class 'com.mongodb.client.MongoClient' (OnClassCondition)
   MultipartAutoConfiguration:
      Did not match:
         - not a servlet web application (OnWebApplicationCondition)
      Matched:
         - @ConditionalOnClass found required classes 'jakarta.servlet.Servlet', 'org.springframework.web.multipart.support.StandardServletMultipartResolver', 'jakarta.servlet.MultipartConfigElement' (OnClassCondition)
   MustacheAutoConfiguration:
      Did not match:
         - @ConditionalOnClass did not find required class 'com.samskivert.mustache.Mustache' (OnClassCondition)
   Neo4jAutoConfiguration:
      Did not match:
         - @ConditionalOnClass did not find required class 'org.neo4j.driver.Driver' (OnClassCondition)
   Neo4jDataAutoConfiguration:
      Did not match:
         - @ConditionalOnClass did not find required class 'org.neo4j.driver.Driver' (OnClassCondition)
   Neo4jHealthContributorAutoConfiguration:
      Did not match:
         - @ConditionalOnClass did not find required class 'org.neo4j.driver.Driver' (OnClassCondition)
   Neo4jReactiveDataAutoConfiguration:
      Did not match:
         - @ConditionalOnClass did not find required class 'org.neo4j.driver.Driver' (OnClassCondition)
   Neo4jReactiveRepositoriesAutoConfiguration:
      Did not match:
         - @ConditionalOnClass did not find required class 'org.neo4j.driver.Driver' (OnClassCondition)
   Neo4jRepositoriesAutoConfiguration:
      Did not match:
         - @ConditionalOnClass did not find required class 'org.neo4j.driver.Driver' (OnClassCondition)
   NewRelicMetricsExportAutoConfiguration:
      Did not match:
         - @ConditionalOnClass did not find required class 'io.micrometer.newrelic.NewRelicMeterRegistry' (OnClassCondition)
   NoOpCacheConfiguration:
      Did not match:
         - @ConditionalOnMissingBean (types: org.springframework.cache.CacheManager; SearchStrategy: all) found beans of type 'org.springframework.cache.CacheManager' cacheManager (OnBeanCondition)
      Matched:
         - Cache org.springframework.boot.autoconfigure.cache.NoOpCacheConfiguration automatic cache type (CacheCondition)
   NoOpMeterRegistryConfiguration:
      Did not match:
         - @ConditionalOnMissingBean (types: io.micrometer.core.instrument.MeterRegistry; SearchStrategy: all) found beans of type 'io.micrometer.core.instrument.MeterRegistry' simpleMeterRegistry (OnBeanCondition)
   OAuth2AuthorizationServerAutoConfiguration:
      Did not match:
         - @ConditionalOnClass did not find required class 'org.springframework.security.oauth2.server.authorization.OAuth2Authorization' (OnClassCondition)
   OAuth2AuthorizationServerJwtAutoConfiguration:
      Did not match:
         - @ConditionalOnClass did not find required class 'org.springframework.security.oauth2.server.authorization.OAuth2Authorization' (OnClassCondition)
   OAuth2ClientAutoConfiguration:
      Did not match:
         - not a servlet web application (OnWebApplicationCondition)
      Matched:
         - @ConditionalOnClass found required classes 'org.springframework.security.config.annotation.web.configuration.EnableWebSecurity', 'org.springframework.security.oauth2.client.registration.ClientRegistration' (OnClassCondition)
   OAuth2ResourceServerAutoConfiguration:
      Did not match:
         - not a servlet web application (OnWebApplicationCondition)
      Matched:
         - @ConditionalOnClass found required class 'org.springframework.security.oauth2.server.resource.authentication.BearerTokenAuthenticationToken' (OnClassCondition)
   ObservationAutoConfiguration.MeterObservationHandlerConfiguration.TracingAndMetricsObservationHandlerConfiguration:
      Did not match:
         - @ConditionalOnBean did not find required type 'io.micrometer.tracing.Tracer' (OnBeanCondition)
         - @ConditionalOnBean (types: io.micrometer.tracing.Tracer; SearchStrategy: all) did not find any beans of type io.micrometer.tracing.Tracer (OnBeanCondition)
   ObservationAutoConfiguration.MetricsWithTracingConfiguration:
      Did not match:
         - @ConditionalOnClass did not find required class 'io.micrometer.tracing.Tracer' (OnClassCondition)
   ObservationAutoConfiguration.OnlyTracingConfiguration:
      Did not match:
         - @ConditionalOnClass did not find required class 'io.micrometer.tracing.Tracer' (OnClassCondition)
   OpenTelemetryAutoConfiguration:
      Did not match:
         - @ConditionalOnClass did not find required class 'io.micrometer.tracing.otel.bridge.OtelTracer' (OnClassCondition)
   OtlpAutoConfiguration:
      Did not match:
         - @ConditionalOnClass did not find required class 'io.micrometer.tracing.otel.bridge.OtelTracer' (OnClassCondition)
   OtlpMetricsExportAutoConfiguration:
      Did not match:
         - @ConditionalOnClass did not find required class 'io.micrometer.registry.otlp.OtlpMeterRegistry' (OnClassCondition)
   ProjectInfoAutoConfiguration#buildProperties:
      Did not match:
         - @ConditionalOnResource did not find resource '${spring.info.build.location:classpath:META-INF/build-info.properties}' (OnResourceCondition)
   PrometheusExemplarsAutoConfiguration:
      Did not match:
         - @ConditionalOnClass did not find required class 'io.micrometer.tracing.Tracer' (OnClassCondition)
   PrometheusMetricsExportAutoConfiguration:
      Did not match:
         - @ConditionalOnClass did not find required class 'io.micrometer.prometheus.PrometheusMeterRegistry' (OnClassCondition)
   QuartzAutoConfiguration:
      Did not match:
         - @ConditionalOnClass did not find required class 'org.quartz.Scheduler' (OnClassCondition)
   QuartzEndpointAutoConfiguration:
      Did not match:
         - @ConditionalOnClass did not find required class 'org.quartz.Scheduler' (OnClassCondition)
   R2dbcAutoConfiguration:
      Did not match:
         - @ConditionalOnClass did not find required class 'io.r2dbc.spi.ConnectionFactory' (OnClassCondition)
   R2dbcDataAutoConfiguration:
      Did not match:
         - @ConditionalOnClass did not find required class 'org.springframework.data.r2dbc.core.R2dbcEntityTemplate' (OnClassCondition)
   R2dbcInitializationConfiguration:
      Did not match:
         - @ConditionalOnClass did not find required classes 'io.r2dbc.spi.ConnectionFactory', 'org.springframework.r2dbc.connection.init.DatabasePopulator' (OnClassCondition)
   R2dbcRepositoriesAutoConfiguration:
      Did not match:
         - @ConditionalOnClass did not find required class 'io.r2dbc.spi.ConnectionFactory' (OnClassCondition)
   R2dbcTransactionManagerAutoConfiguration:
      Did not match:
         - @ConditionalOnClass did not find required class 'org.springframework.r2dbc.connection.R2dbcTransactionManager' (OnClassCondition)
   RSocketGraphQlClientAutoConfiguration:
      Did not match:
         - @ConditionalOnClass did not find required class 'graphql.GraphQL' (OnClassCondition)
   RSocketMessagingAutoConfiguration:
      Did not match:
         - @ConditionalOnClass did not find required class 'io.rsocket.RSocket' (OnClassCondition)
   RSocketRequesterAutoConfiguration:
      Did not match:
         - @ConditionalOnClass did not find required class 'io.rsocket.RSocket' (OnClassCondition)
   RSocketSecurityAutoConfiguration:
      Did not match:
         - @ConditionalOnClass did not find required class 'org.springframework.security.rsocket.core.SecuritySocketAcceptorInterceptor' (OnClassCondition)
   RSocketServerAutoConfiguration:
      Did not match:
         - @ConditionalOnClass did not find required class 'io.rsocket.core.RSocketServer' (OnClassCondition)
   RSocketStrategiesAutoConfiguration:
      Did not match:
         - @ConditionalOnClass did not find required class 'io.rsocket.RSocket' (OnClassCondition)
   RabbitAutoConfiguration:
      Did not match:
         - @ConditionalOnClass did not find required class 'com.rabbitmq.client.Channel' (OnClassCondition)
   RabbitHealthContributorAutoConfiguration:
      Did not match:
         - @ConditionalOnClass did not find required class 'org.springframework.amqp.rabbit.core.RabbitTemplate' (OnClassCondition)
   RabbitMetricsAutoConfiguration:
      Did not match:
         - @ConditionalOnClass did not find required class 'com.rabbitmq.client.ConnectionFactory' (OnClassCondition)
   ReactiveCloudFoundryActuatorAutoConfiguration:
      Did not match:
         - not a reactive web application (OnWebApplicationCondition)
   ReactiveManagementContextAutoConfiguration:
      Did not match:
         - not a reactive web application (OnWebApplicationCondition)
      Matched:
         - @ConditionalOnClass found required class 'reactor.core.publisher.Flux' (OnClassCondition)
   ReactiveManagementWebSecurityAutoConfiguration:
      Did not match:
         - not a reactive web application (OnWebApplicationCondition)
      Matched:
         - @ConditionalOnClass found required classes 'org.springframework.security.config.annotation.web.reactive.EnableWebFluxSecurity', 'org.springframework.security.web.server.WebFilterChainProxy' (OnClassCondition)
   ReactiveMultipartAutoConfiguration:
      Did not match:
         - not a reactive web application (OnWebApplicationCondition)
      Matched:
         - @ConditionalOnClass found required classes 'org.springframework.http.codec.multipart.DefaultPartHttpMessageReader', 'org.springframework.web.reactive.config.WebFluxConfigurer' (OnClassCondition)
   ReactiveOAuth2ClientConfigurations.ReactiveClientRegistrationRepositoryConfiguration:
      Did not match:
         - OAuth2 Clients Configured Condition registered clients is not available (ClientsConfiguredCondition)
   ReactiveOAuth2ClientConfigurations.ReactiveOAuth2ClientConfiguration:
      Did not match:
         - @ConditionalOnBean (types: org.springframework.security.oauth2.client.registration.ReactiveClientRegistrationRepository; SearchStrategy: all) did not find any beans of type org.springframework.security.oauth2.client.registration.ReactiveClientRegistrationRepository (OnBeanCondition)
   ReactiveOAuth2ClientConfigurations.ReactiveOAuth2ClientConfiguration.SecurityWebFilterChainConfiguration:
      Did not match:
         - not a reactive web application (OnWebApplicationCondition)
         - Ancestor org.springframework.boot.autoconfigure.security.oauth2.client.reactive.ReactiveOAuth2ClientConfigurations$ReactiveOAuth2ClientConfiguration did not match (ConditionEvaluationReport.AncestorsMatchedCondition)
   ReactiveOAuth2ResourceServerAutoConfiguration:
      Did not match:
         - not a reactive web application (OnWebApplicationCondition)
      Matched:
         - @ConditionalOnClass found required class 'org.springframework.security.config.annotation.web.reactive.EnableWebFluxSecurity' (OnClassCondition)
   ReactiveSecurityAutoConfiguration.EnableWebFluxSecurityConfiguration:
      Did not match:
         - not a reactive web application (OnWebApplicationCondition)
   ReactiveUserDetailsServiceAutoConfiguration:
      Did not match:
         - AnyNestedCondition 0 matched 2 did not; NestedCondition on ReactiveUserDetailsServiceAutoConfiguration.ReactiveUserDetailsServiceCondition.ReactiveWebApplicationCondition not a reactive web application; NestedCondition on ReactiveUserDetailsServiceAutoConfiguration.ReactiveUserDetailsServiceCondition.RSocketSecurityEnabledCondition @ConditionalOnBean (types: org.springframework.messaging.rsocket.annotation.support.RSocketMessageHandler; SearchStrategy: all) did not find any beans of type org.springframework.messaging.rsocket.annotation.support.RSocketMessageHandler (ReactiveUserDetailsServiceAutoConfiguration.ReactiveUserDetailsServiceCondition)
      Matched:
         - @ConditionalOnClass found required class 'org.springframework.security.authentication.ReactiveAuthenticationManager' (OnClassCondition)
   ReactiveWebServerFactoryAutoConfiguration:
      Did not match:
         - not a reactive web application (OnWebApplicationCondition)
      Matched:
         - @ConditionalOnClass found required class 'org.springframework.http.ReactiveHttpInputMessage' (OnClassCondition)
   RedisCacheConfiguration:
      Did not match:
         - @ConditionalOnMissingBean (types: org.springframework.cache.CacheManager; SearchStrategy: all) found beans of type 'org.springframework.cache.CacheManager' cacheManager (OnBeanCondition)
      Matched:
         - @ConditionalOnClass found required class 'org.springframework.data.redis.connection.RedisConnectionFactory' (OnClassCondition)
         - Cache org.springframework.boot.autoconfigure.cache.RedisCacheConfiguration automatic cache type (CacheCondition)
   RedisHealthContributorAutoConfiguration#redisHealthContributor:
      Did not match:
         - @ConditionalOnMissingBean (names: redisHealthIndicator,redisHealthContributor; SearchStrategy: all) found beans named redisHealthContributor (OnBeanCondition)
   RedisRepositoriesAutoConfiguration:
      Did not match:
         - @ConditionalOnProperty (spring.data.redis.repositories.enabled=true) found different value in property 'enabled' (OnPropertyCondition)
      Matched:
         - @ConditionalOnClass found required class 'org.springframework.data.redis.repository.configuration.EnableRedisRepositories' (OnClassCondition)
   RepositoryRestMvcAutoConfiguration:
      Did not match:
         - @ConditionalOnClass did not find required class 'org.springframework.data.rest.webmvc.config.RepositoryRestMvcConfiguration' (OnClassCondition)
   Saml2RelyingPartyAutoConfiguration:
      Did not match:
         - @ConditionalOnClass did not find required class 'org.springframework.security.saml2.provider.service.registration.RelyingPartyRegistrationRepository' (OnClassCondition)
   ScheduledTasksEndpointAutoConfiguration:
      Did not match:
         - @ConditionalOnAvailableEndpoint no property management.endpoint.scheduledtasks.enabled found so using user defined default from management.endpoints.enabled-by-default (OnAvailableEndpointCondition)
   SecurityDataConfiguration:
      Did not match:
         - @ConditionalOnClass did not find required class 'org.springframework.security.data.repository.query.SecurityEvaluationContextExtension' (OnClassCondition)
   SecurityFilterAutoConfiguration:
      Did not match:
         - not a servlet web application (OnWebApplicationCondition)
      Matched:
         - @ConditionalOnClass found required classes 'org.springframework.security.web.context.AbstractSecurityWebApplicationInitializer', 'org.springframework.security.config.http.SessionCreationPolicy' (OnClassCondition)
   SendGridAutoConfiguration:
      Did not match:
         - @ConditionalOnClass did not find required class 'com.sendgrid.SendGrid' (OnClassCondition)
   ServletManagementContextAutoConfiguration:
      Did not match:
         - not a servlet web application (OnWebApplicationCondition)
      Matched:
         - @ConditionalOnClass found required class 'jakarta.servlet.Servlet' (OnClassCondition)
   ServletWebServerFactoryAutoConfiguration:
      Did not match:
         - not a servlet web application (OnWebApplicationCondition)
      Matched:
         - @ConditionalOnClass found required class 'jakarta.servlet.ServletRequest' (OnClassCondition)
   SessionAutoConfiguration:
      Did not match:
         - @ConditionalOnWebApplication (required) not a servlet web application and not a reactive web application (OnWebApplicationCondition)
      Matched:
         - @ConditionalOnClass found required class 'org.springframework.session.Session' (OnClassCondition)
   SessionsEndpointAutoConfiguration:
      Did not match:
         - @ConditionalOnAvailableEndpoint no property management.endpoint.sessions.enabled found so using user defined default from management.endpoints.enabled-by-default (OnAvailableEndpointCondition)
      Matched:
         - @ConditionalOnClass found required class 'org.springframework.session.FindByIndexNameSessionRepository' (OnClassCondition)
   ShutdownEndpointAutoConfiguration:
      Did not match:
         - @ConditionalOnAvailableEndpoint no property management.endpoint.shutdown.enabled found so using user defined default from management.endpoints.enabled-by-default (OnAvailableEndpointCondition)
   SignalFxMetricsExportAutoConfiguration:
      Did not match:
         - @ConditionalOnClass did not find required class 'io.micrometer.signalfx.SignalFxMeterRegistry' (OnClassCondition)
   SimpleCacheConfiguration:
      Did not match:
         - @ConditionalOnMissingBean (types: org.springframework.cache.CacheManager; SearchStrategy: all) found beans of type 'org.springframework.cache.CacheManager' cacheManager (OnBeanCondition)
      Matched:
         - Cache org.springframework.boot.autoconfigure.cache.SimpleCacheConfiguration automatic cache type (CacheCondition)
   SpringApplicationAdminJmxAutoConfiguration:
      Did not match:
         - @ConditionalOnProperty (spring.application.admin.enabled=true) did not find property 'enabled' (OnPropertyCondition)
   SpringBootWebSecurityConfiguration:
      Did not match:
         - not a servlet web application (OnWebApplicationCondition)
   SpringDataWebAutoConfiguration:
      Did not match:
         - not a servlet web application (OnWebApplicationCondition)
      Matched:
         - @ConditionalOnClass found required classes 'org.springframework.data.web.PageableHandlerMethodArgumentResolver', 'org.springframework.web.servlet.config.annotation.WebMvcConfigurer' (OnClassCondition)
   StackdriverMetricsExportAutoConfiguration:
      Did not match:
         - @ConditionalOnClass did not find required class 'io.micrometer.stackdriver.StackdriverMeterRegistry' (OnClassCondition)
   StartupEndpointAutoConfiguration:
      Did not match:
         - ApplicationStartup configured applicationStartup is of type class org.springframework.core.metrics.DefaultApplicationStartup, expected BufferingApplicationStartup. (StartupEndpointAutoConfiguration.ApplicationStartupCondition)
   StatsdMetricsExportAutoConfiguration:
      Did not match:
         - @ConditionalOnClass did not find required class 'io.micrometer.statsd.StatsdMeterRegistry' (OnClassCondition)
   TaskSchedulingAutoConfiguration#scheduledBeanLazyInitializationExcludeFilter:
      Did not match:
         - @ConditionalOnBean (names: org.springframework.context.annotation.internalScheduledAnnotationProcessor; SearchStrategy: all) did not find any beans named org.springframework.context.annotation.internalScheduledAnnotationProcessor (OnBeanCondition)
   TaskSchedulingAutoConfiguration#taskScheduler:
      Did not match:
         - @ConditionalOnBean (names: org.springframework.context.annotation.internalScheduledAnnotationProcessor; SearchStrategy: all) did not find any beans named org.springframework.context.annotation.internalScheduledAnnotationProcessor (OnBeanCondition)
   ThreadDumpEndpointAutoConfiguration:
      Did not match:
         - @ConditionalOnAvailableEndpoint no property management.endpoint.threaddump.enabled found so using user defined default from management.endpoints.enabled-by-default (OnAvailableEndpointCondition)
   ThymeleafAutoConfiguration:
      Did not match:
         - @ConditionalOnClass did not find required class 'org.thymeleaf.spring6.SpringTemplateEngine' (OnClassCondition)
   TomcatMetricsAutoConfiguration:
      Did not match:
         - @ConditionalOnWebApplication (required) not a servlet web application and not a reactive web application (OnWebApplicationCondition)
      Matched:
         - @ConditionalOnClass found required classes 'io.micrometer.core.instrument.binder.tomcat.TomcatMetrics', 'org.apache.catalina.Manager' (OnClassCondition)
   TransactionAutoConfiguration#transactionalOperator:
      Did not match:
         - @ConditionalOnSingleCandidate (types: org.springframework.transaction.ReactiveTransactionManager; SearchStrategy: all) did not find any beans (OnBeanCondition)
   TransactionAutoConfiguration.EnableTransactionManagementConfiguration.JdkDynamicAutoProxyConfiguration:
      Did not match:
         - @ConditionalOnProperty (spring.aop.proxy-target-class=false) did not find property 'proxy-target-class' (OnPropertyCondition)
   UserDetailsServiceAutoConfiguration:
      Did not match:
         - @ConditionalOnBean (types: org.springframework.security.config.annotation.ObjectPostProcessor; SearchStrategy: all) did not find any beans of type org.springframework.security.config.annotation.ObjectPostProcessor (OnBeanCondition)
      Matched:
         - @ConditionalOnClass found required class 'org.springframework.security.authentication.AuthenticationManager' (OnClassCondition)
   WavefrontAutoConfiguration:
      Did not match:
         - @ConditionalOnClass did not find required class 'com.wavefront.sdk.common.application.ApplicationTags' (OnClassCondition)
   WavefrontMetricsExportAutoConfiguration:
      Did not match:
         - @ConditionalOnClass did not find required class 'com.wavefront.sdk.common.WavefrontSender' (OnClassCondition)
   WavefrontTracingAutoConfiguration:
      Did not match:
         - @ConditionalOnClass did not find required class 'com.wavefront.sdk.common.WavefrontSender' (OnClassCondition)
   WebEndpointAutoConfiguration:
      Did not match:
         - @ConditionalOnWebApplication (required) not a servlet web application and not a reactive web application (OnWebApplicationCondition)
   WebFluxAutoConfiguration:
      Did not match:
         - not a reactive web application (OnWebApplicationCondition)
      Matched:
         - @ConditionalOnClass found required class 'org.springframework.web.reactive.config.WebFluxConfigurer' (OnClassCondition)
   WebFluxObservationAutoConfiguration:
      Did not match:
         - not a reactive web application (OnWebApplicationCondition)
      Matched:
         - @ConditionalOnClass found required class 'io.micrometer.observation.Observation' (OnClassCondition)
   WebMvcAutoConfiguration:
      Did not match:
         - not a servlet web application (OnWebApplicationCondition)
      Matched:
         - @ConditionalOnClass found required classes 'jakarta.servlet.Servlet', 'org.springframework.web.servlet.DispatcherServlet', 'org.springframework.web.servlet.config.annotation.WebMvcConfigurer' (OnClassCondition)
   WebMvcObservationAutoConfiguration:
      Did not match:
         - not a servlet web application (OnWebApplicationCondition)
      Matched:
         - @ConditionalOnClass found required classes 'org.springframework.web.servlet.DispatcherServlet', 'io.micrometer.observation.Observation' (OnClassCondition)
   WebServiceTemplateAutoConfiguration:
      Did not match:
         - @ConditionalOnClass did not find required class 'org.springframework.ws.client.core.WebServiceTemplate' (OnClassCondition)
   WebServicesAutoConfiguration:
      Did not match:
         - @ConditionalOnClass did not find required class 'org.springframework.ws.transport.http.MessageDispatcherServlet' (OnClassCondition)
   WebSessionIdResolverAutoConfiguration:
      Did not match:
         - not a reactive web application (OnWebApplicationCondition)
      Matched:
         - @ConditionalOnClass found required classes 'org.springframework.web.server.session.WebSessionManager', 'reactor.core.publisher.Mono' (OnClassCondition)
   WebSocketMessagingAutoConfiguration:
      Did not match:
         - @ConditionalOnClass did not find required class 'org.springframework.web.socket.config.annotation.WebSocketMessageBrokerConfigurer' (OnClassCondition)
   WebSocketReactiveAutoConfiguration:
      Did not match:
         - not a reactive web application (OnWebApplicationCondition)
      Matched:
         - @ConditionalOnClass found required classes 'jakarta.servlet.Servlet', 'jakarta.websocket.server.ServerContainer' (OnClassCondition)
   WebSocketServletAutoConfiguration:
      Did not match:
         - not a servlet web application (OnWebApplicationCondition)
      Matched:
         - @ConditionalOnClass found required classes 'jakarta.servlet.Servlet', 'jakarta.websocket.server.ServerContainer' (OnClassCondition)
   XADataSourceAutoConfiguration:
      Did not match:
         - @ConditionalOnBean (types: org.springframework.boot.jdbc.XADataSourceWrapper; SearchStrategy: all) did not find any beans of type org.springframework.boot.jdbc.XADataSourceWrapper (OnBeanCondition)
      Matched:
         - @ConditionalOnClass found required classes 'javax.sql.DataSource', 'jakarta.transaction.TransactionManager', 'org.springframework.jdbc.datasource.embedded.EmbeddedDatabaseType' (OnClassCondition)
   ZipkinAutoConfiguration:
      Did not match:
         - @ConditionalOnClass did not find required class 'zipkin2.reporter.Sender' (OnClassCondition)
Exclusions:
-----------
    None
Unconditional classes:
----------------------
    org.springframework.boot.autoconfigure.context.ConfigurationPropertiesAutoConfiguration
    com.github.sonus21.rqueue.spring.boot.RqueueListenerAutoConfig
    org.springframework.boot.actuate.autoconfigure.availability.AvailabilityHealthContributorAutoConfiguration
    org.springframework.boot.autoconfigure.ssl.SslAutoConfiguration
    org.springframework.boot.actuate.autoconfigure.info.InfoContributorAutoConfiguration
    org.springframework.boot.autoconfigure.context.PropertyPlaceholderAutoConfiguration
    org.springframework.boot.autoconfigure.context.LifecycleAutoConfiguration
    org.springframework.boot.actuate.autoconfigure.metrics.integration.IntegrationMetricsAutoConfiguration
    org.springframework.boot.actuate.autoconfigure.endpoint.EndpointAutoConfiguration
    org.springframework.boot.actuate.autoconfigure.web.server.ManagementContextAutoConfiguration
    org.springframework.boot.actuate.autoconfigure.health.HealthContributorAutoConfiguration
    org.springframework.boot.actuate.autoconfigure.endpoint.jackson.JacksonEndpointAutoConfiguration
    org.springframework.boot.autoconfigure.availability.ApplicationAvailabilityAutoConfiguration
    org.springframework.boot.autoconfigure.info.ProjectInfoAutoConfiguration
-2026-04-15 00:15:40.765 - INFO 29 [] --- [           main] edu.wgu.osmt.ApplicationKt               : Started ApplicationKt in 18.714 seconds (process running for 19.937)
-2026-04-15 00:15:40.768 -DEBUG 29 [] --- [           main] o.s.b.a.ApplicationAvailabilityBean      : Application availability state LivenessState changed to CORRECT
-2026-04-15 00:15:40.866 -DEBUG 29 [] --- [           main] e.w.o.e.ElasticSearchReindexer           : Re-indexing 1265 records (1-500) for skills
-2026-04-15 00:16:10.992 -DEBUG 29 [] --- [           main] e.w.o.e.ElasticSearchReindexer           : Re-indexing 1265 records (501-1000) for skills
-2026-04-15 00:16:29.589 -DEBUG 29 [] --- [           main] e.w.o.e.ElasticSearchReindexer           : Re-indexing 1265 records (1001-1265) for skills
-2026-04-15 00:16:39.225 - INFO 29 [] --- [           main] e.w.o.e.ElasticSearchReindexer           : Re-indexed 1265 skills (58.456s)
-2026-04-15 00:16:39.252 -DEBUG 29 [] --- [           main] e.w.o.e.ElasticSearchReindexer           : Re-indexing 11 records (1-11) for collections
-2026-04-15 00:16:39.512 - INFO 29 [] --- [           main] e.w.o.e.ElasticSearchReindexer           : Re-indexed 11 collections (0.284s)
-2026-04-15 00:16:39.538 -DEBUG 29 [] --- [           main] e.w.o.e.ElasticSearchReindexer           : Re-indexing 4175 records (1-500) for keywords
-2026-04-15 00:16:47.564 -DEBUG 29 [] --- [           main] e.w.o.e.ElasticSearchReindexer           : Re-indexing 4175 records (501-1000) for keywords
-2026-04-15 00:16:55.208 -DEBUG 29 [] --- [           main] e.w.o.e.ElasticSearchReindexer           : Re-indexing 4175 records (1001-1500) for keywords
-2026-04-15 00:17:02.694 -DEBUG 29 [] --- [           main] e.w.o.e.ElasticSearchReindexer           : Re-indexing 4175 records (1501-2000) for keywords
-2026-04-15 00:17:09.823 -DEBUG 29 [] --- [           main] e.w.o.e.ElasticSearchReindexer           : Re-indexing 4175 records (2001-2500) for keywords
-2026-04-15 00:17:16.968 -DEBUG 29 [] --- [           main] e.w.o.e.ElasticSearchReindexer           : Re-indexing 4175 records (2501-3000) for keywords
-2026-04-15 00:17:23.900 -DEBUG 29 [] --- [           main] e.w.o.e.ElasticSearchReindexer           : Re-indexing 4175 records (3001-3500) for keywords
-2026-04-15 00:17:30.727 -DEBUG 29 [] --- [           main] e.w.o.e.ElasticSearchReindexer           : Re-indexing 4175 records (3501-4000) for keywords
-2026-04-15 00:17:37.420 -DEBUG 29 [] --- [           main] e.w.o.e.ElasticSearchReindexer           : Re-indexing 4175 records (4001-4175) for keywords
-2026-04-15 00:17:40.026 - INFO 29 [] --- [           main] e.w.o.e.ElasticSearchReindexer           : Re-indexed 4175 keywords (60.511s)
-2026-04-15 00:17:40.044 -DEBUG 29 [] --- [           main] e.w.o.e.ElasticSearchReindexer           : Re-indexing 2519 records (1-500) for jobCodes
-2026-04-15 00:17:48.326 -DEBUG 29 [] --- [           main] e.w.o.e.ElasticSearchReindexer           : Re-indexing 2519 records (501-1000) for jobCodes
-2026-04-15 00:17:56.173 -DEBUG 29 [] --- [           main] e.w.o.e.ElasticSearchReindexer           : Re-indexing 2519 records (1001-1500) for jobCodes
-2026-04-15 00:18:04.111 -DEBUG 29 [] --- [           main] e.w.o.e.ElasticSearchReindexer           : Re-indexing 2519 records (1501-2000) for jobCodes
-2026-04-15 00:18:12.188 -DEBUG 29 [] --- [           main] e.w.o.e.ElasticSearchReindexer           : Re-indexing 2519 records (2001-2500) for jobCodes
-2026-04-15 00:18:20.218 -DEBUG 29 [] --- [           main] e.w.o.e.ElasticSearchReindexer           : Re-indexing 2519 records (2501-2519) for jobCodes
-2026-04-15 00:18:20.526 - INFO 29 [] --- [           main] e.w.o.e.ElasticSearchReindexer           : Re-indexed 2519 jobCodes (40.499s)
-2026-04-15 00:18:20.529 - INFO 29 [] --- [           main] .r.w.s.RqueueJobMetricsAggregatorService : Stopping task aggregation d9933793-10fe-4bfd-ab17-8ba7091285f9
-2026-04-15 00:18:20.658 - INFO 29 [] --- [           main] c.g.s.r.l.RqueueMessageListenerContainer : Stopping Rqueue Message container d9933793-10fe-4bfd-ab17-8ba7091285f9
-2026-04-15 00:18:20.674 - INFO 29 [] --- [           main] .r.w.s.RqueueJobMetricsAggregatorService : Destroying task aggregator
-2026-04-15 00:18:20.674 - INFO 29 [] --- [           main] .r.w.s.RqueueJobMetricsAggregatorService : Stopping task aggregation d9933793-10fe-4bfd-ab17-8ba7091285f9
-2026-04-15 00:18:20.675 - INFO 29 [] --- [           main] c.g.s.r.l.RqueueMessageListenerContainer : Stopping Rqueue Message container d9933793-10fe-4bfd-ab17-8ba7091285f9
-2026-04-15 00:18:20.785 - INFO 29 [] --- [           main] j.LocalContainerEntityManagerFactoryBean : Closing JPA EntityManagerFactory for persistence unit 'default'
-2026-04-15 00:18:20.792 - INFO 29 [] --- [           main] com.zaxxer.hikari.HikariDataSource       : HikariPool-1 - Shutdown initiated...
-2026-04-15 00:18:20.799 - INFO 29 [] --- [           main] com.zaxxer.hikari.HikariDataSource       : HikariPool-1 - Shutdown completed.
[docker_entrypoint.sh] DEBUG: Java command exit code: 0
[docker_entrypoint.sh] DEBUG: After reindex_elasticsearch(), ENVIRONMENT='staging,apiserver,readonly,single-auth'
[docker_entrypoint.sh] DEBUG: start_spring_app() called
[docker_entrypoint.sh] DEBUG: ENVIRONMENT at start of start_spring_app(): 'staging,apiserver,readonly,single-auth'
[docker_entrypoint.sh] DEBUG: ENVIRONMENT length: 38
[docker_entrypoint.sh] DEBUG: SPRING_PROFILES_ACTIVE env var: '<not set>'
[docker_entrypoint.sh] DEBUG: All environment variables containing 'PROFILE' or 'ENVIRONMENT':
[docker_entrypoint.sh] DEBUG:   ENVIRONMENT=staging,apiserver,readonly,single-auth
[docker_entrypoint.sh] DEBUG: Initial java command (before OAuth/auth checks): /bin/java
      -Dspring.profiles.active=staging,apiserver,readonly,single-auth
      -Dapp.baseDomain=osmt.staging.prettygoodskills.com
      -Dapp.frontendUrl=http://osmt.staging.prettygoodskills.com
      -Dredis.uri=localhost:6379
      -Ddb.uri=osmt_ro:KEItSx6P8BuFAC8ya74pJ21A@osmt-staging-usw2.cluster-cteaowu6cscf.us-west-2.rds.amazonaws.com:3306
      -Des.uri=http://localhost:9200
[docker_entrypoint.sh] DEBUG: Checking Elasticsearch credentials: ELASTICSEARCH_USERNAME=, ELASTICSEARCH_PWD=
[docker_entrypoint.sh] DEBUG: Elasticsearch credentials not provided - ELASTICSEARCH_USERNAME=<not set>, ELASTICSEARCH_PWD=<not set>
[docker_entrypoint.sh] DEBUG: ENVIRONMENT contains single-auth, checking for test auth vars
[docker_entrypoint.sh] DEBUG: Final java command: /bin/java
      -Dspring.profiles.active=staging,apiserver,readonly,single-auth
      -Dapp.baseDomain=osmt.staging.prettygoodskills.com
      -Dapp.frontendUrl=http://osmt.staging.prettygoodskills.com
      -Dredis.uri=localhost:6379
      -Ddb.uri=osmt_ro:KEItSx6P8BuFAC8ya74pJ21A@osmt-staging-usw2.cluster-cteaowu6cscf.us-west-2.rds.amazonaws.com:3306
      -Des.uri=http://localhost:9200
      -Dspring.flyway.enabled=false
      -jar /opt/osmt/bin/osmt.jar
[docker_entrypoint.sh] DEBUG: ENVIRONMENT value being passed to Spring Boot: 'staging,apiserver,readonly,single-auth'
[docker_entrypoint.sh] DEBUG: System property -Dspring.profiles.active will be: 'staging,apiserver,readonly,single-auth'
[docker_entrypoint.sh]: Starting OSMT Spring Boot application using staging,apiserver,readonly,single-auth Spring profiles...
[docker_entrypoint.sh] DEBUG: Executing java command (attempt)
  .   ____          _            __ _ _
 /\\ / ___'_ __ _ _(_)_ __  __ _ \ \ \ \
( ( )\___ | '_ | '_| | '_ \/ _` | \ \ \ \
 \\/  ___)| |_)| | | | | || (_| |  ) ) ) )
  '  |____| .__|_| |_|_| |_\__, | / / / /
 =========|_|==============|___/=/_/_/_/
 :: Spring Boot ::                (v3.1.2)
-2026-04-15 00:18:32.434 - INFO 129 [] --- [           main] edu.wgu.osmt.ApplicationKt               : Starting ApplicationKt using Java 21.0.10 with PID 129 (/opt/osmt/bin/osmt.jar started by osmt in /opt/osmt)
-2026-04-15 00:18:32.442 - INFO 129 [] --- [           main] edu.wgu.osmt.ApplicationKt               : The following 4 profiles are active: "staging", "apiserver", "readonly", "single-auth"
-2026-04-15 00:18:32.444 -DEBUG 129 [] --- [           main] o.s.boot.SpringApplication               : Loading source class edu.wgu.osmt.Application
-2026-04-15 00:18:32.623 -DEBUG 129 [] --- [           main] ConfigServletWebServerApplicationContext : Refreshing org.springframework.boot.web.servlet.context.AnnotationConfigServletWebServerApplicationContext@1b7c473a
-2026-04-15 00:18:34.680 - INFO 129 [] --- [           main] .s.d.r.c.RepositoryConfigurationDelegate : Multiple Spring Data modules found, entering strict repository configuration mode
-2026-04-15 00:18:34.681 - INFO 129 [] --- [           main] .s.d.r.c.RepositoryConfigurationDelegate : Bootstrapping Spring Data Elasticsearch repositories in DEFAULT mode.
-2026-04-15 00:18:34.693 - INFO 129 [] --- [           main] .s.d.r.c.RepositoryConfigurationDelegate : Finished Spring Data repository scanning in 7 ms. Found 0 Elasticsearch repository interfaces.
-2026-04-15 00:18:34.695 - INFO 129 [] --- [           main] .s.d.r.c.RepositoryConfigurationDelegate : Multiple Spring Data modules found, entering strict repository configuration mode
-2026-04-15 00:18:34.695 - INFO 129 [] --- [           main] .s.d.r.c.RepositoryConfigurationDelegate : Bootstrapping Spring Data Elasticsearch repositories in DEFAULT mode.
-2026-04-15 00:18:34.893 - INFO 129 [] --- [           main] .s.d.r.c.RepositoryConfigurationDelegate : Finished Spring Data repository scanning in 198 ms. Found 1 Elasticsearch repository interfaces.
-2026-04-15 00:18:34.894 - INFO 129 [] --- [           main] .s.d.r.c.RepositoryConfigurationDelegate : Multiple Spring Data modules found, entering strict repository configuration mode
-2026-04-15 00:18:34.894 - INFO 129 [] --- [           main] .s.d.r.c.RepositoryConfigurationDelegate : Bootstrapping Spring Data Elasticsearch repositories in DEFAULT mode.
-2026-04-15 00:18:34.916 - INFO 129 [] --- [           main] .s.d.r.c.RepositoryConfigurationDelegate : Finished Spring Data repository scanning in 22 ms. Found 1 Elasticsearch repository interfaces.
-2026-04-15 00:18:34.918 - INFO 129 [] --- [           main] .s.d.r.c.RepositoryConfigurationDelegate : Multiple Spring Data modules found, entering strict repository configuration mode
-2026-04-15 00:18:34.918 - INFO 129 [] --- [           main] .s.d.r.c.RepositoryConfigurationDelegate : Bootstrapping Spring Data Elasticsearch repositories in DEFAULT mode.
-2026-04-15 00:18:34.930 - INFO 129 [] --- [           main] .s.d.r.c.RepositoryConfigurationDelegate : Finished Spring Data repository scanning in 11 ms. Found 1 Elasticsearch repository interfaces.
-2026-04-15 00:18:34.933 - INFO 129 [] --- [           main] .s.d.r.c.RepositoryConfigurationDelegate : Multiple Spring Data modules found, entering strict repository configuration mode
-2026-04-15 00:18:34.933 - INFO 129 [] --- [           main] .s.d.r.c.RepositoryConfigurationDelegate : Bootstrapping Spring Data Elasticsearch repositories in DEFAULT mode.
-2026-04-15 00:18:34.940 - INFO 129 [] --- [           main] .s.d.r.c.RepositoryConfigurationDelegate : Finished Spring Data repository scanning in 6 ms. Found 1 Elasticsearch repository interfaces.
-2026-04-15 00:18:36.044 - INFO 129 [] --- [           main] .s.d.r.c.RepositoryConfigurationDelegate : Multiple Spring Data modules found, entering strict repository configuration mode
-2026-04-15 00:18:36.045 - INFO 129 [] --- [           main] .s.d.r.c.RepositoryConfigurationDelegate : Bootstrapping Spring Data Reactive Elasticsearch repositories in DEFAULT mode.
-2026-04-15 00:18:36.047 -DEBUG 129 [] --- [           main] o.s.b.a.AutoConfigurationPackages        : @EnableAutoConfiguration was declared on a class in the package 'edu.wgu.osmt'. Automatic @Repository and @Entity scanning is enabled.
-2026-04-15 00:18:36.066 - INFO 129 [] --- [           main] .s.d.r.c.RepositoryConfigurationDelegate : Finished Spring Data repository scanning in 20 ms. Found 0 Reactive Elasticsearch repository interfaces.
-2026-04-15 00:18:36.671 -DEBUG 129 [] --- [           main] ySourcesPropertyResolver$DefaultResolver : Found key 'APP_SESSION_TOKEN_EXPIRY_SECONDS' in PropertySource 'systemEnvironment' with value of type String
-2026-04-15 00:18:36.932 -DEBUG 129 [] --- [           main] .s.b.w.e.t.TomcatServletWebServerFactory : Code archive: /opt/osmt/bin/osmt.jar
-2026-04-15 00:18:36.932 -DEBUG 129 [] --- [           main] .s.b.w.e.t.TomcatServletWebServerFactory : Code archive: /opt/osmt/bin/osmt.jar
-2026-04-15 00:18:36.933 -DEBUG 129 [] --- [           main] .s.b.w.e.t.TomcatServletWebServerFactory : None of the document roots [src/main/webapp, public, static] point to a directory and will be ignored.
-2026-04-15 00:18:36.960 - INFO 129 [] --- [           main] o.s.b.w.embedded.tomcat.TomcatWebServer  : Tomcat initialized with port(s): 8080 (http)
-2026-04-15 00:18:36.972 - INFO 129 [] --- [           main] o.apache.catalina.core.StandardService   : Starting service [Tomcat]
-2026-04-15 00:18:36.973 - INFO 129 [] --- [           main] o.apache.catalina.core.StandardEngine    : Starting Servlet engine: [Apache Tomcat/10.1.11]
-2026-04-15 00:18:37.068 - INFO 129 [] --- [           main] o.a.c.c.C.[Tomcat].[localhost].[/]       : Initializing Spring embedded WebApplicationContext
-2026-04-15 00:18:37.068 -DEBUG 129 [] --- [           main] w.s.c.ServletWebServerApplicationContext : Published root WebApplicationContext as ServletContext attribute with name [org.springframework.web.context.WebApplicationContext.ROOT]
-2026-04-15 00:18:37.076 - INFO 129 [] --- [           main] w.s.c.ServletWebServerApplicationContext : Root WebApplicationContext: initialization completed in 4446 ms
-2026-04-15 00:18:37.271 -DEBUG 129 [] --- [           main] ySourcesPropertyResolver$DefaultResolver : Found key 'app.baseDomain' in PropertySource 'systemProperties' with value of type String
-2026-04-15 00:18:37.272 -DEBUG 129 [] --- [           main] ySourcesPropertyResolver$DefaultResolver : Found key 'app.baseUrl' in PropertySource 'Config resource 'class path resource [config/application.properties]' via location 'optional:classpath:/config/'' with value of type String
-2026-04-15 00:18:37.273 -DEBUG 129 [] --- [           main] ySourcesPropertyResolver$DefaultResolver : Found key 'app.baseDomain' in PropertySource 'systemProperties' with value of type String
-2026-04-15 00:18:37.274 -DEBUG 129 [] --- [           main] ySourcesPropertyResolver$DefaultResolver : Found key 'app.defaultAuthorName' in PropertySource 'Config resource 'class path resource [config/application.properties]' via location 'optional:classpath:/config/'' with value of type String
-2026-04-15 00:18:37.275 -DEBUG 129 [] --- [           main] ySourcesPropertyResolver$DefaultResolver : Found key 'app.defaultAuthorUri' in PropertySource 'Config resource 'class path resource [config/application.properties]' via location 'optional:classpath:/config/'' with value of type String
-2026-04-15 00:18:37.275 -DEBUG 129 [] --- [           main] ySourcesPropertyResolver$DefaultResolver : Found key 'app.defaultCreatorUri' in PropertySource 'Config resource 'class path resource [config/application.properties]' via location 'optional:classpath:/config/'' with value of type String
-2026-04-15 00:18:37.276 -DEBUG 129 [] --- [           main] ySourcesPropertyResolver$DefaultResolver : Found key 'app.frontendUrl' in PropertySource 'systemProperties' with value of type String
-2026-04-15 00:18:37.277 -DEBUG 129 [] --- [           main] ySourcesPropertyResolver$DefaultResolver : Found key 'app.loginUrl' in PropertySource 'Config resource 'class path resource [config/application-single-auth.properties]' via location 'optional:classpath:/config/'' with value of type String
-2026-04-15 00:18:37.278 -DEBUG 129 [] --- [           main] ySourcesPropertyResolver$DefaultResolver : Found key 'app.authMode' in PropertySource 'Config resource 'class path resource [config/application-single-auth.properties]' via location 'optional:classpath:/config/'' with value of type String
-2026-04-15 00:18:37.279 -DEBUG 129 [] --- [           main] ySourcesPropertyResolver$DefaultResolver : Found key 'app.singleAuthEnabled' in PropertySource 'Config resource 'class path resource [config/application-single-auth.properties]' via location 'optional:classpath:/config/'' with value of type String
-2026-04-15 00:18:37.279 -DEBUG 129 [] --- [           main] ySourcesPropertyResolver$DefaultResolver : Found key 'app.oauth2.rolesClaim' in PropertySource 'Config resource 'class path resource [config/application.properties]' via location 'optional:classpath:/config/'' with value of type String
-2026-04-15 00:18:37.281 -DEBUG 129 [] --- [           main] ySourcesPropertyResolver$DefaultResolver : Found key 'app.loginSuccessRedirectUrl' in PropertySource 'Config resource 'class path resource [config/application.properties]' via location 'optional:classpath:/config/'' with value of type String
-2026-04-15 00:18:37.281 -DEBUG 129 [] --- [           main] ySourcesPropertyResolver$DefaultResolver : Found key 'app.frontendUrl' in PropertySource 'systemProperties' with value of type String
-2026-04-15 00:18:37.283 -DEBUG 129 [] --- [           main] ySourcesPropertyResolver$DefaultResolver : Found key 'app.userName' in PropertySource 'Config resource 'class path resource [config/application.properties]' via location 'optional:classpath:/config/'' with value of type String
-2026-04-15 00:18:37.283 -DEBUG 129 [] --- [           main] ySourcesPropertyResolver$DefaultResolver : Found key 'app.userIdentifier' in PropertySource 'Config resource 'class path resource [config/application.properties]' via location 'optional:classpath:/config/'' with value of type String
-2026-04-15 00:18:37.284 -DEBUG 129 [] --- [           main] ySourcesPropertyResolver$DefaultResolver : Found key 'app.allowPublicSearching' in PropertySource 'Config resource 'class path resource [config/application-readonly.properties]' via location 'optional:classpath:/config/'' with value of type String
-2026-04-15 00:18:37.284 -DEBUG 129 [] --- [           main] ySourcesPropertyResolver$DefaultResolver : Found key 'app.allowPublicLists' in PropertySource 'Config resource 'class path resource [config/application-readonly.properties]' via location 'optional:classpath:/config/'' with value of type String
-2026-04-15 00:18:37.285 -DEBUG 129 [] --- [           main] ySourcesPropertyResolver$DefaultResolver : Found key 'app.publicKeywordLimit' in PropertySource 'Config resource 'class path resource [config/application.properties]' via location 'optional:classpath:/config/'' with value of type String
-2026-04-15 00:18:37.286 -DEBUG 129 [] --- [           main] ySourcesPropertyResolver$DefaultResolver : Found key 'app.enableRoles' in PropertySource 'Config resource 'class path resource [config/application-single-auth.properties]' via location 'optional:classpath:/config/'' with value of type String
-2026-04-15 00:18:37.286 -DEBUG 129 [] --- [           main] ySourcesPropertyResolver$DefaultResolver : Found key 'app.baseLineAuditLogIfEmpty' in PropertySource 'Config resource 'class path resource [config/application.properties]' via location 'optional:classpath:/config/'' with value of type String
-2026-04-15 00:18:37.287 -DEBUG 129 [] --- [           main] ySourcesPropertyResolver$DefaultResolver : Found key 'app.security.cors.allowedOrigins' in PropertySource 'Config resource 'class path resource [config/application.properties]' via location 'optional:classpath:/config/'' with value of type String
-2026-04-15 00:18:37.288 -DEBUG 129 [] --- [           main] ySourcesPropertyResolver$DefaultResolver : Found key 'app.baseUrl' in PropertySource 'Config resource 'class path resource [config/application.properties]' via location 'optional:classpath:/config/'' with value of type String
-2026-04-15 00:18:37.289 -DEBUG 129 [] --- [           main] ySourcesPropertyResolver$DefaultResolver : Found key 'app.baseDomain' in PropertySource 'systemProperties' with value of type String
-2026-04-15 00:18:37.340 -DEBUG 129 [] --- [           main] ySourcesPropertyResolver$DefaultResolver : Found key 'app.sessionTokenSecret' in PropertySource 'Config resource 'class path resource [config/application.properties]' via location 'optional:classpath:/config/'' with value of type String
-2026-04-15 00:18:37.341 -DEBUG 129 [] --- [           main] ySourcesPropertyResolver$DefaultResolver : Found key 'APP_SESSION_TOKEN_SECRET' in PropertySource 'systemEnvironment' with value of type String
-2026-04-15 00:18:37.341 -DEBUG 129 [] --- [           main] ySourcesPropertyResolver$DefaultResolver : Found key 'app.sessionTokenExpirySeconds' in PropertySource 'Config resource 'class path resource [config/application.properties]' via location 'optional:classpath:/config/'' with value of type String
-2026-04-15 00:18:37.341 -DEBUG 129 [] --- [           main] ySourcesPropertyResolver$DefaultResolver : Found key 'APP_SESSION_TOKEN_EXPIRY_SECONDS' in PropertySource 'systemEnvironment' with value of type String
-2026-04-15 00:18:37.342 -DEBUG 129 [] --- [           main] ySourcesPropertyResolver$DefaultResolver : Found key 'app.sessionTokenIssuer' in PropertySource 'Config resource 'class path resource [config/application.properties]' via location 'optional:classpath:/config/'' with value of type String
-2026-04-15 00:18:37.344 -DEBUG 129 [] --- [           main] ySourcesPropertyResolver$DefaultResolver : Found key 'app.readOnlyMode' in PropertySource 'Config resource 'class path resource [config/application-readonly.properties]' via location 'optional:classpath:/config/'' with value of type String
-2026-04-15 00:18:37.344 -DEBUG 129 [] --- [           main] ySourcesPropertyResolver$DefaultResolver : Found key 'app.publicInstanceUrl' in PropertySource 'Config resource 'class path resource [config/application.properties]' via location 'optional:classpath:/config/'' with value of type String
-2026-04-15 00:18:37.345 -DEBUG 129 [] --- [           main] ySourcesPropertyResolver$DefaultResolver : Found key 'app.authoringWelcomeMessage' in PropertySource 'Config resource 'class path resource [config/application.properties]' via location 'optional:classpath:/config/'' with value of type String
-2026-04-15 00:18:37.466 -DEBUG 129 [] --- [           main] ySourcesPropertyResolver$DefaultResolver : Found key 'app.baseDomain' in PropertySource 'systemProperties' with value of type String
-2026-04-15 00:18:37.468 -DEBUG 129 [] --- [           main] ySourcesPropertyResolver$DefaultResolver : Found key 'app.baseUrl' in PropertySource 'Config resource 'class path resource [config/application.properties]' via location 'optional:classpath:/config/'' with value of type String
-2026-04-15 00:18:37.468 -DEBUG 129 [] --- [           main] ySourcesPropertyResolver$DefaultResolver : Found key 'app.baseDomain' in PropertySource 'systemProperties' with value of type String
-2026-04-15 00:18:37.469 -DEBUG 129 [] --- [           main] ySourcesPropertyResolver$DefaultResolver : Found key 'app.defaultAuthorName' in PropertySource 'Config resource 'class path resource [config/application.properties]' via location 'optional:classpath:/config/'' with value of type String
-2026-04-15 00:18:37.469 -DEBUG 129 [] --- [           main] ySourcesPropertyResolver$DefaultResolver : Found key 'app.defaultAuthorUri' in PropertySource 'Config resource 'class path resource [config/application.properties]' via location 'optional:classpath:/config/'' with value of type String
-2026-04-15 00:18:37.469 -DEBUG 129 [] --- [           main] ySourcesPropertyResolver$DefaultResolver : Found key 'app.defaultCreatorUri' in PropertySource 'Config resource 'class path resource [config/application.properties]' via location 'optional:classpath:/config/'' with value of type String
-2026-04-15 00:18:37.469 -DEBUG 129 [] --- [           main] ySourcesPropertyResolver$DefaultResolver : Found key 'app.frontendUrl' in PropertySource 'systemProperties' with value of type String
-2026-04-15 00:18:37.471 -DEBUG 129 [] --- [           main] ySourcesPropertyResolver$DefaultResolver : Found key 'app.loginUrl' in PropertySource 'Config resource 'class path resource [config/application-single-auth.properties]' via location 'optional:classpath:/config/'' with value of type String
-2026-04-15 00:18:37.471 -DEBUG 129 [] --- [           main] ySourcesPropertyResolver$DefaultResolver : Found key 'app.authMode' in PropertySource 'Config resource 'class path resource [config/application-single-auth.properties]' via location 'optional:classpath:/config/'' with value of type String
-2026-04-15 00:18:37.471 -DEBUG 129 [] --- [           main] ySourcesPropertyResolver$DefaultResolver : Found key 'app.singleAuthEnabled' in PropertySource 'Config resource 'class path resource [config/application-single-auth.properties]' via location 'optional:classpath:/config/'' with value of type String
-2026-04-15 00:18:37.472 -DEBUG 129 [] --- [           main] ySourcesPropertyResolver$DefaultResolver : Found key 'app.oauth2.rolesClaim' in PropertySource 'Config resource 'class path resource [config/application.properties]' via location 'optional:classpath:/config/'' with value of type String
-2026-04-15 00:18:37.473 -DEBUG 129 [] --- [           main] ySourcesPropertyResolver$DefaultResolver : Found key 'app.loginSuccessRedirectUrl' in PropertySource 'Config resource 'class path resource [config/application.properties]' via location 'optional:classpath:/config/'' with value of type String
-2026-04-15 00:18:37.473 -DEBUG 129 [] --- [           main] ySourcesPropertyResolver$DefaultResolver : Found key 'app.frontendUrl' in PropertySource 'systemProperties' with value of type String
-2026-04-15 00:18:37.473 -DEBUG 129 [] --- [           main] ySourcesPropertyResolver$DefaultResolver : Found key 'app.userName' in PropertySource 'Config resource 'class path resource [config/application.properties]' via location 'optional:classpath:/config/'' with value of type String
-2026-04-15 00:18:37.474 -DEBUG 129 [] --- [           main] ySourcesPropertyResolver$DefaultResolver : Found key 'app.userIdentifier' in PropertySource 'Config resource 'class path resource [config/application.properties]' via location 'optional:classpath:/config/'' with value of type String
-2026-04-15 00:18:37.474 -DEBUG 129 [] --- [           main] ySourcesPropertyResolver$DefaultResolver : Found key 'app.allowPublicSearching' in PropertySource 'Config resource 'class path resource [config/application-readonly.properties]' via location 'optional:classpath:/config/'' with value of type String
-2026-04-15 00:18:37.474 -DEBUG 129 [] --- [           main] ySourcesPropertyResolver$DefaultResolver : Found key 'app.allowPublicLists' in PropertySource 'Config resource 'class path resource [config/application-readonly.properties]' via location 'optional:classpath:/config/'' with value of type String
-2026-04-15 00:18:37.475 -DEBUG 129 [] --- [           main] ySourcesPropertyResolver$DefaultResolver : Found key 'app.publicKeywordLimit' in PropertySource 'Config resource 'class path resource [config/application.properties]' via location 'optional:classpath:/config/'' with value of type String
-2026-04-15 00:18:37.475 -DEBUG 129 [] --- [           main] ySourcesPropertyResolver$DefaultResolver : Found key 'app.enableRoles' in PropertySource 'Config resource 'class path resource [config/application-single-auth.properties]' via location 'optional:classpath:/config/'' with value of type String
-2026-04-15 00:18:37.476 -DEBUG 129 [] --- [           main] ySourcesPropertyResolver$DefaultResolver : Found key 'app.baseLineAuditLogIfEmpty' in PropertySource 'Config resource 'class path resource [config/application.properties]' via location 'optional:classpath:/config/'' with value of type String
-2026-04-15 00:18:37.476 -DEBUG 129 [] --- [           main] ySourcesPropertyResolver$DefaultResolver : Found key 'app.security.cors.allowedOrigins' in PropertySource 'Config resource 'class path resource [config/application.properties]' via location 'optional:classpath:/config/'' with value of type String
-2026-04-15 00:18:37.476 -DEBUG 129 [] --- [           main] ySourcesPropertyResolver$DefaultResolver : Found key 'app.baseUrl' in PropertySource 'Config resource 'class path resource [config/application.properties]' via location 'optional:classpath:/config/'' with value of type String
-2026-04-15 00:18:37.476 -DEBUG 129 [] --- [           main] ySourcesPropertyResolver$DefaultResolver : Found key 'app.baseDomain' in PropertySource 'systemProperties' with value of type String
-2026-04-15 00:18:37.479 -DEBUG 129 [] --- [           main] ySourcesPropertyResolver$DefaultResolver : Found key 'app.sessionTokenSecret' in PropertySource 'Config resource 'class path resource [config/application.properties]' via location 'optional:classpath:/config/'' with value of type String
-2026-04-15 00:18:37.479 -DEBUG 129 [] --- [           main] ySourcesPropertyResolver$DefaultResolver : Found key 'APP_SESSION_TOKEN_SECRET' in PropertySource 'systemEnvironment' with value of type String
-2026-04-15 00:18:37.479 -DEBUG 129 [] --- [           main] ySourcesPropertyResolver$DefaultResolver : Found key 'app.sessionTokenExpirySeconds' in PropertySource 'Config resource 'class path resource [config/application.properties]' via location 'optional:classpath:/config/'' with value of type String
-2026-04-15 00:18:37.480 -DEBUG 129 [] --- [           main] ySourcesPropertyResolver$DefaultResolver : Found key 'APP_SESSION_TOKEN_EXPIRY_SECONDS' in PropertySource 'systemEnvironment' with value of type String
-2026-04-15 00:18:37.481 -DEBUG 129 [] --- [           main] ySourcesPropertyResolver$DefaultResolver : Found key 'app.sessionTokenIssuer' in PropertySource 'Config resource 'class path resource [config/application.properties]' via location 'optional:classpath:/config/'' with value of type String
-2026-04-15 00:18:37.483 -DEBUG 129 [] --- [           main] ySourcesPropertyResolver$DefaultResolver : Found key 'app.readOnlyMode' in PropertySource 'Config resource 'class path resource [config/application-readonly.properties]' via location 'optional:classpath:/config/'' with value of type String
-2026-04-15 00:18:37.483 -DEBUG 129 [] --- [           main] ySourcesPropertyResolver$DefaultResolver : Found key 'app.publicInstanceUrl' in PropertySource 'Config resource 'class path resource [config/application.properties]' via location 'optional:classpath:/config/'' with value of type String
-2026-04-15 00:18:37.484 -DEBUG 129 [] --- [           main] ySourcesPropertyResolver$DefaultResolver : Found key 'app.authoringWelcomeMessage' in PropertySource 'Config resource 'class path resource [config/application.properties]' via location 'optional:classpath:/config/'' with value of type String
-2026-04-15 00:18:37.514 -DEBUG 129 [] --- [           main] ySourcesPropertyResolver$DefaultResolver : Found key 'app.baseDomain' in PropertySource 'systemProperties' with value of type String
-2026-04-15 00:18:37.515 -DEBUG 129 [] --- [           main] ySourcesPropertyResolver$DefaultResolver : Found key 'app.frontendUrl' in PropertySource 'systemProperties' with value of type String
-2026-04-15 00:18:37.568 -DEBUG 129 [] --- [           main] o.s.b.w.s.ServletContextInitializerBeans : Mapping filters: webMvcObservationFilter urls=[/*] order=-2147483647, springSessionRepositoryFilter urls=[/*] order=-2147483598, springSecurityFilterChain urls=[/*] order=-100, characterEncodingFilter urls=[/*] order=-2147483648, adminUserAuthenticationFilter urls=[/*] order=1
-2026-04-15 00:18:37.568 -DEBUG 129 [] --- [           main] o.s.b.w.s.ServletContextInitializerBeans : Mapping servlets: dispatcherServlet urls=[/]
-2026-04-15 00:18:37.600 -DEBUG 129 [] --- [           main] o.s.w.f.ServerHttpObservationFilter      : Filter 'webMvcObservationFilter' configured for use
-2026-04-15 00:18:37.602 -DEBUG 129 [] --- [           main] .DelegatingFilterProxyRegistrationBean$1 : Filter 'springSessionRepositoryFilter' configured for use
-2026-04-15 00:18:37.602 -DEBUG 129 [] --- [           main] s.b.w.s.f.OrderedCharacterEncodingFilter : Filter 'characterEncodingFilter' configured for use
-2026-04-15 00:18:37.603 -DEBUG 129 [] --- [           main] .DelegatingFilterProxyRegistrationBean$1 : Filter 'springSecurityFilterChain' configured for use
-2026-04-15 00:18:38.021 - INFO 129 [] --- [           main] com.zaxxer.hikari.HikariDataSource       : HikariPool-1 - Starting...
-2026-04-15 00:18:38.551 - INFO 129 [] --- [           main] com.zaxxer.hikari.pool.HikariPool        : HikariPool-1 - Added connection com.mysql.cj.jdbc.ConnectionImpl@6e0f259e
-2026-04-15 00:18:38.553 - INFO 129 [] --- [           main] com.zaxxer.hikari.HikariDataSource       : HikariPool-1 - Start completed.
-2026-04-15 00:18:38.596 - INFO 129 [] --- [           main] o.hibernate.jpa.internal.util.LogHelper  : HHH000204: Processing PersistenceUnitInfo [name: default]
-2026-04-15 00:18:38.658 - INFO 129 [] --- [           main] org.hibernate.Version                    : HHH000412: Hibernate ORM core version 6.2.6.Final
-2026-04-15 00:18:38.662 - INFO 129 [] --- [           main] org.hibernate.cfg.Environment            : HHH000406: Using bytecode reflection optimizer
-2026-04-15 00:18:38.927 - INFO 129 [] --- [           main] o.h.b.i.BytecodeProviderInitiator        : HHH000021: Bytecode provider name : bytebuddy
-2026-04-15 00:18:39.108 - INFO 129 [] --- [           main] o.s.o.j.p.SpringPersistenceUnitInfo      : No LoadTimeWeaver setup: ignoring JPA class transformer
-2026-04-15 00:18:39.274 - INFO 129 [] --- [           main] o.h.b.i.BytecodeProviderInitiator        : HHH000021: Bytecode provider name : bytebuddy
-2026-04-15 00:18:39.510 - INFO 129 [] --- [           main] o.h.e.t.j.p.i.JtaPlatformInitiator       : HHH000490: Using JtaPlatform implementation: [org.hibernate.engine.transaction.jta.platform.internal.NoJtaPlatform]
-2026-04-15 00:18:39.515 - INFO 129 [] --- [           main] j.LocalContainerEntityManagerFactoryBean : Initialized JPA EntityManagerFactory for persistence unit 'default'
-2026-04-15 00:18:41.902 -DEBUG 129 [] --- [           main] ySourcesPropertyResolver$DefaultResolver : Found key 'app.baseUrl' in PropertySource 'Config resource 'class path resource [config/application.properties]' via location 'optional:classpath:/config/'' with value of type String
-2026-04-15 00:18:41.902 -DEBUG 129 [] --- [           main] ySourcesPropertyResolver$DefaultResolver : Found key 'app.baseDomain' in PropertySource 'systemProperties' with value of type String
-2026-04-15 00:18:41.960 - INFO 129 [] --- [           main] e.w.o.credentialengine.SyncTargetConfig  : Sync target: Credential Engine (apiKey set)
-2026-04-15 00:18:42.300 - INFO 129 [] --- [           main] c.g.s.r.l.RqueueMessageListenerContainer : Initializing queue registry
-2026-04-15 00:18:42.303 - WARN 129 [] --- [           main] c.g.s.r.l.RqueueMessageListenerContainer : Dead letter queue dead-letters is set but retry is not set
-2026-04-15 00:18:42.303 - WARN 129 [] --- [           main] c.g.s.r.l.RqueueMessageListenerContainer : Dead letter queue dead-letters is set but retry is not set
-2026-04-15 00:18:42.304 - WARN 129 [] --- [           main] c.g.s.r.l.RqueueMessageListenerContainer : Dead letter queue dead-letters is set but retry is not set
-2026-04-15 00:18:42.304 - WARN 129 [] --- [           main] c.g.s.r.l.RqueueMessageListenerContainer : Dead letter queue dead-letters is set but retry is not set
-2026-04-15 00:18:42.304 - WARN 129 [] --- [           main] c.g.s.r.l.RqueueMessageListenerContainer : Dead letter queue dead-letters is set but retry is not set
-2026-04-15 00:18:42.304 - WARN 129 [] --- [           main] c.g.s.r.l.RqueueMessageListenerContainer : Dead letter queue dead-letters is set but retry is not set
-2026-04-15 00:18:42.304 - WARN 129 [] --- [           main] c.g.s.r.l.RqueueMessageListenerContainer : Dead letter queue dead-letters is set but retry is not set
-2026-04-15 00:18:42.304 - WARN 129 [] --- [           main] c.g.s.r.l.RqueueMessageListenerContainer : Dead letter queue dead-letters is set but retry is not set
-2026-04-15 00:18:42.304 - WARN 129 [] --- [           main] c.g.s.r.l.RqueueMessageListenerContainer : Dead letter queue dead-letters is set but retry is not set
-2026-04-15 00:18:42.305 - WARN 129 [] --- [           main] c.g.s.r.l.RqueueMessageListenerContainer : Dead letter queue dead-letters is set but retry is not set
-2026-04-15 00:18:42.307 - WARN 129 [] --- [           main] c.g.s.r.l.RqueueMessageListenerContainer : Dead letter queue dead-letters is set but retry is not set
-2026-04-15 00:18:42.307 - WARN 129 [] --- [           main] c.g.s.r.l.RqueueMessageListenerContainer : Dead letter queue dead-letters is set but retry is not set
-2026-04-15 00:18:42.307 - WARN 129 [] --- [           main] c.g.s.r.l.RqueueMessageListenerContainer : Dead letter queue dead-letters is set but retry is not set
-2026-04-15 00:18:42.454 - WARN 129 [] --- [           main] JpaBaseConfiguration$JpaWebConfiguration : spring.jpa.open-in-view is enabled by default. Therefore, database queries may be performed during view rendering. Explicitly configure spring.jpa.open-in-view to disable this warning
-2026-04-15 00:18:42.620 -DEBUG 129 [] --- [           main] s.w.s.m.m.a.RequestMappingHandlerMapping : 96 mappings in 'requestMappingHandlerMapping'
-2026-04-15 00:18:42.628 -DEBUG 129 [] --- [           main] o.s.w.s.handler.SimpleUrlHandlerMapping  : Patterns [/{notApiOrAssetPaths:(?!api|assets|whitelabel)[^\.]*(?!\.\w+)}/**] in 'viewControllerHandlerMapping'
-2026-04-15 00:18:42.735 -DEBUG 129 [] --- [           main] o.s.w.s.handler.SimpleUrlHandlerMapping  : Patterns [/**, /assets/**] in 'resourceHandlerMapping'
-2026-04-15 00:18:42.915 - INFO 129 [] --- [           main] o.s.b.a.e.web.EndpointLinksResolver      : Exposing 1 endpoint(s) beneath base path ''
-2026-04-15 00:18:42.965 - INFO 129 [] --- [           main] o.s.s.web.DefaultSecurityFilterChain     : Will secure any request with [org.springframework.security.web.session.DisableEncodeUrlFilter@6666410a, org.springframework.security.web.context.request.async.WebAsyncManagerIntegrationFilter@30760c5, org.springframework.security.web.context.SecurityContextHolderFilter@5d2e6b31, org.springframework.security.web.header.HeaderWriterFilter@7e846cca, org.springframework.web.filter.CorsFilter@26a8e303, org.springframework.security.web.savedrequest.RequestCacheAwareFilter@125ce4b7, org.springframework.security.web.servletapi.SecurityContextHolderAwareRequestFilter@4bec8704, org.springframework.security.web.authentication.AnonymousAuthenticationFilter@18365e98, org.springframework.security.web.access.ExceptionTranslationFilter@7a54fc29, org.springframework.security.web.access.intercept.AuthorizationFilter@2ec969ba]
-2026-04-15 00:18:42.971 - WARN 129 [] --- [           main] o.s.s.c.a.web.builders.WebSecurity       : You are asking Spring Security to ignore Mvc [pattern='/version']. This is not recommended -- please use permitAll via HttpSecurity#authorizeHttpRequests instead.
-2026-04-15 00:18:42.971 - INFO 129 [] --- [           main] o.s.s.web.DefaultSecurityFilterChain     : Will not secure Mvc [pattern='/version']
-2026-04-15 00:18:42.971 - WARN 129 [] --- [           main] o.s.s.c.a.web.builders.WebSecurity       : You are asking Spring Security to ignore Mvc [pattern='/health']. This is not recommended -- please use permitAll via HttpSecurity#authorizeHttpRequests instead.
-2026-04-15 00:18:42.971 - INFO 129 [] --- [           main] o.s.s.web.DefaultSecurityFilterChain     : Will not secure Mvc [pattern='/health']
-2026-04-15 00:18:43.027 -DEBUG 129 [] --- [           main] s.w.s.m.m.a.RequestMappingHandlerAdapter : ControllerAdvice beans: 0 @ModelAttribute, 0 @InitBinder, 1 RequestBodyAdvice, 1 ResponseBodyAdvice
-2026-04-15 00:18:43.067 -DEBUG 129 [] --- [           main] .m.m.a.ExceptionHandlerExceptionResolver : ControllerAdvice beans: 2 @ExceptionHandler, 1 ResponseBodyAdvice
-2026-04-15 00:18:43.508 - INFO 129 [] --- [           main] o.s.b.w.embedded.tomcat.TomcatWebServer  : Tomcat started on port(s): 8080 (http) with context path ''
-2026-04-15 00:18:43.509 - INFO 129 [] --- [           main] .r.w.s.RqueueJobMetricsAggregatorService : Starting task aggregation 07ead56c-20b3-49e2-a6b2-866314e282aa
-2026-04-15 00:18:43.512 - INFO 129 [] --- [           main] c.g.s.r.l.RqueueMessageListenerContainer : Starting Rqueue Message container 07ead56c-20b3-49e2-a6b2-866314e282aa
-2026-04-15 00:18:43.905 -DEBUG 129 [] --- [           main] .s.b.a.l.ConditionEvaluationReportLogger : 
============================
CONDITIONS EVALUATION REPORT
============================
Positive matches:
-----------------
   AopAutoConfiguration matched:
      - @ConditionalOnProperty (spring.aop.auto=true) matched (OnPropertyCondition)
   AopAutoConfiguration.AspectJAutoProxyingConfiguration matched:
      - @ConditionalOnClass found required class 'org.aspectj.weaver.Advice' (OnClassCondition)
   AopAutoConfiguration.AspectJAutoProxyingConfiguration.CglibAutoProxyConfiguration matched:
      - @ConditionalOnProperty (spring.aop.proxy-target-class=true) matched (OnPropertyCondition)
   ApplicationAvailabilityAutoConfiguration#applicationAvailability matched:
      - @ConditionalOnMissingBean (types: org.springframework.boot.availability.ApplicationAvailability; SearchStrategy: all) did not find any beans (OnBeanCondition)
   CacheAutoConfiguration matched:
      - @ConditionalOnClass found required class 'org.springframework.cache.CacheManager' (OnClassCondition)
      - @ConditionalOnBean (types: org.springframework.cache.interceptor.CacheAspectSupport; SearchStrategy: all) found bean 'cacheInterceptor'; @ConditionalOnMissingBean (names: cacheResolver types: org.springframework.cache.CacheManager; SearchStrategy: all) did not find any beans (OnBeanCondition)
   CacheAutoConfiguration#cacheManagerCustomizers matched:
      - @ConditionalOnMissingBean (types: org.springframework.boot.autoconfigure.cache.CacheManagerCustomizers; SearchStrategy: all) did not find any beans (OnBeanCondition)
   CacheAutoConfiguration.CacheManagerEntityManagerFactoryDependsOnPostProcessor matched:
      - @ConditionalOnClass found required class 'org.springframework.orm.jpa.LocalContainerEntityManagerFactoryBean' (OnClassCondition)
      - @ConditionalOnBean (types: org.springframework.orm.jpa.AbstractEntityManagerFactoryBean; SearchStrategy: all) found bean '&entityManagerFactory' (OnBeanCondition)
   CacheMeterBinderProvidersConfiguration matched:
      - @ConditionalOnClass found required class 'io.micrometer.core.instrument.binder.MeterBinder' (OnClassCondition)
   CacheMeterBinderProvidersConfiguration.JCacheCacheMeterBinderProviderConfiguration matched:
      - @ConditionalOnClass found required classes 'org.springframework.cache.jcache.JCacheCache', 'javax.cache.CacheManager' (OnClassCondition)
   CacheMeterBinderProvidersConfiguration.RedisCacheMeterBinderProviderConfiguration matched:
      - @ConditionalOnClass found required class 'org.springframework.data.redis.cache.RedisCache' (OnClassCondition)
   CacheMetricsAutoConfiguration matched:
      - @ConditionalOnBean (types: org.springframework.cache.CacheManager; SearchStrategy: all) found bean 'cacheManager' (OnBeanCondition)
   CacheMetricsRegistrarConfiguration matched:
      - @ConditionalOnBean (types: org.springframework.boot.actuate.metrics.cache.CacheMeterBinderProvider,io.micrometer.core.instrument.MeterRegistry; SearchStrategy: all) found beans 'simpleMeterRegistry', 'redisCacheMeterBinderProvider', 'jCacheCacheMeterBinderProvider' (OnBeanCondition)
   ClientHttpConnectorAutoConfiguration matched:
      - @ConditionalOnClass found required class 'org.springframework.web.reactive.function.client.WebClient' (OnClassCondition)
   ClientHttpConnectorAutoConfiguration#webClientHttpConnector matched:
      - @ConditionalOnMissingBean (types: org.springframework.http.client.reactive.ClientHttpConnector; SearchStrategy: all) did not find any beans (OnBeanCondition)
   ClientHttpConnectorAutoConfiguration#webClientHttpConnectorCustomizer matched:
      - @ConditionalOnBean (types: org.springframework.http.client.reactive.ClientHttpConnector; SearchStrategy: all) found bean 'webClientHttpConnector' (OnBeanCondition)
   ClientHttpConnectorFactoryConfiguration.ReactorNetty matched:
      - @ConditionalOnClass found required class 'reactor.netty.http.client.HttpClient' (OnClassCondition)
      - @ConditionalOnMissingBean (types: org.springframework.boot.autoconfigure.web.reactive.function.client.ClientHttpConnectorFactory; SearchStrategy: all) did not find any beans (OnBeanCondition)
   CodecsAutoConfiguration matched:
      - @ConditionalOnClass found required classes 'org.springframework.http.codec.CodecConfigurer', 'org.springframework.web.reactive.function.client.WebClient' (OnClassCondition)
   CodecsAutoConfiguration.JacksonCodecConfiguration matched:
      - @ConditionalOnClass found required class 'com.fasterxml.jackson.databind.ObjectMapper' (OnClassCondition)
   CodecsAutoConfiguration.JacksonCodecConfiguration#jacksonCodecCustomizer matched:
      - @ConditionalOnBean (types: com.fasterxml.jackson.databind.ObjectMapper; SearchStrategy: all) found bean 'objectMapper' (OnBeanCondition)
   CompositeMeterRegistryAutoConfiguration matched:
      - @ConditionalOnClass found required class 'io.micrometer.core.instrument.composite.CompositeMeterRegistry' (OnClassCondition)
   DataSourceAutoConfiguration matched:
      - @ConditionalOnClass found required classes 'javax.sql.DataSource', 'org.springframework.jdbc.datasource.embedded.EmbeddedDatabaseType' (OnClassCondition)
      - @ConditionalOnMissingBean (types: io.r2dbc.spi.ConnectionFactory; SearchStrategy: all) did not find any beans (OnBeanCondition)
   DataSourceAutoConfiguration.PooledDataSourceConfiguration matched:
      - AnyNestedCondition 1 matched 1 did not; NestedCondition on DataSourceAutoConfiguration.PooledDataSourceCondition.PooledDataSourceAvailable PooledDataSource found supported DataSource; NestedCondition on DataSourceAutoConfiguration.PooledDataSourceCondition.ExplicitType @ConditionalOnProperty (spring.datasource.type) did not find property 'type' (DataSourceAutoConfiguration.PooledDataSourceCondition)
      - @ConditionalOnMissingBean (types: javax.sql.DataSource,javax.sql.XADataSource; SearchStrategy: all) did not find any beans (OnBeanCondition)
   DataSourceAutoConfiguration.PooledDataSourceConfiguration#jdbcConnectionDetails matched:
      - @ConditionalOnMissingBean (types: org.springframework.boot.autoconfigure.jdbc.JdbcConnectionDetails; SearchStrategy: all) did not find any beans (OnBeanCondition)
   DataSourceConfiguration.Hikari matched:
      - @ConditionalOnClass found required class 'com.zaxxer.hikari.HikariDataSource' (OnClassCondition)
      - @ConditionalOnProperty (spring.datasource.type=com.zaxxer.hikari.HikariDataSource) matched (OnPropertyCondition)
      - @ConditionalOnMissingBean (types: javax.sql.DataSource; SearchStrategy: all) did not find any beans (OnBeanCondition)
   DataSourceHealthContributorAutoConfiguration matched:
      - @ConditionalOnClass found required classes 'org.springframework.jdbc.core.JdbcTemplate', 'org.springframework.jdbc.datasource.lookup.AbstractRoutingDataSource' (OnClassCondition)
      - @ConditionalOnEnabledHealthIndicator management.health.db.enabled is true (OnEnabledHealthIndicatorCondition)
      - @ConditionalOnBean (types: javax.sql.DataSource; SearchStrategy: all) found bean 'dataSource' (OnBeanCondition)
   DataSourceHealthContributorAutoConfiguration#dbHealthContributor matched:
      - @ConditionalOnMissingBean (names: dbHealthIndicator,dbHealthContributor; SearchStrategy: all) did not find any beans (OnBeanCondition)
   DataSourceInitializationConfiguration matched:
      - @ConditionalOnClass found required class 'org.springframework.jdbc.datasource.init.DatabasePopulator' (OnClassCondition)
      - @ConditionalOnSingleCandidate (types: javax.sql.DataSource; SearchStrategy: all) found a single bean 'dataSource'; @ConditionalOnMissingBean (types: org.springframework.boot.autoconfigure.sql.init.SqlDataSourceScriptDatabaseInitializer,org.springframework.boot.autoconfigure.sql.init.SqlR2dbcScriptDatabaseInitializer; SearchStrategy: all) did not find any beans (OnBeanCondition)
   DataSourceJmxConfiguration matched:
      - @ConditionalOnProperty (spring.jmx.enabled=true) matched (OnPropertyCondition)
   DataSourceJmxConfiguration.Hikari matched:
      - @ConditionalOnClass found required class 'com.zaxxer.hikari.HikariDataSource' (OnClassCondition)
      - @ConditionalOnSingleCandidate (types: javax.sql.DataSource; SearchStrategy: all) found a single bean 'dataSource' (OnBeanCondition)
   DataSourcePoolMetadataProvidersConfiguration.HikariPoolDataSourceMetadataProviderConfiguration matched:
      - @ConditionalOnClass found required class 'com.zaxxer.hikari.HikariDataSource' (OnClassCondition)
   DataSourcePoolMetricsAutoConfiguration matched:
      - @ConditionalOnClass found required classes 'javax.sql.DataSource', 'io.micrometer.core.instrument.MeterRegistry' (OnClassCondition)
      - @ConditionalOnBean (types: javax.sql.DataSource,io.micrometer.core.instrument.MeterRegistry; SearchStrategy: all) found beans 'simpleMeterRegistry', 'dataSource' (OnBeanCondition)
   DataSourcePoolMetricsAutoConfiguration.DataSourcePoolMetadataMetricsConfiguration matched:
      - @ConditionalOnBean (types: org.springframework.boot.jdbc.metadata.DataSourcePoolMetadataProvider; SearchStrategy: all) found bean 'hikariPoolDataSourceMetadataProvider' (OnBeanCondition)
   DataSourcePoolMetricsAutoConfiguration.HikariDataSourceMetricsConfiguration matched:
      - @ConditionalOnClass found required class 'com.zaxxer.hikari.HikariDataSource' (OnClassCondition)
   DataSourceTransactionManagerAutoConfiguration matched:
      - @ConditionalOnClass found required classes 'org.springframework.jdbc.core.JdbcTemplate', 'org.springframework.transaction.TransactionManager' (OnClassCondition)
   DataSourceTransactionManagerAutoConfiguration.JdbcTransactionManagerConfiguration matched:
      - @ConditionalOnSingleCandidate (types: javax.sql.DataSource; SearchStrategy: all) found a single bean 'dataSource' (OnBeanCondition)
   DiskSpaceHealthContributorAutoConfiguration matched:
      - @ConditionalOnEnabledHealthIndicator management.health.defaults.enabled is considered true (OnEnabledHealthIndicatorCondition)
   DiskSpaceHealthContributorAutoConfiguration#diskSpaceHealthIndicator matched:
      - @ConditionalOnMissingBean (names: diskSpaceHealthIndicator; SearchStrategy: all) did not find any beans (OnBeanCondition)
   DispatcherServletAutoConfiguration matched:
      - @ConditionalOnClass found required class 'org.springframework.web.servlet.DispatcherServlet' (OnClassCondition)
      - found 'session' scope (OnWebApplicationCondition)
   DispatcherServletAutoConfiguration.DispatcherServletConfiguration matched:
      - @ConditionalOnClass found required class 'jakarta.servlet.ServletRegistration' (OnClassCondition)
      - Default DispatcherServlet did not find dispatcher servlet beans (DispatcherServletAutoConfiguration.DefaultDispatcherServletCondition)
   DispatcherServletAutoConfiguration.DispatcherServletRegistrationConfiguration matched:
      - @ConditionalOnClass found required class 'jakarta.servlet.ServletRegistration' (OnClassCondition)
      - DispatcherServlet Registration did not find servlet registration bean (DispatcherServletAutoConfiguration.DispatcherServletRegistrationCondition)
   DispatcherServletAutoConfiguration.DispatcherServletRegistrationConfiguration#dispatcherServletRegistration matched:
      - @ConditionalOnBean (names: dispatcherServlet types: org.springframework.web.servlet.DispatcherServlet; SearchStrategy: all) found bean 'dispatcherServlet' (OnBeanCondition)
   ElasticsearchClientAutoConfiguration matched:
      - @ConditionalOnClass found required class 'co.elastic.clients.elasticsearch.ElasticsearchClient' (OnClassCondition)
   ElasticsearchClientConfigurations.ElasticsearchClientConfiguration matched:
      - @ConditionalOnBean (types: co.elastic.clients.transport.ElasticsearchTransport; SearchStrategy: all) found bean 'restClientTransport' (OnBeanCondition)
   ElasticsearchClientConfigurations.ElasticsearchTransportConfiguration matched:
      - @ConditionalOnBean (types: org.elasticsearch.client.RestClient; SearchStrategy: all) found bean 'elasticsearchRestClient'; @ConditionalOnMissingBean (types: co.elastic.clients.transport.ElasticsearchTransport; SearchStrategy: all) did not find any beans (OnBeanCondition)
   ElasticsearchClientConfigurations.JacksonJsonpMapperConfiguration matched:
      - @ConditionalOnClass found required class 'com.fasterxml.jackson.databind.ObjectMapper' (OnClassCondition)
      - @ConditionalOnMissingBean (types: co.elastic.clients.json.JsonpMapper; SearchStrategy: all) did not find any beans (OnBeanCondition)
   ElasticsearchDataAutoConfiguration matched:
      - @ConditionalOnClass found required class 'org.springframework.data.elasticsearch.client.elc.ElasticsearchTemplate' (OnClassCondition)
   ElasticsearchDataConfiguration.BaseConfiguration#elasticsearchConverter matched:
      - @ConditionalOnMissingBean (types: org.springframework.data.elasticsearch.core.convert.ElasticsearchConverter; SearchStrategy: all) did not find any beans (OnBeanCondition)
   ElasticsearchDataConfiguration.BaseConfiguration#elasticsearchMappingContext matched:
      - @ConditionalOnMissingBean (types: org.springframework.data.elasticsearch.core.mapping.SimpleElasticsearchMappingContext; SearchStrategy: all) did not find any beans (OnBeanCondition)
   ElasticsearchDataConfiguration.JavaClientConfiguration matched:
      - @ConditionalOnClass found required class 'co.elastic.clients.elasticsearch.ElasticsearchClient' (OnClassCondition)
   ElasticsearchDataConfiguration.ReactiveRestClientConfiguration#reactiveElasticsearchTemplate matched:
      - @ConditionalOnBean (types: org.springframework.data.elasticsearch.client.elc.ReactiveElasticsearchClient; SearchStrategy: all) found bean 'reactiveElasticsearchClient'; @ConditionalOnMissingBean (names: reactiveElasticsearchTemplate types: org.springframework.data.elasticsearch.core.ReactiveElasticsearchOperations; SearchStrategy: all) did not find any beans (OnBeanCondition)
   ElasticsearchReactiveHealthContributorAutoConfiguration matched:
      - @ConditionalOnClass found required classes 'org.springframework.data.elasticsearch.client.elc.ReactiveElasticsearchClient', 'reactor.core.publisher.Flux' (OnClassCondition)
      - @ConditionalOnEnabledHealthIndicator management.health.elasticsearch.enabled is true (OnEnabledHealthIndicatorCondition)
      - @ConditionalOnBean (types: org.springframework.data.elasticsearch.client.elc.ReactiveElasticsearchClient; SearchStrategy: all) found bean 'reactiveElasticsearchClient' (OnBeanCondition)
   ElasticsearchReactiveHealthContributorAutoConfiguration#elasticsearchHealthContributor matched:
      - @ConditionalOnMissingBean (names: elasticsearchHealthIndicator,elasticsearchHealthContributor; SearchStrategy: all) did not find any beans (OnBeanCondition)
   ElasticsearchRestClientAutoConfiguration matched:
      - @ConditionalOnClass found required class 'org.elasticsearch.client.RestClientBuilder' (OnClassCondition)
   ElasticsearchRestClientConfigurations.RestClientBuilderConfiguration matched:
      - @ConditionalOnMissingBean (types: org.elasticsearch.client.RestClientBuilder; SearchStrategy: all) did not find any beans (OnBeanCondition)
   ElasticsearchRestClientConfigurations.RestClientBuilderConfiguration#elasticsearchConnectionDetails matched:
      - @ConditionalOnMissingBean (types: org.springframework.boot.autoconfigure.elasticsearch.ElasticsearchConnectionDetails; SearchStrategy: all) did not find any beans (OnBeanCondition)
   ElasticsearchRestClientConfigurations.RestClientConfiguration matched:
      - @ConditionalOnMissingBean (types: org.elasticsearch.client.RestClient; SearchStrategy: all) did not find any beans (OnBeanCondition)
   ElasticsearchRestHealthContributorAutoConfiguration matched:
      - @ConditionalOnClass found required class 'org.elasticsearch.client.RestClient' (OnClassCondition)
      - @ConditionalOnEnabledHealthIndicator management.health.elasticsearch.enabled is true (OnEnabledHealthIndicatorCondition)
      - @ConditionalOnBean (types: org.elasticsearch.client.RestClient; SearchStrategy: all) found bean 'elasticsearchRestClient' (OnBeanCondition)
   EmbeddedWebServerFactoryCustomizerAutoConfiguration matched:
      - @ConditionalOnWebApplication (required) found 'session' scope (OnWebApplicationCondition)
      - @ConditionalOnWarDeployment the application is not deployed as a WAR file. (OnWarDeploymentCondition)
   EmbeddedWebServerFactoryCustomizerAutoConfiguration.NettyWebServerFactoryCustomizerConfiguration matched:
      - @ConditionalOnClass found required class 'reactor.netty.http.server.HttpServer' (OnClassCondition)
   EmbeddedWebServerFactoryCustomizerAutoConfiguration.TomcatWebServerFactoryCustomizerConfiguration matched:
      - @ConditionalOnClass found required classes 'org.apache.catalina.startup.Tomcat', 'org.apache.coyote.UpgradeProtocol' (OnClassCondition)
   EndpointAutoConfiguration#endpointCachingOperationInvokerAdvisor matched:
      - @ConditionalOnMissingBean (types: org.springframework.boot.actuate.endpoint.invoker.cache.CachingOperationInvokerAdvisor; SearchStrategy: all) did not find any beans (OnBeanCondition)
   EndpointAutoConfiguration#endpointOperationParameterMapper matched:
      - @ConditionalOnMissingBean (types: org.springframework.boot.actuate.endpoint.invoke.ParameterValueMapper; SearchStrategy: all) did not find any beans (OnBeanCondition)
   ErrorMvcAutoConfiguration matched:
      - @ConditionalOnClass found required classes 'jakarta.servlet.Servlet', 'org.springframework.web.servlet.DispatcherServlet' (OnClassCondition)
      - found 'session' scope (OnWebApplicationCondition)
   ErrorMvcAutoConfiguration#basicErrorController matched:
      - @ConditionalOnMissingBean (types: org.springframework.boot.web.servlet.error.ErrorController; SearchStrategy: current) did not find any beans (OnBeanCondition)
   ErrorMvcAutoConfiguration#errorAttributes matched:
      - @ConditionalOnMissingBean (types: org.springframework.boot.web.servlet.error.ErrorAttributes; SearchStrategy: current) did not find any beans (OnBeanCondition)
   ErrorMvcAutoConfiguration.DefaultErrorViewResolverConfiguration#conventionErrorViewResolver matched:
      - @ConditionalOnBean (types: org.springframework.web.servlet.DispatcherServlet; SearchStrategy: all) found bean 'dispatcherServlet'; @ConditionalOnMissingBean (types: org.springframework.boot.autoconfigure.web.servlet.error.ErrorViewResolver; SearchStrategy: all) did not find any beans (OnBeanCondition)
   ErrorMvcAutoConfiguration.WhitelabelErrorViewConfiguration matched:
      - @ConditionalOnProperty (server.error.whitelabel.enabled) matched (OnPropertyCondition)
      - ErrorTemplate Missing did not find error template view (ErrorMvcAutoConfiguration.ErrorTemplateMissingCondition)
   ErrorMvcAutoConfiguration.WhitelabelErrorViewConfiguration#beanNameViewResolver matched:
      - @ConditionalOnMissingBean (types: org.springframework.web.servlet.view.BeanNameViewResolver; SearchStrategy: all) did not find any beans (OnBeanCondition)
   ErrorMvcAutoConfiguration.WhitelabelErrorViewConfiguration#defaultErrorView matched:
      - @ConditionalOnMissingBean (names: error; SearchStrategy: all) did not find any beans (OnBeanCondition)
   GsonAutoConfiguration matched:
      - @ConditionalOnClass found required class 'com.google.gson.Gson' (OnClassCondition)
   GsonAutoConfiguration#gson matched:
      - @ConditionalOnMissingBean (types: com.google.gson.Gson; SearchStrategy: all) did not find any beans (OnBeanCondition)
   GsonAutoConfiguration#gsonBuilder matched:
      - @ConditionalOnMissingBean (types: com.google.gson.GsonBuilder; SearchStrategy: all) did not find any beans (OnBeanCondition)
   GsonHttpMessageConvertersConfiguration matched:
      - @ConditionalOnClass found required class 'com.google.gson.Gson' (OnClassCondition)
   HealthContributorAutoConfiguration#pingHealthContributor matched:
      - @ConditionalOnEnabledHealthIndicator management.health.defaults.enabled is considered true (OnEnabledHealthIndicatorCondition)
   HealthEndpointAutoConfiguration matched:
      - @ConditionalOnAvailableEndpoint marked as exposed by a 'management.endpoints.web.exposure' property (OnAvailableEndpointCondition)
   HealthEndpointConfiguration#healthContributorRegistry matched:
      - @ConditionalOnMissingBean (types: org.springframework.boot.actuate.health.HealthContributorRegistry; SearchStrategy: all) did not find any beans (OnBeanCondition)
   HealthEndpointConfiguration#healthEndpoint matched:
      - @ConditionalOnMissingBean (types: org.springframework.boot.actuate.health.HealthEndpoint; SearchStrategy: all) did not find any beans (OnBeanCondition)
   HealthEndpointConfiguration#healthEndpointGroupMembershipValidator matched:
      - @ConditionalOnProperty (management.endpoint.health.validate-group-membership=true) matched (OnPropertyCondition)
   HealthEndpointConfiguration#healthEndpointGroups matched:
      - @ConditionalOnMissingBean (types: org.springframework.boot.actuate.health.HealthEndpointGroups; SearchStrategy: all) did not find any beans (OnBeanCondition)
   HealthEndpointConfiguration#healthHttpCodeStatusMapper matched:
      - @ConditionalOnMissingBean (types: org.springframework.boot.actuate.health.HttpCodeStatusMapper; SearchStrategy: all) did not find any beans (OnBeanCondition)
   HealthEndpointConfiguration#healthStatusAggregator matched:
      - @ConditionalOnMissingBean (types: org.springframework.boot.actuate.health.StatusAggregator; SearchStrategy: all) did not find any beans (OnBeanCondition)
   HealthEndpointWebExtensionConfiguration matched:
      - found 'session' scope (OnWebApplicationCondition)
      - @ConditionalOnAvailableEndpoint marked as exposed by a 'management.endpoints.web.exposure' property (OnAvailableEndpointCondition)
      - @ConditionalOnBean (types: org.springframework.boot.actuate.health.HealthEndpoint; SearchStrategy: all) found bean 'healthEndpoint' (OnBeanCondition)
   HealthEndpointWebExtensionConfiguration#healthEndpointWebExtension matched:
      - @ConditionalOnMissingBean (types: org.springframework.boot.actuate.health.HealthEndpointWebExtension; SearchStrategy: all) did not find any beans (OnBeanCondition)
   HealthEndpointWebExtensionConfiguration.MvcAdditionalHealthEndpointPathsConfiguration matched:
      - @ConditionalOnAvailableEndpoint marked as exposed by a 'management.endpoints.web.exposure' property (OnAvailableEndpointCondition)
      - @ConditionalOnBean (types: org.springframework.web.servlet.DispatcherServlet; SearchStrategy: all) found bean 'dispatcherServlet' (OnBeanCondition)
   HibernateJpaAutoConfiguration matched:
      - @ConditionalOnClass found required classes 'org.springframework.orm.jpa.LocalContainerEntityManagerFactoryBean', 'jakarta.persistence.EntityManager', 'org.hibernate.engine.spi.SessionImplementor' (OnClassCondition)
   HibernateJpaConfiguration matched:
      - @ConditionalOnSingleCandidate (types: javax.sql.DataSource; SearchStrategy: all) found a single bean 'dataSource' (OnBeanCondition)
   HttpClientObservationsAutoConfiguration matched:
      - @ConditionalOnClass found required class 'io.micrometer.observation.Observation' (OnClassCondition)
      - @ConditionalOnBean (types: io.micrometer.observation.ObservationRegistry; SearchStrategy: all) found bean 'observationRegistry' (OnBeanCondition)
   HttpClientObservationsAutoConfiguration.MeterFilterConfiguration matched:
      - @ConditionalOnClass found required class 'io.micrometer.core.instrument.MeterRegistry' (OnClassCondition)
      - @ConditionalOnBean (types: io.micrometer.core.instrument.MeterRegistry; SearchStrategy: all) found bean 'simpleMeterRegistry' (OnBeanCondition)
   HttpEncodingAutoConfiguration matched:
      - @ConditionalOnClass found required class 'org.springframework.web.filter.CharacterEncodingFilter' (OnClassCondition)
      - found 'session' scope (OnWebApplicationCondition)
      - @ConditionalOnProperty (server.servlet.encoding.enabled) matched (OnPropertyCondition)
   HttpEncodingAutoConfiguration#characterEncodingFilter matched:
      - @ConditionalOnMissingBean (types: org.springframework.web.filter.CharacterEncodingFilter; SearchStrategy: all) did not find any beans (OnBeanCondition)
   HttpMessageConvertersAutoConfiguration matched:
      - @ConditionalOnClass found required class 'org.springframework.http.converter.HttpMessageConverter' (OnClassCondition)
      - NoneNestedConditions 0 matched 1 did not; NestedCondition on HttpMessageConvertersAutoConfiguration.NotReactiveWebApplicationCondition.ReactiveWebApplication not a reactive web application (HttpMessageConvertersAutoConfiguration.NotReactiveWebApplicationCondition)
   HttpMessageConvertersAutoConfiguration#messageConverters matched:
      - @ConditionalOnMissingBean (types: org.springframework.boot.autoconfigure.http.HttpMessageConverters; SearchStrategy: all) did not find any beans (OnBeanCondition)
   HttpMessageConvertersAutoConfiguration.StringHttpMessageConverterConfiguration matched:
      - @ConditionalOnClass found required class 'org.springframework.http.converter.StringHttpMessageConverter' (OnClassCondition)
   HttpMessageConvertersAutoConfiguration.StringHttpMessageConverterConfiguration#stringHttpMessageConverter matched:
      - @ConditionalOnMissingBean (types: org.springframework.http.converter.StringHttpMessageConverter; SearchStrategy: all) did not find any beans (OnBeanCondition)
   InfoContributorAutoConfiguration#gitInfoContributor matched:
      - @ConditionalOnEnabledInfoContributor management.info.git.enabled is true (OnEnabledInfoContributorCondition)
      - @ConditionalOnSingleCandidate (types: org.springframework.boot.info.GitProperties; SearchStrategy: all) found a single bean 'gitProperties'; @ConditionalOnMissingBean (types: org.springframework.boot.actuate.info.GitInfoContributor; SearchStrategy: all) did not find any beans (OnBeanCondition)
   JCacheCacheConfiguration matched:
      - @ConditionalOnClass found required classes 'javax.cache.Caching', 'org.springframework.cache.jcache.JCacheCacheManager' (OnClassCondition)
      - Cache org.springframework.boot.autoconfigure.cache.JCacheCacheConfiguration automatic cache type (CacheCondition)
      - AnyNestedCondition 1 matched 1 did not; NestedCondition on JCacheCacheConfiguration.JCacheAvailableCondition.CustomJCacheCacheManager @ConditionalOnSingleCandidate (types: javax.cache.CacheManager; SearchStrategy: all) did not find any beans; NestedCondition on JCacheCacheConfiguration.JCacheAvailableCondition.JCacheProvider JCache found single JSR-107 provider (JCacheCacheConfiguration.JCacheAvailableCondition)
      - @ConditionalOnMissingBean (types: org.springframework.cache.CacheManager; SearchStrategy: all) did not find any beans (OnBeanCondition)
   JCacheCacheConfiguration#jCacheCacheManager matched:
      - @ConditionalOnMissingBean (types: javax.cache.CacheManager; SearchStrategy: all) did not find any beans (OnBeanCondition)
   JacksonAutoConfiguration matched:
      - @ConditionalOnClass found required class 'com.fasterxml.jackson.databind.ObjectMapper' (OnClassCondition)
   JacksonAutoConfiguration.Jackson2ObjectMapperBuilderCustomizerConfiguration matched:
      - @ConditionalOnClass found required class 'org.springframework.http.converter.json.Jackson2ObjectMapperBuilder' (OnClassCondition)
   JacksonAutoConfiguration.JacksonObjectMapperBuilderConfiguration matched:
      - @ConditionalOnClass found required class 'org.springframework.http.converter.json.Jackson2ObjectMapperBuilder' (OnClassCondition)
   JacksonAutoConfiguration.JacksonObjectMapperBuilderConfiguration#jacksonObjectMapperBuilder matched:
      - @ConditionalOnMissingBean (types: org.springframework.http.converter.json.Jackson2ObjectMapperBuilder; SearchStrategy: all) did not find any beans (OnBeanCondition)
   JacksonAutoConfiguration.JacksonObjectMapperConfiguration matched:
      - @ConditionalOnClass found required class 'org.springframework.http.converter.json.Jackson2ObjectMapperBuilder' (OnClassCondition)
   JacksonAutoConfiguration.ParameterNamesModuleConfiguration matched:
      - @ConditionalOnClass found required class 'com.fasterxml.jackson.module.paramnames.ParameterNamesModule' (OnClassCondition)
   JacksonAutoConfiguration.ParameterNamesModuleConfiguration#parameterNamesModule matched:
      - @ConditionalOnMissingBean (types: com.fasterxml.jackson.module.paramnames.ParameterNamesModule; SearchStrategy: all) did not find any beans (OnBeanCondition)
   JacksonEndpointAutoConfiguration#endpointObjectMapper matched:
      - @ConditionalOnClass found required classes 'com.fasterxml.jackson.databind.ObjectMapper', 'org.springframework.http.converter.json.Jackson2ObjectMapperBuilder' (OnClassCondition)
      - @ConditionalOnProperty (management.endpoints.jackson.isolated-object-mapper) matched (OnPropertyCondition)
   JacksonHttpMessageConvertersConfiguration.MappingJackson2HttpMessageConverterConfiguration matched:
      - @ConditionalOnClass found required class 'com.fasterxml.jackson.databind.ObjectMapper' (OnClassCondition)
      - @ConditionalOnProperty (spring.mvc.converters.preferred-json-mapper=jackson) matched (OnPropertyCondition)
      - @ConditionalOnBean (types: com.fasterxml.jackson.databind.ObjectMapper; SearchStrategy: all) found bean 'objectMapper' (OnBeanCondition)
   JacksonHttpMessageConvertersConfiguration.MappingJackson2HttpMessageConverterConfiguration#mappingJackson2HttpMessageConverter matched:
      - @ConditionalOnMissingBean (types: org.springframework.http.converter.json.MappingJackson2HttpMessageConverter ignored: org.springframework.hateoas.server.mvc.TypeConstrainedMappingJackson2HttpMessageConverter,org.springframework.data.rest.webmvc.alps.AlpsJsonHttpMessageConverter; SearchStrategy: all) did not find any beans (OnBeanCondition)
   JacksonHttpMessageConvertersConfiguration.MappingJackson2XmlHttpMessageConverterConfiguration matched:
      - @ConditionalOnClass found required class 'com.fasterxml.jackson.dataformat.xml.XmlMapper' (OnClassCondition)
      - @ConditionalOnBean (types: org.springframework.http.converter.json.Jackson2ObjectMapperBuilder; SearchStrategy: all) found bean 'jacksonObjectMapperBuilder' (OnBeanCondition)
   JacksonHttpMessageConvertersConfiguration.MappingJackson2XmlHttpMessageConverterConfiguration#mappingJackson2XmlHttpMessageConverter matched:
      - @ConditionalOnMissingBean (types: org.springframework.http.converter.xml.MappingJackson2XmlHttpMessageConverter; SearchStrategy: all) did not find any beans (OnBeanCondition)
   JdbcTemplateAutoConfiguration matched:
      - @ConditionalOnClass found required classes 'javax.sql.DataSource', 'org.springframework.jdbc.core.JdbcTemplate' (OnClassCondition)
      - @ConditionalOnSingleCandidate (types: javax.sql.DataSource; SearchStrategy: all) found a single bean 'dataSource' (OnBeanCondition)
   JdbcTemplateConfiguration matched:
      - @ConditionalOnMissingBean (types: org.springframework.jdbc.core.JdbcOperations; SearchStrategy: all) did not find any beans (OnBeanCondition)
   JpaBaseConfiguration#entityManagerFactory matched:
      - @ConditionalOnMissingBean (types: org.springframework.orm.jpa.LocalContainerEntityManagerFactoryBean,jakarta.persistence.EntityManagerFactory; SearchStrategy: all) did not find any beans (OnBeanCondition)
   JpaBaseConfiguration#entityManagerFactoryBuilder matched:
      - @ConditionalOnMissingBean (types: org.springframework.boot.orm.jpa.EntityManagerFactoryBuilder; SearchStrategy: all) did not find any beans (OnBeanCondition)
   JpaBaseConfiguration#jpaVendorAdapter matched:
      - @ConditionalOnMissingBean (types: org.springframework.orm.jpa.JpaVendorAdapter; SearchStrategy: all) did not find any beans (OnBeanCondition)
   JpaBaseConfiguration.JpaWebConfiguration matched:
      - @ConditionalOnClass found required class 'org.springframework.web.servlet.config.annotation.WebMvcConfigurer' (OnClassCondition)
      - found 'session' scope (OnWebApplicationCondition)
      - @ConditionalOnProperty (spring.jpa.open-in-view=true) matched (OnPropertyCondition)
      - @ConditionalOnMissingBean (types: org.springframework.orm.jpa.support.OpenEntityManagerInViewInterceptor,org.springframework.orm.jpa.support.OpenEntityManagerInViewFilter; SearchStrategy: all) did not find any beans (OnBeanCondition)
   JpaBaseConfiguration.PersistenceManagedTypesConfiguration matched:
      - @ConditionalOnMissingBean (types: org.springframework.orm.jpa.LocalContainerEntityManagerFactoryBean,jakarta.persistence.EntityManagerFactory; SearchStrategy: all) did not find any beans (OnBeanCondition)
   JpaBaseConfiguration.PersistenceManagedTypesConfiguration#persistenceManagedTypes matched:
      - @ConditionalOnMissingBean (types: org.springframework.orm.jpa.persistenceunit.PersistenceManagedTypes; SearchStrategy: all) did not find any beans (OnBeanCondition)
   JtaAutoConfiguration matched:
      - @ConditionalOnClass found required class 'jakarta.transaction.Transaction' (OnClassCondition)
      - @ConditionalOnProperty (spring.jta.enabled) matched (OnPropertyCondition)
   JvmMetricsAutoConfiguration matched:
      - @ConditionalOnClass found required class 'io.micrometer.core.instrument.MeterRegistry' (OnClassCondition)
      - @ConditionalOnBean (types: io.micrometer.core.instrument.MeterRegistry; SearchStrategy: all) found bean 'simpleMeterRegistry' (OnBeanCondition)
   JvmMetricsAutoConfiguration#classLoaderMetrics matched:
      - @ConditionalOnMissingBean (types: io.micrometer.core.instrument.binder.jvm.ClassLoaderMetrics; SearchStrategy: all) did not find any beans (OnBeanCondition)
   JvmMetricsAutoConfiguration#jvmCompilationMetrics matched:
      - @ConditionalOnMissingBean (types: io.micrometer.core.instrument.binder.jvm.JvmCompilationMetrics; SearchStrategy: all) did not find any beans (OnBeanCondition)
   JvmMetricsAutoConfiguration#jvmGcMetrics matched:
      - @ConditionalOnMissingBean (types: io.micrometer.core.instrument.binder.jvm.JvmGcMetrics; SearchStrategy: all) did not find any beans (OnBeanCondition)
   JvmMetricsAutoConfiguration#jvmHeapPressureMetrics matched:
      - @ConditionalOnMissingBean (types: io.micrometer.core.instrument.binder.jvm.JvmHeapPressureMetrics; SearchStrategy: all) did not find any beans (OnBeanCondition)
   JvmMetricsAutoConfiguration#jvmInfoMetrics matched:
      - @ConditionalOnMissingBean (types: io.micrometer.core.instrument.binder.jvm.JvmInfoMetrics; SearchStrategy: all) did not find any beans (OnBeanCondition)
   JvmMetricsAutoConfiguration#jvmMemoryMetrics matched:
      - @ConditionalOnMissingBean (types: io.micrometer.core.instrument.binder.jvm.JvmMemoryMetrics; SearchStrategy: all) did not find any beans (OnBeanCondition)
   JvmMetricsAutoConfiguration#jvmThreadMetrics matched:
      - @ConditionalOnMissingBean (types: io.micrometer.core.instrument.binder.jvm.JvmThreadMetrics; SearchStrategy: all) did not find any beans (OnBeanCondition)
   LettuceConnectionConfiguration matched:
      - @ConditionalOnClass found required class 'io.lettuce.core.RedisClient' (OnClassCondition)
      - @ConditionalOnProperty (spring.data.redis.client-type=lettuce) matched (OnPropertyCondition)
   LettuceConnectionConfiguration#lettuceClientResources matched:
      - @ConditionalOnMissingBean (types: io.lettuce.core.resource.ClientResources; SearchStrategy: all) did not find any beans (OnBeanCondition)
   LettuceMetricsAutoConfiguration matched:
      - @ConditionalOnClass found required classes 'io.lettuce.core.RedisClient', 'io.lettuce.core.metrics.MicrometerCommandLatencyRecorder' (OnClassCondition)
      - @ConditionalOnBean (types: io.micrometer.core.instrument.MeterRegistry; SearchStrategy: all) found bean 'simpleMeterRegistry' (OnBeanCondition)
   LettuceMetricsAutoConfiguration#micrometerOptions matched:
      - @ConditionalOnMissingBean (types: io.lettuce.core.metrics.MicrometerOptions; SearchStrategy: all) did not find any beans (OnBeanCondition)
   LifecycleAutoConfiguration#defaultLifecycleProcessor matched:
      - @ConditionalOnMissingBean (names: lifecycleProcessor; SearchStrategy: current) did not find any beans (OnBeanCondition)
   LogbackMetricsAutoConfiguration matched:
      - @ConditionalOnClass found required classes 'io.micrometer.core.instrument.MeterRegistry', 'ch.qos.logback.classic.LoggerContext', 'org.slf4j.LoggerFactory' (OnClassCondition)
      - LogbackLoggingCondition ILoggerFactory is a Logback LoggerContext (LogbackMetricsAutoConfiguration.LogbackLoggingCondition)
      - @ConditionalOnBean (types: io.micrometer.core.instrument.MeterRegistry; SearchStrategy: all) found bean 'simpleMeterRegistry' (OnBeanCondition)
   LogbackMetricsAutoConfiguration#logbackMetrics matched:
      - @ConditionalOnMissingBean (types: io.micrometer.core.instrument.binder.logging.LogbackMetrics; SearchStrategy: all) did not find any beans (OnBeanCondition)
   ManagementContextAutoConfiguration.SameManagementContextConfiguration matched:
      - Management Port actual port type (SAME) matched required type (OnManagementPortCondition)
   MetricsAutoConfiguration matched:
      - @ConditionalOnClass found required class 'io.micrometer.core.annotation.Timed' (OnClassCondition)
   MetricsAutoConfiguration#micrometerClock matched:
      - @ConditionalOnMissingBean (types: io.micrometer.core.instrument.Clock; SearchStrategy: all) did not find any beans (OnBeanCondition)
   MultipartAutoConfiguration matched:
      - @ConditionalOnClass found required classes 'jakarta.servlet.Servlet', 'org.springframework.web.multipart.support.StandardServletMultipartResolver', 'jakarta.servlet.MultipartConfigElement' (OnClassCondition)
      - found 'session' scope (OnWebApplicationCondition)
      - @ConditionalOnProperty (spring.servlet.multipart.enabled) matched (OnPropertyCondition)
   MultipartAutoConfiguration#multipartConfigElement matched:
      - @ConditionalOnMissingBean (types: jakarta.servlet.MultipartConfigElement; SearchStrategy: all) did not find any beans (OnBeanCondition)
   MultipartAutoConfiguration#multipartResolver matched:
      - @ConditionalOnMissingBean (types: org.springframework.web.multipart.MultipartResolver; SearchStrategy: all) did not find any beans (OnBeanCondition)
   NamedParameterJdbcTemplateConfiguration matched:
      - @ConditionalOnSingleCandidate (types: org.springframework.jdbc.core.JdbcTemplate; SearchStrategy: all) found a single bean 'jdbcTemplate'; @ConditionalOnMissingBean (types: org.springframework.jdbc.core.namedparam.NamedParameterJdbcOperations; SearchStrategy: all) did not find any beans (OnBeanCondition)
   NettyAutoConfiguration matched:
      - @ConditionalOnClass found required class 'io.netty.util.NettyRuntime' (OnClassCondition)
   OAuth2ClientAutoConfiguration matched:
      - @ConditionalOnClass found required classes 'org.springframework.security.config.annotation.web.configuration.EnableWebSecurity', 'org.springframework.security.oauth2.client.registration.ClientRegistration' (OnClassCondition)
      - found 'session' scope (OnWebApplicationCondition)
   OAuth2ResourceServerAutoConfiguration matched:
      - @ConditionalOnClass found required class 'org.springframework.security.oauth2.server.resource.authentication.BearerTokenAuthenticationToken' (OnClassCondition)
      - found 'session' scope (OnWebApplicationCondition)
   OAuth2ResourceServerOpaqueTokenConfiguration.OpaqueTokenIntrospectionClientConfiguration matched:
      - @ConditionalOnMissingBean (types: org.springframework.security.oauth2.server.resource.introspection.OpaqueTokenIntrospector; SearchStrategy: all) did not find any beans (OnBeanCondition)
   Oauth2ResourceServerConfiguration.JwtConfiguration matched:
      - @ConditionalOnClass found required class 'org.springframework.security.oauth2.jwt.JwtDecoder' (OnClassCondition)
   ObservationAutoConfiguration matched:
      - @ConditionalOnClass found required class 'io.micrometer.observation.ObservationRegistry' (OnClassCondition)
   ObservationAutoConfiguration#observationRegistry matched:
      - @ConditionalOnMissingBean (types: io.micrometer.observation.ObservationRegistry; SearchStrategy: all) did not find any beans (OnBeanCondition)
   ObservationAutoConfiguration.MeterObservationHandlerConfiguration matched:
      - @ConditionalOnBean (types: io.micrometer.core.instrument.MeterRegistry; SearchStrategy: all) found bean 'simpleMeterRegistry'; @ConditionalOnMissingBean (types: io.micrometer.core.instrument.observation.MeterObservationHandler; SearchStrategy: all) did not find any beans (OnBeanCondition)
   ObservationAutoConfiguration.MeterObservationHandlerConfiguration.OnlyMetricsMeterObservationHandlerConfiguration matched:
      - @ConditionalOnMissingBean (types: io.micrometer.tracing.Tracer; SearchStrategy: all) did not find any beans (OnBeanCondition)
   ObservationAutoConfiguration.OnlyMetricsConfiguration matched:
      - @ConditionalOnClass found required class 'io.micrometer.core.instrument.MeterRegistry'; @ConditionalOnMissingClass did not find unwanted class 'io.micrometer.tracing.Tracer' (OnClassCondition)
   PersistenceExceptionTranslationAutoConfiguration matched:
      - @ConditionalOnClass found required class 'org.springframework.dao.annotation.PersistenceExceptionTranslationPostProcessor' (OnClassCondition)
   PersistenceExceptionTranslationAutoConfiguration#persistenceExceptionTranslationPostProcessor matched:
      - @ConditionalOnProperty (spring.dao.exceptiontranslation.enabled) matched (OnPropertyCondition)
      - @ConditionalOnMissingBean (types: org.springframework.dao.annotation.PersistenceExceptionTranslationPostProcessor; SearchStrategy: all) did not find any beans (OnBeanCondition)
   ProjectInfoAutoConfiguration#gitProperties matched:
      - GitResource found git info at classpath:git.properties (ProjectInfoAutoConfiguration.GitResourceAvailableCondition)
      - @ConditionalOnMissingBean (types: org.springframework.boot.info.GitProperties; SearchStrategy: all) did not find any beans (OnBeanCondition)
   PropertyPlaceholderAutoConfiguration#propertySourcesPlaceholderConfigurer matched:
      - @ConditionalOnMissingBean (types: org.springframework.context.support.PropertySourcesPlaceholderConfigurer; SearchStrategy: current) did not find any beans (OnBeanCondition)
   ReactiveElasticsearchClientAutoConfiguration matched:
      - @ConditionalOnClass found required classes 'org.springframework.data.elasticsearch.client.elc.ReactiveElasticsearchClient', 'co.elastic.clients.transport.ElasticsearchTransport', 'reactor.core.publisher.Mono' (OnClassCondition)
   ReactiveElasticsearchClientAutoConfiguration#reactiveElasticsearchClient matched:
      - @ConditionalOnBean (types: co.elastic.clients.transport.ElasticsearchTransport; SearchStrategy: all) found bean 'restClientTransport'; @ConditionalOnMissingBean (types: org.springframework.data.elasticsearch.client.elc.ReactiveElasticsearchClient; SearchStrategy: all) did not find any beans (OnBeanCondition)
   ReactiveElasticsearchRepositoriesAutoConfiguration matched:
      - @ConditionalOnClass found required classes 'org.springframework.data.elasticsearch.client.elc.ReactiveElasticsearchClient', 'org.springframework.data.elasticsearch.repository.ReactiveElasticsearchRepository' (OnClassCondition)
      - @ConditionalOnProperty (spring.data.elasticsearch.repositories.enabled=true) matched (OnPropertyCondition)
      - @ConditionalOnMissingBean (types: org.springframework.data.elasticsearch.repository.support.ReactiveElasticsearchRepositoryFactoryBean; SearchStrategy: all) did not find any beans (OnBeanCondition)
   ReactiveHealthEndpointConfiguration matched:
      - @ConditionalOnClass found required class 'reactor.core.publisher.Flux' (OnClassCondition)
      - @ConditionalOnBean (types: org.springframework.boot.actuate.health.HealthEndpoint; SearchStrategy: all) found bean 'healthEndpoint' (OnBeanCondition)
   ReactiveHealthEndpointConfiguration#reactiveHealthContributorRegistry matched:
      - @ConditionalOnMissingBean (types: org.springframework.boot.actuate.health.ReactiveHealthContributorRegistry; SearchStrategy: all) did not find any beans (OnBeanCondition)
   ReactiveSecurityAutoConfiguration matched:
      - @ConditionalOnClass found required classes 'reactor.core.publisher.Flux', 'org.springframework.security.config.annotation.web.reactive.EnableWebFluxSecurity', 'org.springframework.security.web.server.WebFilterChainProxy', 'org.springframework.web.reactive.config.WebFluxConfigurer' (OnClassCondition)
   ReactorNettyConfigurations.ReactorResourceFactoryConfiguration#reactorResourceFactory matched:
      - @ConditionalOnMissingBean (types: org.springframework.http.client.reactive.ReactorResourceFactory; SearchStrategy: all) did not find any beans (OnBeanCondition)
   RedisAutoConfiguration matched:
      - @ConditionalOnClass found required class 'org.springframework.data.redis.core.RedisOperations' (OnClassCondition)
   RedisAutoConfiguration#redisConnectionDetails matched:
      - @ConditionalOnMissingBean (types: org.springframework.boot.autoconfigure.data.redis.RedisConnectionDetails; SearchStrategy: all) did not find any beans (OnBeanCondition)
   RedisAutoConfiguration#redisTemplate matched:
      - @ConditionalOnSingleCandidate (types: org.springframework.data.redis.connection.RedisConnectionFactory; SearchStrategy: all) found a single bean 'redisConnectionFactory'; @ConditionalOnMissingBean (names: redisTemplate; SearchStrategy: all) did not find any beans (OnBeanCondition)
   RedisAutoConfiguration#stringRedisTemplate matched:
      - @ConditionalOnSingleCandidate (types: org.springframework.data.redis.connection.RedisConnectionFactory; SearchStrategy: all) found a single bean 'redisConnectionFactory'; @ConditionalOnMissingBean (types: org.springframework.data.redis.core.StringRedisTemplate; SearchStrategy: all) did not find any beans (OnBeanCondition)
   RedisHealthContributorAutoConfiguration matched:
      - @ConditionalOnClass found required class 'org.springframework.data.redis.connection.RedisConnectionFactory' (OnClassCondition)
      - @ConditionalOnEnabledHealthIndicator management.health.redis.enabled is true (OnEnabledHealthIndicatorCondition)
      - @ConditionalOnBean (types: org.springframework.data.redis.connection.RedisConnectionFactory; SearchStrategy: all) found bean 'redisConnectionFactory' (OnBeanCondition)
   RedisReactiveAutoConfiguration matched:
      - @ConditionalOnClass found required classes 'org.springframework.data.redis.connection.ReactiveRedisConnectionFactory', 'org.springframework.data.redis.core.ReactiveRedisTemplate', 'reactor.core.publisher.Flux' (OnClassCondition)
   RedisReactiveAutoConfiguration#reactiveRedisTemplate matched:
      - @ConditionalOnBean (types: org.springframework.data.redis.connection.ReactiveRedisConnectionFactory; SearchStrategy: all) found bean 'redisConnectionFactory'; @ConditionalOnMissingBean (names: reactiveRedisTemplate; SearchStrategy: all) did not find any beans (OnBeanCondition)
   RedisReactiveAutoConfiguration#reactiveStringRedisTemplate matched:
      - @ConditionalOnBean (types: org.springframework.data.redis.connection.ReactiveRedisConnectionFactory; SearchStrategy: all) found bean 'redisConnectionFactory'; @ConditionalOnMissingBean (names: reactiveStringRedisTemplate; SearchStrategy: all) did not find any beans (OnBeanCondition)
   RedisReactiveHealthContributorAutoConfiguration matched:
      - @ConditionalOnClass found required classes 'org.springframework.data.redis.connection.ReactiveRedisConnectionFactory', 'reactor.core.publisher.Flux' (OnClassCondition)
      - @ConditionalOnEnabledHealthIndicator management.health.redis.enabled is true (OnEnabledHealthIndicatorCondition)
      - @ConditionalOnBean (types: org.springframework.data.redis.connection.ReactiveRedisConnectionFactory; SearchStrategy: all) found bean 'redisConnectionFactory' (OnBeanCondition)
   RedisReactiveHealthContributorAutoConfiguration#redisHealthContributor matched:
      - @ConditionalOnMissingBean (names: redisHealthIndicator,redisHealthContributor; SearchStrategy: all) did not find any beans (OnBeanCondition)
   RedisSessionConfiguration matched:
      - @ConditionalOnClass found required classes 'org.springframework.data.redis.core.RedisTemplate', 'org.springframework.session.data.redis.RedisIndexedSessionRepository' (OnClassCondition)
   RedisSessionConfiguration.DefaultRedisSessionConfiguration matched:
      - @ConditionalOnProperty (spring.session.redis.repository-type=default) matched (OnPropertyCondition)
   RepositoryMetricsAutoConfiguration matched:
      - @ConditionalOnClass found required class 'org.springframework.data.repository.Repository' (OnClassCondition)
      - @ConditionalOnBean (types: io.micrometer.core.instrument.MeterRegistry; SearchStrategy: all) found bean 'simpleMeterRegistry' (OnBeanCondition)
   RepositoryMetricsAutoConfiguration#metricsRepositoryMethodInvocationListener matched:
      - @ConditionalOnMissingBean (types: org.springframework.boot.actuate.metrics.data.MetricsRepositoryMethodInvocationListener; SearchStrategy: all) did not find any beans (OnBeanCondition)
   RepositoryMetricsAutoConfiguration#repositoryTagsProvider matched:
      - @ConditionalOnMissingBean (types: org.springframework.boot.actuate.metrics.data.RepositoryTagsProvider; SearchStrategy: all) did not find any beans (OnBeanCondition)
   RestTemplateAutoConfiguration matched:
      - @ConditionalOnClass found required class 'org.springframework.web.client.RestTemplate' (OnClassCondition)
      - NoneNestedConditions 0 matched 1 did not; NestedCondition on RestTemplateAutoConfiguration.NotReactiveWebApplicationCondition.ReactiveWebApplication not a reactive web application (RestTemplateAutoConfiguration.NotReactiveWebApplicationCondition)
   RestTemplateAutoConfiguration#restTemplateBuilder matched:
      - @ConditionalOnMissingBean (types: org.springframework.boot.web.client.RestTemplateBuilder; SearchStrategy: all) did not find any beans (OnBeanCondition)
   RestTemplateAutoConfiguration#restTemplateBuilderConfigurer matched:
      - @ConditionalOnMissingBean (types: org.springframework.boot.autoconfigure.web.client.RestTemplateBuilderConfigurer; SearchStrategy: all) did not find any beans (OnBeanCondition)
   RestTemplateObservationConfiguration matched:
      - @ConditionalOnClass found required class 'org.springframework.web.client.RestTemplate' (OnClassCondition)
      - @ConditionalOnBean (types: org.springframework.boot.web.client.RestTemplateBuilder; SearchStrategy: all) found bean 'restTemplateBuilder' (OnBeanCondition)
   RqueueListenerAutoConfig#rqueueEndpointManager matched:
      - @ConditionalOnMissingBean (types: com.github.sonus21.rqueue.core.RqueueEndpointManager; SearchStrategy: all) did not find any beans (OnBeanCondition)
   RqueueListenerAutoConfig#rqueueMessageEnqueuer matched:
      - @ConditionalOnMissingBean (types: com.github.sonus21.rqueue.core.RqueueMessageEnqueuer; SearchStrategy: all) did not find any beans (OnBeanCondition)
   RqueueListenerAutoConfig#rqueueMessageHandler matched:
      - @ConditionalOnMissingBean (types: com.github.sonus21.rqueue.listener.RqueueMessageHandler; SearchStrategy: all) did not find any beans (OnBeanCondition)
   RqueueListenerAutoConfig#rqueueMessageListenerContainer matched:
      - @ConditionalOnMissingBean (types: com.github.sonus21.rqueue.listener.RqueueMessageListenerContainer; SearchStrategy: all) did not find any beans (OnBeanCondition)
   RqueueListenerAutoConfig#rqueueMessageManager matched:
      - @ConditionalOnMissingBean (types: com.github.sonus21.rqueue.core.RqueueMessageManager; SearchStrategy: all) did not find any beans (OnBeanCondition)
   RqueueListenerAutoConfig#rqueueMessageTemplate matched:
      - @ConditionalOnMissingBean (types: com.github.sonus21.rqueue.core.RqueueMessageTemplate; SearchStrategy: all) did not find any beans (OnBeanCondition)
   RqueueMetricsAutoConfig matched:
      - @ConditionalOnClass found required class 'io.micrometer.core.instrument.MeterRegistry' (OnClassCondition)
   SecurityAutoConfiguration matched:
      - @ConditionalOnClass found required class 'org.springframework.security.authentication.DefaultAuthenticationEventPublisher' (OnClassCondition)
   SecurityAutoConfiguration#authenticationEventPublisher matched:
      - @ConditionalOnMissingBean (types: org.springframework.security.authentication.AuthenticationEventPublisher; SearchStrategy: all) did not find any beans (OnBeanCondition)
   SecurityFilterAutoConfiguration matched:
      - @ConditionalOnClass found required classes 'org.springframework.security.web.context.AbstractSecurityWebApplicationInitializer', 'org.springframework.security.config.http.SessionCreationPolicy' (OnClassCondition)
      - found 'session' scope (OnWebApplicationCondition)
   SecurityFilterAutoConfiguration#securityFilterChainRegistration matched:
      - @ConditionalOnBean (names: springSecurityFilterChain; SearchStrategy: all) found bean 'springSecurityFilterChain' (OnBeanCondition)
   SecurityRequestMatchersManagementContextConfiguration matched:
      - @ConditionalOnClass found required class 'org.springframework.security.web.util.matcher.RequestMatcher' (OnClassCondition)
      - found 'session' scope (OnWebApplicationCondition)
   SecurityRequestMatchersManagementContextConfiguration.MvcRequestMatcherConfiguration matched:
      - @ConditionalOnClass found required class 'org.springframework.web.servlet.DispatcherServlet' (OnClassCondition)
      - @ConditionalOnBean (types: org.springframework.boot.autoconfigure.web.servlet.DispatcherServletPath; SearchStrategy: all) found bean 'dispatcherServletRegistration' (OnBeanCondition)
   SecurityRequestMatchersManagementContextConfiguration.MvcRequestMatcherConfiguration#requestMatcherProvider matched:
      - @ConditionalOnClass found required class 'org.springframework.web.servlet.DispatcherServlet' (OnClassCondition)
      - @ConditionalOnMissingBean (types: org.springframework.boot.autoconfigure.security.servlet.RequestMatcherProvider; SearchStrategy: all) did not find any beans (OnBeanCondition)
   ServletEndpointManagementContextConfiguration matched:
      - found 'session' scope (OnWebApplicationCondition)
   ServletEndpointManagementContextConfiguration.WebMvcServletEndpointManagementContextConfiguration matched:
      - @ConditionalOnClass found required class 'org.springframework.web.servlet.DispatcherServlet' (OnClassCondition)
   ServletManagementContextAutoConfiguration matched:
      - @ConditionalOnClass found required class 'jakarta.servlet.Servlet' (OnClassCondition)
      - found 'session' scope (OnWebApplicationCondition)
   ServletWebServerFactoryAutoConfiguration matched:
      - @ConditionalOnClass found required class 'jakarta.servlet.ServletRequest' (OnClassCondition)
      - found 'session' scope (OnWebApplicationCondition)
   ServletWebServerFactoryAutoConfiguration#tomcatServletWebServerFactoryCustomizer matched:
      - @ConditionalOnClass found required class 'org.apache.catalina.startup.Tomcat' (OnClassCondition)
   ServletWebServerFactoryConfiguration.EmbeddedTomcat matched:
      - @ConditionalOnClass found required classes 'jakarta.servlet.Servlet', 'org.apache.catalina.startup.Tomcat', 'org.apache.coyote.UpgradeProtocol' (OnClassCondition)
      - @ConditionalOnMissingBean (types: org.springframework.boot.web.servlet.server.ServletWebServerFactory; SearchStrategy: current) did not find any beans (OnBeanCondition)
   SessionAutoConfiguration matched:
      - @ConditionalOnClass found required class 'org.springframework.session.Session' (OnClassCondition)
      - @ConditionalOnWebApplication (required) found 'session' scope (OnWebApplicationCondition)
   SessionAutoConfiguration.ServletSessionConfiguration matched:
      - found 'session' scope (OnWebApplicationCondition)
   SessionAutoConfiguration.ServletSessionConfiguration#cookieSerializer matched:
      - AnyNestedCondition 1 matched 1 did not; NestedCondition on SessionAutoConfiguration.DefaultCookieSerializerCondition.CookieHttpSessionIdResolverAvailable found non-matching nested conditions @ConditionalOnBean (types: org.springframework.session.web.http.CookieHttpSessionIdResolver; SearchStrategy: all) did not find any beans of type org.springframework.session.web.http.CookieHttpSessionIdResolver, @ConditionalOnBean (types: org.springframework.session.web.http.CookieHttpSessionIdResolver; SearchStrategy: all) did not find any beans of type org.springframework.session.web.http.CookieHttpSessionIdResolver; NestedCondition on SessionAutoConfiguration.DefaultCookieSerializerCondition.NoComponentsAvailable @ConditionalOnMissingBean (types: org.springframework.session.web.http.HttpSessionIdResolver,org.springframework.session.web.http.CookieSerializer; SearchStrategy: all) did not find any beans (SessionAutoConfiguration.DefaultCookieSerializerCondition)
   SessionAutoConfiguration.ServletSessionConfiguration.RememberMeServicesConfiguration matched:
      - @ConditionalOnClass found required class 'org.springframework.security.web.authentication.RememberMeServices' (OnClassCondition)
   SessionRepositoryFilterConfiguration matched:
      - @ConditionalOnBean (types: org.springframework.session.web.http.SessionRepositoryFilter; SearchStrategy: all) found bean 'springSessionRepositoryFilter' (OnBeanCondition)
   SimpleMetricsExportAutoConfiguration matched:
      - @ConditionalOnEnabledMetricsExport management.defaults.metrics.export.enabled is considered true (OnMetricsExportEnabledCondition)
      - @ConditionalOnBean (types: io.micrometer.core.instrument.Clock; SearchStrategy: all) found bean 'micrometerClock'; @ConditionalOnMissingBean (types: io.micrometer.core.instrument.MeterRegistry; SearchStrategy: all) did not find any beans (OnBeanCondition)
   SimpleMetricsExportAutoConfiguration#simpleConfig matched:
      - @ConditionalOnMissingBean (types: io.micrometer.core.instrument.simple.SimpleConfig; SearchStrategy: all) did not find any beans (OnBeanCondition)
   SpringBootWebSecurityConfiguration matched:
      - found 'session' scope (OnWebApplicationCondition)
   SpringDataWebAutoConfiguration matched:
      - @ConditionalOnClass found required classes 'org.springframework.data.web.PageableHandlerMethodArgumentResolver', 'org.springframework.web.servlet.config.annotation.WebMvcConfigurer' (OnClassCondition)
      - found 'session' scope (OnWebApplicationCondition)
      - @ConditionalOnMissingBean (types: org.springframework.data.web.PageableHandlerMethodArgumentResolver; SearchStrategy: all) did not find any beans (OnBeanCondition)
   SpringDataWebAutoConfiguration#pageableCustomizer matched:
      - @ConditionalOnMissingBean (types: org.springframework.data.web.config.PageableHandlerMethodArgumentResolverCustomizer; SearchStrategy: all) did not find any beans (OnBeanCondition)
   SpringDataWebAutoConfiguration#sortCustomizer matched:
      - @ConditionalOnMissingBean (types: org.springframework.data.web.config.SortHandlerMethodArgumentResolverCustomizer; SearchStrategy: all) did not find any beans (OnBeanCondition)
   SqlInitializationAutoConfiguration matched:
      - @ConditionalOnProperty (spring.sql.init.enabled) matched (OnPropertyCondition)
      - NoneNestedConditions 0 matched 1 did not; NestedCondition on SqlInitializationAutoConfiguration.SqlInitializationModeCondition.ModeIsNever @ConditionalOnProperty (spring.sql.init.mode=never) did not find property 'mode' (SqlInitializationAutoConfiguration.SqlInitializationModeCondition)
   SslAutoConfiguration#sslBundleRegistry matched:
      - @ConditionalOnMissingBean (types: org.springframework.boot.ssl.SslBundleRegistry,org.springframework.boot.ssl.SslBundles; SearchStrategy: all) did not find any beans (OnBeanCondition)
   StartupTimeMetricsListenerAutoConfiguration matched:
      - @ConditionalOnClass found required class 'io.micrometer.core.instrument.MeterRegistry' (OnClassCondition)
      - @ConditionalOnBean (types: io.micrometer.core.instrument.MeterRegistry; SearchStrategy: all) found bean 'simpleMeterRegistry' (OnBeanCondition)
   StartupTimeMetricsListenerAutoConfiguration#startupTimeMetrics matched:
      - @ConditionalOnMissingBean (types: org.springframework.boot.actuate.metrics.startup.StartupTimeMetricsListener; SearchStrategy: all) did not find any beans (OnBeanCondition)
   SystemMetricsAutoConfiguration matched:
      - @ConditionalOnClass found required class 'io.micrometer.core.instrument.MeterRegistry' (OnClassCondition)
      - @ConditionalOnBean (types: io.micrometer.core.instrument.MeterRegistry; SearchStrategy: all) found bean 'simpleMeterRegistry' (OnBeanCondition)
   SystemMetricsAutoConfiguration#diskSpaceMetrics matched:
      - @ConditionalOnMissingBean (types: org.springframework.boot.actuate.metrics.system.DiskSpaceMetricsBinder; SearchStrategy: all) did not find any beans (OnBeanCondition)
   SystemMetricsAutoConfiguration#fileDescriptorMetrics matched:
      - @ConditionalOnMissingBean (types: io.micrometer.core.instrument.binder.system.FileDescriptorMetrics; SearchStrategy: all) did not find any beans (OnBeanCondition)
   SystemMetricsAutoConfiguration#processorMetrics matched:
      - @ConditionalOnMissingBean (types: io.micrometer.core.instrument.binder.system.ProcessorMetrics; SearchStrategy: all) did not find any beans (OnBeanCondition)
   SystemMetricsAutoConfiguration#uptimeMetrics matched:
      - @ConditionalOnMissingBean (types: io.micrometer.core.instrument.binder.system.UptimeMetrics; SearchStrategy: all) did not find any beans (OnBeanCondition)
   TaskExecutionAutoConfiguration matched:
      - @ConditionalOnClass found required class 'org.springframework.scheduling.concurrent.ThreadPoolTaskExecutor' (OnClassCondition)
   TaskExecutionAutoConfiguration#applicationTaskExecutor matched:
      - @ConditionalOnMissingBean (types: java.util.concurrent.Executor; SearchStrategy: all) did not find any beans (OnBeanCondition)
   TaskExecutionAutoConfiguration#taskExecutorBuilder matched:
      - @ConditionalOnMissingBean (types: org.springframework.boot.task.TaskExecutorBuilder; SearchStrategy: all) did not find any beans (OnBeanCondition)
   TaskExecutorMetricsAutoConfiguration matched:
      - @ConditionalOnClass found required class 'io.micrometer.core.instrument.binder.jvm.ExecutorServiceMetrics' (OnClassCondition)
      - @ConditionalOnBean (types: java.util.concurrent.Executor,io.micrometer.core.instrument.MeterRegistry; SearchStrategy: all) found beans 'applicationTaskExecutor', 'simpleMeterRegistry' (OnBeanCondition)
   TaskSchedulingAutoConfiguration matched:
      - @ConditionalOnClass found required class 'org.springframework.scheduling.concurrent.ThreadPoolTaskScheduler' (OnClassCondition)
   TaskSchedulingAutoConfiguration#taskSchedulerBuilder matched:
      - @ConditionalOnMissingBean (types: org.springframework.boot.task.TaskSchedulerBuilder; SearchStrategy: all) did not find any beans (OnBeanCondition)
   TomcatMetricsAutoConfiguration matched:
      - @ConditionalOnClass found required classes 'io.micrometer.core.instrument.binder.tomcat.TomcatMetrics', 'org.apache.catalina.Manager' (OnClassCondition)
      - @ConditionalOnWebApplication (required) found 'session' scope (OnWebApplicationCondition)
   TomcatMetricsAutoConfiguration#tomcatMetricsBinder matched:
      - @ConditionalOnBean (types: io.micrometer.core.instrument.MeterRegistry; SearchStrategy: all) found bean 'simpleMeterRegistry'; @ConditionalOnMissingBean (types: io.micrometer.core.instrument.binder.tomcat.TomcatMetrics,org.springframework.boot.actuate.metrics.web.tomcat.TomcatMetricsBinder; SearchStrategy: all) did not find any beans (OnBeanCondition)
   TransactionAutoConfiguration matched:
      - @ConditionalOnClass found required class 'org.springframework.transaction.PlatformTransactionManager' (OnClassCondition)
   TransactionAutoConfiguration#platformTransactionManagerCustomizers matched:
      - @ConditionalOnMissingBean (types: org.springframework.boot.autoconfigure.transaction.TransactionManagerCustomizers; SearchStrategy: all) did not find any beans (OnBeanCondition)
   TransactionAutoConfiguration.EnableTransactionManagementConfiguration matched:
      - @ConditionalOnBean (types: org.springframework.transaction.TransactionManager; SearchStrategy: all) found bean 'transactionManager'; @ConditionalOnMissingBean (types: org.springframework.transaction.annotation.AbstractTransactionManagementConfiguration; SearchStrategy: all) did not find any beans (OnBeanCondition)
   TransactionAutoConfiguration.EnableTransactionManagementConfiguration.CglibAutoProxyConfiguration matched:
      - @ConditionalOnProperty (spring.aop.proxy-target-class=true) matched (OnPropertyCondition)
   TransactionAutoConfiguration.TransactionTemplateConfiguration matched:
      - @ConditionalOnSingleCandidate (types: org.springframework.transaction.PlatformTransactionManager; SearchStrategy: all) found a single bean 'transactionManager' (OnBeanCondition)
   TransactionAutoConfiguration.TransactionTemplateConfiguration#transactionTemplate matched:
      - @ConditionalOnMissingBean (types: org.springframework.transaction.support.TransactionOperations; SearchStrategy: all) did not find any beans (OnBeanCondition)
   ValidationAutoConfiguration matched:
      - @ConditionalOnClass found required class 'jakarta.validation.executable.ExecutableValidator' (OnClassCondition)
      - @ConditionalOnResource found location classpath:META-INF/services/jakarta.validation.spi.ValidationProvider (OnResourceCondition)
   ValidationAutoConfiguration#defaultValidator matched:
      - @ConditionalOnMissingBean (types: jakarta.validation.Validator; SearchStrategy: all) did not find any beans (OnBeanCondition)
   ValidationAutoConfiguration#methodValidationPostProcessor matched:
      - @ConditionalOnMissingBean (types: org.springframework.validation.beanvalidation.MethodValidationPostProcessor; SearchStrategy: current) did not find any beans (OnBeanCondition)
   WebClientAutoConfiguration matched:
      - @ConditionalOnClass found required class 'org.springframework.web.reactive.function.client.WebClient' (OnClassCondition)
   WebClientAutoConfiguration#webClientBuilder matched:
      - @ConditionalOnMissingBean (types: org.springframework.web.reactive.function.client.WebClient$Builder; SearchStrategy: all) did not find any beans (OnBeanCondition)
   WebClientAutoConfiguration#webClientSsl matched:
      - @ConditionalOnBean (types: org.springframework.boot.ssl.SslBundles; SearchStrategy: all) found bean 'sslBundleRegistry'; @ConditionalOnMissingBean (types: org.springframework.boot.autoconfigure.web.reactive.function.client.WebClientSsl; SearchStrategy: all) did not find any beans (OnBeanCondition)
   WebClientAutoConfiguration.WebClientCodecsConfiguration matched:
      - @ConditionalOnBean (types: org.springframework.boot.web.codec.CodecCustomizer; SearchStrategy: all) found beans 'jacksonCodecCustomizer', 'defaultCodecCustomizer' (OnBeanCondition)
   WebClientAutoConfiguration.WebClientCodecsConfiguration#exchangeStrategiesCustomizer matched:
      - @ConditionalOnMissingBean (types: org.springframework.boot.autoconfigure.web.reactive.function.client.WebClientCodecCustomizer; SearchStrategy: all) did not find any beans (OnBeanCondition)
   WebClientObservationConfiguration matched:
      - @ConditionalOnClass found required class 'org.springframework.web.reactive.function.client.WebClient' (OnClassCondition)
   WebEndpointAutoConfiguration matched:
      - @ConditionalOnWebApplication (required) found 'session' scope (OnWebApplicationCondition)
   WebEndpointAutoConfiguration#controllerEndpointDiscoverer matched:
      - @ConditionalOnMissingBean (types: org.springframework.boot.actuate.endpoint.web.annotation.ControllerEndpointsSupplier; SearchStrategy: all) did not find any beans (OnBeanCondition)
   WebEndpointAutoConfiguration#endpointMediaTypes matched:
      - @ConditionalOnMissingBean (types: org.springframework.boot.actuate.endpoint.web.EndpointMediaTypes; SearchStrategy: all) did not find any beans (OnBeanCondition)
   WebEndpointAutoConfiguration#pathMappedEndpoints matched:
      - @ConditionalOnMissingBean (types: org.springframework.boot.actuate.endpoint.web.PathMappedEndpoints; SearchStrategy: all) did not find any beans (OnBeanCondition)
   WebEndpointAutoConfiguration#webEndpointDiscoverer matched:
      - @ConditionalOnMissingBean (types: org.springframework.boot.actuate.endpoint.web.WebEndpointsSupplier; SearchStrategy: all) did not find any beans (OnBeanCondition)
   WebEndpointAutoConfiguration.WebEndpointServletConfiguration matched:
      - found 'session' scope (OnWebApplicationCondition)
   WebEndpointAutoConfiguration.WebEndpointServletConfiguration#servletEndpointDiscoverer matched:
      - @ConditionalOnMissingBean (types: org.springframework.boot.actuate.endpoint.web.annotation.ServletEndpointsSupplier; SearchStrategy: all) did not find any beans (OnBeanCondition)
   WebMvcEndpointManagementContextConfiguration matched:
      - @ConditionalOnClass found required class 'org.springframework.web.servlet.DispatcherServlet' (OnClassCondition)
      - found 'session' scope (OnWebApplicationCondition)
      - @ConditionalOnBean (types: org.springframework.web.servlet.DispatcherServlet,org.springframework.boot.actuate.endpoint.web.WebEndpointsSupplier; SearchStrategy: all) found beans 'webEndpointDiscoverer', 'dispatcherServlet' (OnBeanCondition)
   WebMvcEndpointManagementContextConfiguration#controllerEndpointHandlerMapping matched:
      - @ConditionalOnMissingBean (types: org.springframework.boot.actuate.endpoint.web.servlet.ControllerEndpointHandlerMapping; SearchStrategy: all) did not find any beans (OnBeanCondition)
   WebMvcEndpointManagementContextConfiguration#endpointObjectMapperWebMvcConfigurer matched:
      - @ConditionalOnBean (types: org.springframework.boot.actuate.endpoint.jackson.EndpointObjectMapper; SearchStrategy: all) found bean 'endpointObjectMapper' (OnBeanCondition)
   WebMvcEndpointManagementContextConfiguration#webEndpointServletHandlerMapping matched:
      - @ConditionalOnMissingBean (types: org.springframework.boot.actuate.endpoint.web.servlet.WebMvcEndpointHandlerMapping; SearchStrategy: all) did not find any beans (OnBeanCondition)
   WebMvcObservationAutoConfiguration matched:
      - @ConditionalOnClass found required classes 'org.springframework.web.servlet.DispatcherServlet', 'io.micrometer.observation.Observation' (OnClassCondition)
      - found 'session' scope (OnWebApplicationCondition)
      - @ConditionalOnBean (types: io.micrometer.observation.ObservationRegistry; SearchStrategy: all) found bean 'observationRegistry' (OnBeanCondition)
   WebMvcObservationAutoConfiguration#webMvcObservationFilter matched:
      - @ConditionalOnMissingBean (types: org.springframework.web.filter.ServerHttpObservationFilter; SearchStrategy: all) did not find any beans (OnBeanCondition)
   WebMvcObservationAutoConfiguration.MeterFilterConfiguration matched:
      - @ConditionalOnClass found required class 'io.micrometer.core.instrument.MeterRegistry' (OnClassCondition)
      - @ConditionalOnBean (types: io.micrometer.core.instrument.MeterRegistry; SearchStrategy: all) found bean 'simpleMeterRegistry' (OnBeanCondition)
   WebSocketServletAutoConfiguration matched:
      - @ConditionalOnClass found required classes 'jakarta.servlet.Servlet', 'jakarta.websocket.server.ServerContainer' (OnClassCondition)
      - found 'session' scope (OnWebApplicationCondition)
   WebSocketServletAutoConfiguration.TomcatWebSocketConfiguration matched:
      - @ConditionalOnClass found required classes 'org.apache.catalina.startup.Tomcat', 'org.apache.tomcat.websocket.server.WsSci' (OnClassCondition)
   WebSocketServletAutoConfiguration.TomcatWebSocketConfiguration#websocketServletWebServerCustomizer matched:
      - @ConditionalOnMissingBean (names: websocketServletWebServerCustomizer; SearchStrategy: all) did not find any beans (OnBeanCondition)
Negative matches:
-----------------
   ActiveMQAutoConfiguration:
      Did not match:
         - @ConditionalOnClass did not find required class 'jakarta.jms.ConnectionFactory' (OnClassCondition)
   AopAutoConfiguration.AspectJAutoProxyingConfiguration.JdkDynamicAutoProxyConfiguration:
      Did not match:
         - @ConditionalOnProperty (spring.aop.proxy-target-class=false) did not find property 'proxy-target-class' (OnPropertyCondition)
   AopAutoConfiguration.ClassProxyingConfiguration:
      Did not match:
         - @ConditionalOnMissingClass found unwanted class 'org.aspectj.weaver.Advice' (OnClassCondition)
   AppOpticsMetricsExportAutoConfiguration:
      Did not match:
         - @ConditionalOnClass did not find required class 'io.micrometer.appoptics.AppOpticsMeterRegistry' (OnClassCondition)
   ArtemisAutoConfiguration:
      Did not match:
         - @ConditionalOnClass did not find required class 'jakarta.jms.ConnectionFactory' (OnClassCondition)
   AtlasMetricsExportAutoConfiguration:
      Did not match:
         - @ConditionalOnClass did not find required class 'io.micrometer.atlas.AtlasMeterRegistry' (OnClassCondition)
   AuditAutoConfiguration:
      Did not match:
         - @ConditionalOnBean (types: org.springframework.boot.actuate.audit.AuditEventRepository; SearchStrategy: all) did not find any beans of type org.springframework.boot.actuate.audit.AuditEventRepository (OnBeanCondition)
      Matched:
         - @ConditionalOnProperty (management.auditevents.enabled) matched (OnPropertyCondition)
   AuditEventsEndpointAutoConfiguration:
      Did not match:
         - @ConditionalOnAvailableEndpoint no property management.endpoint.auditevents.enabled found so using user defined default from management.endpoints.enabled-by-default (OnAvailableEndpointCondition)
   AvailabilityHealthContributorAutoConfiguration#livenessStateHealthIndicator:
      Did not match:
         - @ConditionalOnProperty (management.health.livenessstate.enabled=true) did not find property 'enabled' (OnPropertyCondition)
   AvailabilityHealthContributorAutoConfiguration#readinessStateHealthIndicator:
      Did not match:
         - @ConditionalOnProperty (management.health.readinessstate.enabled=true) did not find property 'enabled' (OnPropertyCondition)
   AvailabilityProbesAutoConfiguration:
      Did not match:
         - Probes availability not running on a supported cloud platform (AvailabilityProbesAutoConfiguration.ProbesCondition)
   BatchAutoConfiguration:
      Did not match:
         - @ConditionalOnClass did not find required class 'org.springframework.batch.core.launch.JobLauncher' (OnClassCondition)
   BatchObservationAutoConfiguration:
      Did not match:
         - @ConditionalOnClass did not find required class 'org.springframework.batch.core.configuration.annotation.BatchObservabilityBeanPostProcessor' (OnClassCondition)
   BeansEndpointAutoConfiguration:
      Did not match:
         - @ConditionalOnAvailableEndpoint no property management.endpoint.beans.enabled found so using user defined default from management.endpoints.enabled-by-default (OnAvailableEndpointCondition)
   BraveAutoConfiguration:
      Did not match:
         - @ConditionalOnClass did not find required class 'brave.Tracer' (OnClassCondition)
   Cache2kCacheConfiguration:
      Did not match:
         - @ConditionalOnClass did not find required class 'org.cache2k.Cache2kBuilder' (OnClassCondition)
   CacheMeterBinderProvidersConfiguration.Cache2kCacheMeterBinderProviderConfiguration:
      Did not match:
         - @ConditionalOnClass did not find required classes 'org.cache2k.Cache2kBuilder', 'org.cache2k.extra.spring.SpringCache2kCache', 'org.cache2k.extra.micrometer.Cache2kCacheMetrics' (OnClassCondition)
   CacheMeterBinderProvidersConfiguration.CaffeineCacheMeterBinderProviderConfiguration:
      Did not match:
         - @ConditionalOnClass did not find required class 'com.github.benmanes.caffeine.cache.Cache' (OnClassCondition)
   CacheMeterBinderProvidersConfiguration.HazelcastCacheMeterBinderProviderConfiguration:
      Did not match:
         - @ConditionalOnClass did not find required classes 'com.hazelcast.spring.cache.HazelcastCache', 'com.hazelcast.core.Hazelcast' (OnClassCondition)
   CachesEndpointAutoConfiguration:
      Did not match:
         - @ConditionalOnAvailableEndpoint no property management.endpoint.caches.enabled found so using user defined default from management.endpoints.enabled-by-default (OnAvailableEndpointCondition)
      Matched:
         - @ConditionalOnClass found required class 'org.springframework.cache.CacheManager' (OnClassCondition)
   CaffeineCacheConfiguration:
      Did not match:
         - @ConditionalOnClass did not find required class 'com.github.benmanes.caffeine.cache.Caffeine' (OnClassCondition)
   CassandraAutoConfiguration:
      Did not match:
         - @ConditionalOnClass did not find required class 'com.datastax.oss.driver.api.core.CqlSession' (OnClassCondition)
   CassandraDataAutoConfiguration:
      Did not match:
         - @ConditionalOnClass did not find required class 'com.datastax.oss.driver.api.core.CqlSession' (OnClassCondition)
   CassandraHealthContributorAutoConfiguration:
      Did not match:
         - @ConditionalOnClass did not find required class 'com.datastax.oss.driver.api.core.CqlSession' (OnClassCondition)
   CassandraReactiveDataAutoConfiguration:
      Did not match:
         - @ConditionalOnClass did not find required class 'com.datastax.oss.driver.api.core.CqlSession' (OnClassCondition)
   CassandraReactiveHealthContributorAutoConfiguration:
      Did not match:
         - @ConditionalOnClass did not find required class 'com.datastax.oss.driver.api.core.CqlSession' (OnClassCondition)
   CassandraReactiveRepositoriesAutoConfiguration:
      Did not match:
         - @ConditionalOnClass did not find required class 'org.springframework.data.cassandra.ReactiveSession' (OnClassCondition)
   CassandraRepositoriesAutoConfiguration:
      Did not match:
         - @ConditionalOnClass did not find required class 'com.datastax.oss.driver.api.core.CqlSession' (OnClassCondition)
   ClientHttpConnectorFactoryConfiguration.HttpClient5:
      Did not match:
         - @ConditionalOnClass did not find required classes 'org.apache.hc.client5.http.impl.async.HttpAsyncClients', 'org.apache.hc.core5.http.nio.AsyncRequestProducer', 'org.apache.hc.core5.reactive.ReactiveResponseConsumer' (OnClassCondition)
   ClientHttpConnectorFactoryConfiguration.JdkClient:
      Did not match:
         - @ConditionalOnMissingBean (types: org.springframework.boot.autoconfigure.web.reactive.function.client.ClientHttpConnectorFactory; SearchStrategy: all) found beans of type 'org.springframework.boot.autoconfigure.web.reactive.function.client.ClientHttpConnectorFactory' reactorClientHttpConnectorFactory (OnBeanCondition)
      Matched:
         - @ConditionalOnClass found required class 'java.net.http.HttpClient' (OnClassCondition)
   ClientHttpConnectorFactoryConfiguration.JettyClient:
      Did not match:
         - @ConditionalOnClass did not find required class 'org.eclipse.jetty.reactive.client.ReactiveRequest' (OnClassCondition)
   CloudFoundryActuatorAutoConfiguration:
      Did not match:
         - @ConditionalOnCloudPlatform did not find CLOUD_FOUNDRY (OnCloudPlatformCondition)
      Matched:
         - @ConditionalOnClass found required class 'org.springframework.web.servlet.DispatcherServlet' (OnClassCondition)
         - found 'session' scope (OnWebApplicationCondition)
         - @ConditionalOnProperty (management.cloudfoundry.enabled) matched (OnPropertyCondition)
   CompositeMeterRegistryConfiguration:
      Did not match:
         - NoneNestedConditions 1 matched 1 did not; NestedCondition on CompositeMeterRegistryConfiguration.MultipleNonPrimaryMeterRegistriesCondition.SingleInjectableMeterRegistry @ConditionalOnSingleCandidate (types: io.micrometer.core.instrument.MeterRegistry; SearchStrategy: all) found a single bean 'simpleMeterRegistry'; NestedCondition on CompositeMeterRegistryConfiguration.MultipleNonPrimaryMeterRegistriesCondition.NoMeterRegistryCondition @ConditionalOnMissingBean (types: io.micrometer.core.instrument.MeterRegistry; SearchStrategy: all) found beans of type 'io.micrometer.core.instrument.MeterRegistry' simpleMeterRegistry (CompositeMeterRegistryConfiguration.MultipleNonPrimaryMeterRegistriesCondition)
   ConditionsReportEndpointAutoConfiguration:
      Did not match:
         - @ConditionalOnAvailableEndpoint no property management.endpoint.conditions.enabled found so using user defined default from management.endpoints.enabled-by-default (OnAvailableEndpointCondition)
   ConfigurationPropertiesReportEndpointAutoConfiguration:
      Did not match:
         - @ConditionalOnAvailableEndpoint no property management.endpoint.configprops.enabled found so using user defined default from management.endpoints.enabled-by-default (OnAvailableEndpointCondition)
   ConnectionFactoryHealthContributorAutoConfiguration:
      Did not match:
         - @ConditionalOnClass did not find required class 'io.r2dbc.spi.ConnectionFactory' (OnClassCondition)
   ConnectionPoolMetricsAutoConfiguration:
      Did not match:
         - @ConditionalOnClass did not find required class 'io.r2dbc.pool.ConnectionPool' (OnClassCondition)
   CouchbaseAutoConfiguration:
      Did not match:
         - @ConditionalOnClass did not find required class 'com.couchbase.client.java.Cluster' (OnClassCondition)
   CouchbaseCacheConfiguration:
      Did not match:
         - @ConditionalOnClass did not find required class 'com.couchbase.client.java.Cluster' (OnClassCondition)
   CouchbaseDataAutoConfiguration:
      Did not match:
         - @ConditionalOnClass did not find required class 'com.couchbase.client.java.Bucket' (OnClassCondition)
   CouchbaseHealthContributorAutoConfiguration:
      Did not match:
         - @ConditionalOnClass did not find required class 'com.couchbase.client.java.Cluster' (OnClassCondition)
   CouchbaseReactiveDataAutoConfiguration:
      Did not match:
         - @ConditionalOnClass did not find required class 'com.couchbase.client.java.Cluster' (OnClassCondition)
   CouchbaseReactiveHealthContributorAutoConfiguration:
      Did not match:
         - @ConditionalOnClass did not find required class 'com.couchbase.client.java.Cluster' (OnClassCondition)
   CouchbaseReactiveRepositoriesAutoConfiguration:
      Did not match:
         - @ConditionalOnClass did not find required class 'com.couchbase.client.java.Cluster' (OnClassCondition)
   CouchbaseRepositoriesAutoConfiguration:
      Did not match:
         - @ConditionalOnClass did not find required class 'com.couchbase.client.java.Bucket' (OnClassCondition)
   DataSourceAutoConfiguration.EmbeddedDatabaseConfiguration:
      Did not match:
         - EmbeddedDataSource spring.datasource.url is set (DataSourceAutoConfiguration.EmbeddedDatabaseCondition)
   DataSourceConfiguration.Dbcp2:
      Did not match:
         - @ConditionalOnClass did not find required class 'org.apache.commons.dbcp2.BasicDataSource' (OnClassCondition)
   DataSourceConfiguration.Generic:
      Did not match:
         - @ConditionalOnProperty (spring.datasource.type) did not find property 'spring.datasource.type' (OnPropertyCondition)
   DataSourceConfiguration.OracleUcp:
      Did not match:
         - @ConditionalOnClass did not find required classes 'oracle.ucp.jdbc.PoolDataSourceImpl', 'oracle.jdbc.OracleConnection' (OnClassCondition)
   DataSourceConfiguration.Tomcat:
      Did not match:
         - @ConditionalOnClass did not find required class 'org.apache.tomcat.jdbc.pool.DataSource' (OnClassCondition)
   DataSourceJmxConfiguration.TomcatDataSourceJmxConfiguration:
      Did not match:
         - @ConditionalOnClass did not find required class 'org.apache.tomcat.jdbc.pool.DataSourceProxy' (OnClassCondition)
   DataSourcePoolMetadataProvidersConfiguration.CommonsDbcp2PoolDataSourceMetadataProviderConfiguration:
      Did not match:
         - @ConditionalOnClass did not find required class 'org.apache.commons.dbcp2.BasicDataSource' (OnClassCondition)
   DataSourcePoolMetadataProvidersConfiguration.OracleUcpPoolDataSourceMetadataProviderConfiguration:
      Did not match:
         - @ConditionalOnClass did not find required classes 'oracle.ucp.jdbc.PoolDataSource', 'oracle.jdbc.OracleConnection' (OnClassCondition)
   DataSourcePoolMetadataProvidersConfiguration.TomcatDataSourcePoolMetadataProviderConfiguration:
      Did not match:
         - @ConditionalOnClass did not find required class 'org.apache.tomcat.jdbc.pool.DataSource' (OnClassCondition)
   DataSourceTransactionManagerAutoConfiguration.JdbcTransactionManagerConfiguration#transactionManager:
      Did not match:
         - @ConditionalOnMissingBean (types: org.springframework.transaction.TransactionManager; SearchStrategy: all) found beans of type 'org.springframework.transaction.TransactionManager' transactionManager (OnBeanCondition)
   DatadogMetricsExportAutoConfiguration:
      Did not match:
         - @ConditionalOnClass did not find required class 'io.micrometer.datadog.DatadogMeterRegistry' (OnClassCondition)
   DispatcherServletAutoConfiguration.DispatcherServletConfiguration#multipartResolver:
      Did not match:
         - @ConditionalOnBean (types: org.springframework.web.multipart.MultipartResolver; SearchStrategy: all) did not find any beans of type org.springframework.web.multipart.MultipartResolver (OnBeanCondition)
   DynatraceMetricsExportAutoConfiguration:
      Did not match:
         - @ConditionalOnClass did not find required class 'io.micrometer.dynatrace.DynatraceMeterRegistry' (OnClassCondition)
   ElasticMetricsExportAutoConfiguration:
      Did not match:
         - @ConditionalOnClass did not find required class 'io.micrometer.elastic.ElasticMeterRegistry' (OnClassCondition)
   ElasticsearchClientConfigurations.ElasticsearchClientConfiguration#elasticsearchClient:
      Did not match:
         - @ConditionalOnMissingBean (types: co.elastic.clients.elasticsearch.ElasticsearchClient; SearchStrategy: all) found beans of type 'co.elastic.clients.elasticsearch.ElasticsearchClient' elasticSearchClient (OnBeanCondition)
   ElasticsearchClientConfigurations.JsonbJsonpMapperConfiguration:
      Did not match:
         - @ConditionalOnBean did not find required type 'jakarta.json.bind.Jsonb' (OnBeanCondition)
         - @ConditionalOnBean (types: jakarta.json.bind.Jsonb; SearchStrategy: all) did not find any beans of type jakarta.json.bind.Jsonb (OnBeanCondition)
   ElasticsearchClientConfigurations.SimpleJsonpMapperConfiguration:
      Did not match:
         - @ConditionalOnMissingBean (types: co.elastic.clients.json.JsonpMapper; SearchStrategy: all) found beans of type 'co.elastic.clients.json.JsonpMapper' jacksonJsonpMapper (OnBeanCondition)
   ElasticsearchDataConfiguration.BaseConfiguration#elasticsearchCustomConversions:
      Did not match:
         - @ConditionalOnMissingBean (types: org.springframework.data.elasticsearch.core.convert.ElasticsearchCustomConversions; SearchStrategy: all) found beans of type 'org.springframework.data.elasticsearch.core.convert.ElasticsearchCustomConversions' elasticSearchCustomConversions (OnBeanCondition)
   ElasticsearchDataConfiguration.JavaClientConfiguration#elasticsearchTemplate:
      Did not match:
         - @ConditionalOnMissingBean (names: elasticsearchTemplate types: org.springframework.data.elasticsearch.core.ElasticsearchOperations; SearchStrategy: all) found beans of type 'org.springframework.data.elasticsearch.core.ElasticsearchOperations' elasticsearchTemplate and found beans named elasticsearchTemplate (OnBeanCondition)
   ElasticsearchRepositoriesAutoConfiguration:
      Did not match:
         - @ConditionalOnMissingBean (types: org.springframework.data.elasticsearch.repository.support.ElasticsearchRepositoryFactoryBean; SearchStrategy: all) found beans of type 'org.springframework.data.elasticsearch.repository.support.ElasticsearchRepositoryFactoryBean' &keywordEsRepo, &collectionEsRepo, &richSkillEsRepo, &jobCodeEsRepo (OnBeanCondition)
      Matched:
         - @ConditionalOnClass found required class 'org.springframework.data.elasticsearch.repository.ElasticsearchRepository' (OnClassCondition)
         - @ConditionalOnProperty (spring.data.elasticsearch.repositories.enabled=true) matched (OnPropertyCondition)
   ElasticsearchRestClientConfigurations.RestClientSnifferConfiguration:
      Did not match:
         - @ConditionalOnClass did not find required class 'org.elasticsearch.client.sniff.Sniffer' (OnClassCondition)
   ElasticsearchRestHealthContributorAutoConfiguration#elasticsearchHealthContributor:
      Did not match:
         - @ConditionalOnMissingBean (names: elasticsearchHealthIndicator,elasticsearchHealthContributor; SearchStrategy: all) found beans named elasticsearchHealthContributor (OnBeanCondition)
   EmbeddedLdapAutoConfiguration:
      Did not match:
         - @ConditionalOnClass did not find required class 'com.unboundid.ldap.listener.InMemoryDirectoryServer' (OnClassCondition)
   EmbeddedWebServerFactoryCustomizerAutoConfiguration.JettyWebServerFactoryCustomizerConfiguration:
      Did not match:
         - @ConditionalOnClass did not find required classes 'org.eclipse.jetty.server.Server', 'org.eclipse.jetty.util.Loader', 'org.eclipse.jetty.webapp.WebAppContext' (OnClassCondition)
   EmbeddedWebServerFactoryCustomizerAutoConfiguration.UndertowWebServerFactoryCustomizerConfiguration:
      Did not match:
         - @ConditionalOnClass did not find required classes 'io.undertow.Undertow', 'org.xnio.SslClientAuthMode' (OnClassCondition)
   EnvironmentEndpointAutoConfiguration:
      Did not match:
         - @ConditionalOnAvailableEndpoint no property management.endpoint.env.enabled found so using user defined default from management.endpoints.enabled-by-default (OnAvailableEndpointCondition)
   ErrorWebFluxAutoConfiguration:
      Did not match:
         - not a reactive web application (OnWebApplicationCondition)
      Matched:
         - @ConditionalOnClass found required class 'org.springframework.web.reactive.config.WebFluxConfigurer' (OnClassCondition)
   FlywayAutoConfiguration:
      Did not match:
         - @ConditionalOnProperty (spring.flyway.enabled) found different value in property 'enabled' (OnPropertyCondition)
      Matched:
         - @ConditionalOnClass found required class 'org.flywaydb.core.Flyway' (OnClassCondition)
   FlywayEndpointAutoConfiguration:
      Did not match:
         - @ConditionalOnAvailableEndpoint no property management.endpoint.flyway.enabled found so using user defined default from management.endpoints.enabled-by-default (OnAvailableEndpointCondition)
      Matched:
         - @ConditionalOnClass found required class 'org.flywaydb.core.Flyway' (OnClassCondition)
   FreeMarkerAutoConfiguration:
      Did not match:
         - @ConditionalOnClass did not find required class 'freemarker.template.Configuration' (OnClassCondition)
   GangliaMetricsExportAutoConfiguration:
      Did not match:
         - @ConditionalOnClass did not find required class 'io.micrometer.ganglia.GangliaMeterRegistry' (OnClassCondition)
   GenericCacheConfiguration:
      Did not match:
         - @ConditionalOnBean (types: org.springframework.cache.Cache; SearchStrategy: all) did not find any beans of type org.springframework.cache.Cache (OnBeanCondition)
      Matched:
         - Cache org.springframework.boot.autoconfigure.cache.GenericCacheConfiguration automatic cache type (CacheCondition)
   GraphQlAutoConfiguration:
      Did not match:
         - @ConditionalOnClass did not find required class 'graphql.GraphQL' (OnClassCondition)
   GraphQlObservationAutoConfiguration:
      Did not match:
         - @ConditionalOnClass did not find required class 'graphql.GraphQL' (OnClassCondition)
   GraphQlQueryByExampleAutoConfiguration:
      Did not match:
         - @ConditionalOnClass did not find required class 'graphql.GraphQL' (OnClassCondition)
   GraphQlQuerydslAutoConfiguration:
      Did not match:
         - @ConditionalOnClass did not find required class 'graphql.GraphQL' (OnClassCondition)
   GraphQlRSocketAutoConfiguration:
      Did not match:
         - @ConditionalOnClass did not find required class 'graphql.GraphQL' (OnClassCondition)
   GraphQlReactiveQueryByExampleAutoConfiguration:
      Did not match:
         - @ConditionalOnClass did not find required class 'graphql.GraphQL' (OnClassCondition)
   GraphQlReactiveQuerydslAutoConfiguration:
      Did not match:
         - @ConditionalOnClass did not find required class 'graphql.GraphQL' (OnClassCondition)
   GraphQlWebFluxAutoConfiguration:
      Did not match:
         - @ConditionalOnClass did not find required class 'graphql.GraphQL' (OnClassCondition)
   GraphQlWebFluxSecurityAutoConfiguration:
      Did not match:
         - @ConditionalOnClass did not find required class 'graphql.GraphQL' (OnClassCondition)
   GraphQlWebMvcAutoConfiguration:
      Did not match:
         - @ConditionalOnClass did not find required class 'graphql.GraphQL' (OnClassCondition)
   GraphQlWebMvcSecurityAutoConfiguration:
      Did not match:
         - @ConditionalOnClass did not find required class 'graphql.GraphQL' (OnClassCondition)
   GraphiteMetricsExportAutoConfiguration:
      Did not match:
         - @ConditionalOnClass did not find required class 'io.micrometer.graphite.GraphiteMeterRegistry' (OnClassCondition)
   GroovyTemplateAutoConfiguration:
      Did not match:
         - @ConditionalOnClass did not find required class 'groovy.text.markup.MarkupTemplateEngine' (OnClassCondition)
   GsonHttpMessageConvertersConfiguration.GsonHttpMessageConverterConfiguration:
      Did not match:
         - AnyNestedCondition 0 matched 2 did not; NestedCondition on GsonHttpMessageConvertersConfiguration.PreferGsonOrJacksonAndJsonbUnavailableCondition.JacksonJsonbUnavailable NoneNestedConditions 1 matched 1 did not; NestedCondition on GsonHttpMessageConvertersConfiguration.JacksonAndJsonbUnavailableCondition.JsonbPreferred @ConditionalOnProperty (spring.mvc.converters.preferred-json-mapper=jsonb) did not find property 'spring.mvc.converters.preferred-json-mapper'; NestedCondition on GsonHttpMessageConvertersConfiguration.JacksonAndJsonbUnavailableCondition.JacksonAvailable @ConditionalOnBean (types: org.springframework.http.converter.json.MappingJackson2HttpMessageConverter; SearchStrategy: all) found bean 'mappingJackson2HttpMessageConverter'; NestedCondition on GsonHttpMessageConvertersConfiguration.PreferGsonOrJacksonAndJsonbUnavailableCondition.GsonPreferred @ConditionalOnProperty (spring.mvc.converters.preferred-json-mapper=gson) did not find property 'spring.mvc.converters.preferred-json-mapper' (GsonHttpMessageConvertersConfiguration.PreferGsonOrJacksonAndJsonbUnavailableCondition)
   H2ConsoleAutoConfiguration:
      Did not match:
         - @ConditionalOnClass did not find required class 'org.h2.server.web.JakartaWebServlet' (OnClassCondition)
   HazelcastAutoConfiguration:
      Did not match:
         - @ConditionalOnClass did not find required class 'com.hazelcast.core.HazelcastInstance' (OnClassCondition)
   HazelcastCacheConfiguration:
      Did not match:
         - @ConditionalOnClass did not find required class 'com.hazelcast.core.HazelcastInstance' (OnClassCondition)
   HazelcastHealthContributorAutoConfiguration:
      Did not match:
         - @ConditionalOnClass did not find required class 'com.hazelcast.core.HazelcastInstance' (OnClassCondition)
   HazelcastJCacheCustomizationConfiguration:
      Did not match:
         - @ConditionalOnClass did not find required class 'com.hazelcast.core.HazelcastInstance' (OnClassCondition)
   HazelcastJpaDependencyAutoConfiguration:
      Did not match:
         - @ConditionalOnClass did not find required class 'com.hazelcast.core.HazelcastInstance' (OnClassCondition)
   HazelcastSessionConfiguration:
      Did not match:
         - @ConditionalOnClass did not find required class 'org.springframework.session.hazelcast.HazelcastIndexedSessionRepository' (OnClassCondition)
   HealthEndpointReactiveWebExtensionConfiguration:
      Did not match:
         - not a reactive web application (OnWebApplicationCondition)
   HealthEndpointWebExtensionConfiguration.JerseyAdditionalHealthEndpointPathsConfiguration:
      Did not match:
         - @ConditionalOnClass did not find required class 'org.glassfish.jersey.server.ResourceConfig' (OnClassCondition)
   HeapDumpWebEndpointAutoConfiguration:
      Did not match:
         - @ConditionalOnAvailableEndpoint no property management.endpoint.heapdump.enabled found so using user defined default from management.endpoints.enabled-by-default (OnAvailableEndpointCondition)
   HibernateMetricsAutoConfiguration:
      Did not match:
         - @ConditionalOnClass did not find required class 'org.hibernate.stat.HibernateMetrics' (OnClassCondition)
   HttpExchangesAutoConfiguration:
      Did not match:
         - @ConditionalOnBean (types: org.springframework.boot.actuate.web.exchanges.HttpExchangeRepository; SearchStrategy: all) did not find any beans of type org.springframework.boot.actuate.web.exchanges.HttpExchangeRepository (OnBeanCondition)
      Matched:
         - @ConditionalOnWebApplication (required) found 'session' scope (OnWebApplicationCondition)
         - @ConditionalOnProperty (management.httpexchanges.recording.enabled) matched (OnPropertyCondition)
   HttpExchangesAutoConfiguration.ReactiveHttpExchangesConfiguration:
      Did not match:
         - not a reactive web application (OnWebApplicationCondition)
         - Ancestor org.springframework.boot.actuate.autoconfigure.web.exchanges.HttpExchangesAutoConfiguration did not match (ConditionEvaluationReport.AncestorsMatchedCondition)
   HttpExchangesAutoConfiguration.ServletHttpExchangesConfiguration:
      Did not match:
         - Ancestor org.springframework.boot.actuate.autoconfigure.web.exchanges.HttpExchangesAutoConfiguration did not match (ConditionEvaluationReport.AncestorsMatchedCondition)
      Matched:
         - found 'session' scope (OnWebApplicationCondition)
   HttpExchangesEndpointAutoConfiguration:
      Did not match:
         - @ConditionalOnAvailableEndpoint no property management.endpoint.httpexchanges.enabled found so using user defined default from management.endpoints.enabled-by-default (OnAvailableEndpointCondition)
   HttpHandlerAutoConfiguration:
      Did not match:
         - not a reactive web application (OnWebApplicationCondition)
      Matched:
         - @ConditionalOnClass found required classes 'org.springframework.web.reactive.DispatcherHandler', 'org.springframework.http.server.reactive.HttpHandler' (OnClassCondition)
   HumioMetricsExportAutoConfiguration:
      Did not match:
         - @ConditionalOnClass did not find required class 'io.micrometer.humio.HumioMeterRegistry' (OnClassCondition)
   HypermediaAutoConfiguration:
      Did not match:
         - @ConditionalOnClass did not find required class 'org.springframework.hateoas.EntityModel' (OnClassCondition)
   InfinispanCacheConfiguration:
      Did not match:
         - @ConditionalOnClass did not find required class 'org.infinispan.spring.embedded.provider.SpringEmbeddedCacheManager' (OnClassCondition)
   InfluxDbAutoConfiguration:
      Did not match:
         - @ConditionalOnClass did not find required class 'org.influxdb.InfluxDB' (OnClassCondition)
   InfluxDbHealthContributorAutoConfiguration:
      Did not match:
         - @ConditionalOnClass did not find required class 'org.influxdb.InfluxDB' (OnClassCondition)
   InfluxMetricsExportAutoConfiguration:
      Did not match:
         - @ConditionalOnClass did not find required class 'io.micrometer.influx.InfluxMeterRegistry' (OnClassCondition)
   InfoContributorAutoConfiguration#buildInfoContributor:
      Did not match:
         - @ConditionalOnSingleCandidate (types: org.springframework.boot.info.BuildProperties; SearchStrategy: all) did not find any beans (OnBeanCondition)
      Matched:
         - @ConditionalOnEnabledInfoContributor management.info.defaults.enabled is considered true (OnEnabledInfoContributorCondition)
   InfoContributorAutoConfiguration#envInfoContributor:
      Did not match:
         - @ConditionalOnEnabledInfoContributor management.info.env.enabled is not true (OnEnabledInfoContributorCondition)
   InfoContributorAutoConfiguration#javaInfoContributor:
      Did not match:
         - @ConditionalOnEnabledInfoContributor management.info.java.enabled is not true (OnEnabledInfoContributorCondition)
   InfoContributorAutoConfiguration#osInfoContributor:
      Did not match:
         - @ConditionalOnEnabledInfoContributor management.info.os.enabled is not true (OnEnabledInfoContributorCondition)
   InfoEndpointAutoConfiguration:
      Did not match:
         - @ConditionalOnAvailableEndpoint found property management.endpoint.info.enabled with value false (OnAvailableEndpointCondition)
   IntegrationAutoConfiguration:
      Did not match:
         - @ConditionalOnClass did not find required class 'org.springframework.integration.config.EnableIntegration' (OnClassCondition)
   IntegrationGraphEndpointAutoConfiguration:
      Did not match:
         - @ConditionalOnClass did not find required class 'org.springframework.integration.graph.IntegrationGraphServer' (OnClassCondition)
   JacksonAutoConfiguration.JacksonObjectMapperConfiguration#jacksonObjectMapper:
      Did not match:
         - @ConditionalOnMissingBean (types: com.fasterxml.jackson.databind.ObjectMapper; SearchStrategy: all) found beans of type 'com.fasterxml.jackson.databind.ObjectMapper' objectMapper (OnBeanCondition)
   JdbcRepositoriesAutoConfiguration:
      Did not match:
         - @ConditionalOnProperty (spring.data.jdbc.repositories.enabled=true) found different value in property 'enabled' (OnPropertyCondition)
      Matched:
         - @ConditionalOnClass found required classes 'org.springframework.jdbc.core.namedparam.NamedParameterJdbcOperations', 'org.springframework.data.jdbc.repository.config.AbstractJdbcConfiguration' (OnClassCondition)
   JdbcSessionConfiguration:
      Did not match:
         - @ConditionalOnClass did not find required class 'org.springframework.session.jdbc.JdbcIndexedSessionRepository' (OnClassCondition)
   JedisConnectionConfiguration:
      Did not match:
         - @ConditionalOnClass did not find required classes 'org.apache.commons.pool2.impl.GenericObjectPool', 'redis.clients.jedis.Jedis' (OnClassCondition)
   JerseyAutoConfiguration:
      Did not match:
         - @ConditionalOnClass did not find required class 'org.glassfish.jersey.server.spring.SpringComponentProvider' (OnClassCondition)
   JerseySameManagementContextConfiguration:
      Did not match:
         - @ConditionalOnClass did not find required class 'org.glassfish.jersey.server.ResourceConfig' (OnClassCondition)
   JerseyServerMetricsAutoConfiguration:
      Did not match:
         - @ConditionalOnClass did not find required class 'io.micrometer.core.instrument.binder.jersey.server.MetricsApplicationEventListener' (OnClassCondition)
   JerseyWebEndpointManagementContextConfiguration:
      Did not match:
         - @ConditionalOnClass did not find required class 'org.glassfish.jersey.server.ResourceConfig' (OnClassCondition)
   JettyMetricsAutoConfiguration:
      Did not match:
         - @ConditionalOnClass did not find required class 'org.eclipse.jetty.server.Server' (OnClassCondition)
   JmsAutoConfiguration:
      Did not match:
         - @ConditionalOnClass did not find required class 'jakarta.jms.Message' (OnClassCondition)
   JmsHealthContributorAutoConfiguration:
      Did not match:
         - @ConditionalOnClass did not find required class 'jakarta.jms.ConnectionFactory' (OnClassCondition)
   JmxAutoConfiguration:
      Did not match:
         - @ConditionalOnProperty (spring.jmx.enabled=true) did not find property 'enabled' (OnPropertyCondition)
      Matched:
         - @ConditionalOnClass found required class 'org.springframework.jmx.export.MBeanExporter' (OnClassCondition)
   JmxEndpointAutoConfiguration:
      Did not match:
         - @ConditionalOnProperty (spring.jmx.enabled=true) did not find property 'enabled' (OnPropertyCondition)
   JmxMetricsExportAutoConfiguration:
      Did not match:
         - @ConditionalOnClass did not find required class 'io.micrometer.jmx.JmxMeterRegistry' (OnClassCondition)
   JndiConnectionFactoryAutoConfiguration:
      Did not match:
         - @ConditionalOnClass did not find required class 'org.springframework.jms.core.JmsTemplate' (OnClassCondition)
   JndiDataSourceAutoConfiguration:
      Did not match:
         - @ConditionalOnProperty (spring.datasource.jndi-name) did not find property 'jndi-name' (OnPropertyCondition)
      Matched:
         - @ConditionalOnClass found required classes 'javax.sql.DataSource', 'org.springframework.jdbc.datasource.embedded.EmbeddedDatabaseType' (OnClassCondition)
   JndiJtaConfiguration:
      Did not match:
         - @ConditionalOnJndi JNDI environment is not available (OnJndiCondition)
      Matched:
         - @ConditionalOnClass found required class 'org.springframework.transaction.jta.JtaTransactionManager' (OnClassCondition)
   JooqAutoConfiguration:
      Did not match:
         - @ConditionalOnClass did not find required class 'org.jooq.DSLContext' (OnClassCondition)
   JpaBaseConfiguration#transactionManager:
      Did not match:
         - @ConditionalOnMissingBean (types: org.springframework.transaction.TransactionManager; SearchStrategy: all) found beans of type 'org.springframework.transaction.TransactionManager' transactionManager (OnBeanCondition)
   JpaRepositoriesAutoConfiguration:
      Did not match:
         - @ConditionalOnProperty (spring.data.jpa.repositories.enabled=true) found different value in property 'enabled' (OnPropertyCondition)
      Matched:
         - @ConditionalOnClass found required class 'org.springframework.data.jpa.repository.JpaRepository' (OnClassCondition)
   JsonbAutoConfiguration:
      Did not match:
         - @ConditionalOnClass did not find required class 'jakarta.json.bind.Jsonb' (OnClassCondition)
   JsonbHttpMessageConvertersConfiguration:
      Did not match:
         - @ConditionalOnClass did not find required class 'jakarta.json.bind.Jsonb' (OnClassCondition)
   KafkaAutoConfiguration:
      Did not match:
         - @ConditionalOnClass did not find required class 'org.springframework.kafka.core.KafkaTemplate' (OnClassCondition)
   KafkaMetricsAutoConfiguration:
      Did not match:
         - @ConditionalOnClass did not find required class 'org.springframework.kafka.core.ProducerFactory' (OnClassCondition)
   KairosMetricsExportAutoConfiguration:
      Did not match:
         - @ConditionalOnClass did not find required class 'io.micrometer.kairos.KairosMeterRegistry' (OnClassCondition)
   LdapAutoConfiguration:
      Did not match:
         - @ConditionalOnClass did not find required class 'org.springframework.ldap.core.ContextSource' (OnClassCondition)
   LdapHealthContributorAutoConfiguration:
      Did not match:
         - @ConditionalOnClass did not find required class 'org.springframework.ldap.core.LdapOperations' (OnClassCondition)
   LdapRepositoriesAutoConfiguration:
      Did not match:
         - @ConditionalOnClass did not find required class 'org.springframework.data.ldap.repository.LdapRepository' (OnClassCondition)
   LettuceConnectionConfiguration#redisConnectionFactory:
      Did not match:
         - @ConditionalOnMissingBean (types: org.springframework.data.redis.connection.RedisConnectionFactory; SearchStrategy: all) found beans of type 'org.springframework.data.redis.connection.RedisConnectionFactory' redisConnectionFactory (OnBeanCondition)
   LiquibaseAutoConfiguration:
      Did not match:
         - @ConditionalOnClass did not find required class 'liquibase.change.DatabaseChange' (OnClassCondition)
   LiquibaseEndpointAutoConfiguration:
      Did not match:
         - @ConditionalOnClass did not find required class 'liquibase.integration.spring.SpringLiquibase' (OnClassCondition)
   Log4J2MetricsAutoConfiguration:
      Did not match:
         - @ConditionalOnClass did not find required class 'org.apache.logging.log4j.core.LoggerContext' (OnClassCondition)
   LogFileWebEndpointAutoConfiguration:
      Did not match:
         - @ConditionalOnAvailableEndpoint no property management.endpoint.logfile.enabled found so using user defined default from management.endpoints.enabled-by-default (OnAvailableEndpointCondition)
   LoggersEndpointAutoConfiguration:
      Did not match:
         - @ConditionalOnAvailableEndpoint no property management.endpoint.loggers.enabled found so using user defined default from management.endpoints.enabled-by-default (OnAvailableEndpointCondition)
   MailHealthContributorAutoConfiguration:
      Did not match:
         - @ConditionalOnBean (types: org.springframework.mail.javamail.JavaMailSenderImpl; SearchStrategy: all) did not find any beans of type org.springframework.mail.javamail.JavaMailSenderImpl (OnBeanCondition)
      Matched:
         - @ConditionalOnClass found required class 'org.springframework.mail.javamail.JavaMailSenderImpl' (OnClassCondition)
         - @ConditionalOnEnabledHealthIndicator management.health.defaults.enabled is considered true (OnEnabledHealthIndicatorCondition)
   MailSenderAutoConfiguration:
      Did not match:
         - @ConditionalOnClass did not find required class 'jakarta.mail.internet.MimeMessage' (OnClassCondition)
   MailSenderValidatorAutoConfiguration:
      Did not match:
         - @ConditionalOnProperty (spring.mail.test-connection) did not find property 'test-connection' (OnPropertyCondition)
   ManagementContextAutoConfiguration.DifferentManagementContextConfiguration:
      Did not match:
         - Management Port actual port type (SAME) did not match required type (DIFFERENT) (OnManagementPortCondition)
   ManagementWebSecurityAutoConfiguration:
      Did not match:
         - AllNestedConditions 1 matched 1 did not; NestedCondition on DefaultWebSecurityCondition.Beans @ConditionalOnMissingBean (types: org.springframework.security.web.SecurityFilterChain; SearchStrategy: all) found beans of type 'org.springframework.security.web.SecurityFilterChain' readOnlySecurityFilterChain; NestedCondition on DefaultWebSecurityCondition.Classes @ConditionalOnClass found required classes 'org.springframework.security.web.SecurityFilterChain', 'org.springframework.security.config.annotation.web.builders.HttpSecurity' (DefaultWebSecurityCondition)
      Matched:
         - found 'session' scope (OnWebApplicationCondition)
   MappingsEndpointAutoConfiguration:
      Did not match:
         - @ConditionalOnAvailableEndpoint no property management.endpoint.mappings.enabled found so using user defined default from management.endpoints.enabled-by-default (OnAvailableEndpointCondition)
   MessageSourceAutoConfiguration:
      Did not match:
         - ResourceBundle did not find bundle with basename messages (MessageSourceAutoConfiguration.ResourceBundleCondition)
   MetricsEndpointAutoConfiguration:
      Did not match:
         - @ConditionalOnAvailableEndpoint no property management.endpoint.metrics.enabled found so using user defined default from management.endpoints.enabled-by-default (OnAvailableEndpointCondition)
      Matched:
         - @ConditionalOnClass found required class 'io.micrometer.core.annotation.Timed' (OnClassCondition)
   MicrometerTracingAutoConfiguration:
      Did not match:
         - @ConditionalOnClass did not find required class 'io.micrometer.tracing.Tracer' (OnClassCondition)
   MongoAutoConfiguration:
      Did not match:
         - @ConditionalOnClass did not find required class 'com.mongodb.client.MongoClient' (OnClassCondition)
   MongoDataAutoConfiguration:
      Did not match:
         - @ConditionalOnClass did not find required class 'com.mongodb.client.MongoClient' (OnClassCondition)
   MongoHealthContributorAutoConfiguration:
      Did not match:
         - @ConditionalOnClass did not find required class 'org.springframework.data.mongodb.core.MongoTemplate' (OnClassCondition)
   MongoMetricsAutoConfiguration:
      Did not match:
         - @ConditionalOnClass did not find required class 'com.mongodb.MongoClientSettings' (OnClassCondition)
   MongoReactiveAutoConfiguration:
      Did not match:
         - @ConditionalOnClass did not find required class 'com.mongodb.reactivestreams.client.MongoClient' (OnClassCondition)
   MongoReactiveDataAutoConfiguration:
      Did not match:
         - @ConditionalOnClass did not find required class 'com.mongodb.reactivestreams.client.MongoClient' (OnClassCondition)
   MongoReactiveHealthContributorAutoConfiguration:
      Did not match:
         - @ConditionalOnClass did not find required class 'org.springframework.data.mongodb.core.ReactiveMongoTemplate' (OnClassCondition)
   MongoReactiveRepositoriesAutoConfiguration:
      Did not match:
         - @ConditionalOnClass did not find required class 'com.mongodb.reactivestreams.client.MongoClient' (OnClassCondition)
   MongoRepositoriesAutoConfiguration:
      Did not match:
         - @ConditionalOnClass did not find required class 'com.mongodb.client.MongoClient' (OnClassCondition)
   MongoSessionConfiguration:
      Did not match:
         - @ConditionalOnClass did not find required classes 'org.springframework.data.mongodb.core.MongoOperations', 'org.springframework.session.data.mongo.MongoIndexedSessionRepository' (OnClassCondition)
   MustacheAutoConfiguration:
      Did not match:
         - @ConditionalOnClass did not find required class 'com.samskivert.mustache.Mustache' (OnClassCondition)
   Neo4jAutoConfiguration:
      Did not match:
         - @ConditionalOnClass did not find required class 'org.neo4j.driver.Driver' (OnClassCondition)
   Neo4jDataAutoConfiguration:
      Did not match:
         - @ConditionalOnClass did not find required class 'org.neo4j.driver.Driver' (OnClassCondition)
   Neo4jHealthContributorAutoConfiguration:
      Did not match:
         - @ConditionalOnClass did not find required class 'org.neo4j.driver.Driver' (OnClassCondition)
   Neo4jReactiveDataAutoConfiguration:
      Did not match:
         - @ConditionalOnClass did not find required class 'org.neo4j.driver.Driver' (OnClassCondition)
   Neo4jReactiveRepositoriesAutoConfiguration:
      Did not match:
         - @ConditionalOnClass did not find required class 'org.neo4j.driver.Driver' (OnClassCondition)
   Neo4jRepositoriesAutoConfiguration:
      Did not match:
         - @ConditionalOnClass did not find required class 'org.neo4j.driver.Driver' (OnClassCondition)
   NewRelicMetricsExportAutoConfiguration:
      Did not match:
         - @ConditionalOnClass did not find required class 'io.micrometer.newrelic.NewRelicMeterRegistry' (OnClassCondition)
   NoOpCacheConfiguration:
      Did not match:
         - @ConditionalOnMissingBean (types: org.springframework.cache.CacheManager; SearchStrategy: all) found beans of type 'org.springframework.cache.CacheManager' cacheManager (OnBeanCondition)
      Matched:
         - Cache org.springframework.boot.autoconfigure.cache.NoOpCacheConfiguration automatic cache type (CacheCondition)
   NoOpMeterRegistryConfiguration:
      Did not match:
         - @ConditionalOnMissingBean (types: io.micrometer.core.instrument.MeterRegistry; SearchStrategy: all) found beans of type 'io.micrometer.core.instrument.MeterRegistry' simpleMeterRegistry (OnBeanCondition)
   OAuth2AuthorizationServerAutoConfiguration:
      Did not match:
         - @ConditionalOnClass did not find required class 'org.springframework.security.oauth2.server.authorization.OAuth2Authorization' (OnClassCondition)
   OAuth2AuthorizationServerJwtAutoConfiguration:
      Did not match:
         - @ConditionalOnClass did not find required class 'org.springframework.security.oauth2.server.authorization.OAuth2Authorization' (OnClassCondition)
   OAuth2ClientRegistrationRepositoryConfiguration:
      Did not match:
         - OAuth2 Clients Configured Condition registered clients is not available (ClientsConfiguredCondition)
   OAuth2ResourceServerJwtConfiguration.JwtDecoderConfiguration:
      Did not match:
         - @ConditionalOnMissingBean (types: org.springframework.security.oauth2.jwt.JwtDecoder; SearchStrategy: all) found beans of type 'org.springframework.security.oauth2.jwt.JwtDecoder' adminTokenJwtDecoder (OnBeanCondition)
   OAuth2ResourceServerJwtConfiguration.OAuth2SecurityFilterChainConfiguration:
      Did not match:
         - AllNestedConditions 1 matched 1 did not; NestedCondition on DefaultWebSecurityCondition.Beans @ConditionalOnMissingBean (types: org.springframework.security.web.SecurityFilterChain; SearchStrategy: all) found beans of type 'org.springframework.security.web.SecurityFilterChain' readOnlySecurityFilterChain; NestedCondition on DefaultWebSecurityCondition.Classes @ConditionalOnClass found required classes 'org.springframework.security.web.SecurityFilterChain', 'org.springframework.security.config.annotation.web.builders.HttpSecurity' (DefaultWebSecurityCondition)
   OAuth2ResourceServerOpaqueTokenConfiguration.OAuth2SecurityFilterChainConfiguration:
      Did not match:
         - AllNestedConditions 1 matched 1 did not; NestedCondition on DefaultWebSecurityCondition.Beans @ConditionalOnMissingBean (types: org.springframework.security.web.SecurityFilterChain; SearchStrategy: all) found beans of type 'org.springframework.security.web.SecurityFilterChain' readOnlySecurityFilterChain; NestedCondition on DefaultWebSecurityCondition.Classes @ConditionalOnClass found required classes 'org.springframework.security.web.SecurityFilterChain', 'org.springframework.security.config.annotation.web.builders.HttpSecurity' (DefaultWebSecurityCondition)
   OAuth2ResourceServerOpaqueTokenConfiguration.OpaqueTokenIntrospectionClientConfiguration#opaqueTokenIntrospector:
      Did not match:
         - @ConditionalOnProperty (spring.security.oauth2.resourceserver.opaquetoken.introspection-uri) did not find property 'spring.security.oauth2.resourceserver.opaquetoken.introspection-uri' (OnPropertyCondition)
   OAuth2WebSecurityConfiguration:
      Did not match:
         - @ConditionalOnBean (types: org.springframework.security.oauth2.client.registration.ClientRegistrationRepository; SearchStrategy: all) did not find any beans of type org.springframework.security.oauth2.client.registration.ClientRegistrationRepository (OnBeanCondition)
   ObservationAutoConfiguration.MeterObservationHandlerConfiguration.TracingAndMetricsObservationHandlerConfiguration:
      Did not match:
         - @ConditionalOnBean did not find required type 'io.micrometer.tracing.Tracer' (OnBeanCondition)
         - @ConditionalOnBean (types: io.micrometer.tracing.Tracer; SearchStrategy: all) did not find any beans of type io.micrometer.tracing.Tracer (OnBeanCondition)
   ObservationAutoConfiguration.MetricsWithTracingConfiguration:
      Did not match:
         - @ConditionalOnClass did not find required class 'io.micrometer.tracing.Tracer' (OnClassCondition)
   ObservationAutoConfiguration.OnlyTracingConfiguration:
      Did not match:
         - @ConditionalOnClass did not find required class 'io.micrometer.tracing.Tracer' (OnClassCondition)
   OpenTelemetryAutoConfiguration:
      Did not match:
         - @ConditionalOnClass did not find required class 'io.micrometer.tracing.otel.bridge.OtelTracer' (OnClassCondition)
   OtlpAutoConfiguration:
      Did not match:
         - @ConditionalOnClass did not find required class 'io.micrometer.tracing.otel.bridge.OtelTracer' (OnClassCondition)
   OtlpMetricsExportAutoConfiguration:
      Did not match:
         - @ConditionalOnClass did not find required class 'io.micrometer.registry.otlp.OtlpMeterRegistry' (OnClassCondition)
   ProjectInfoAutoConfiguration#buildProperties:
      Did not match:
         - @ConditionalOnResource did not find resource '${spring.info.build.location:classpath:META-INF/build-info.properties}' (OnResourceCondition)
   PrometheusExemplarsAutoConfiguration:
      Did not match:
         - @ConditionalOnClass did not find required class 'io.micrometer.tracing.Tracer' (OnClassCondition)
   PrometheusMetricsExportAutoConfiguration:
      Did not match:
         - @ConditionalOnClass did not find required class 'io.micrometer.prometheus.PrometheusMeterRegistry' (OnClassCondition)
   QuartzAutoConfiguration:
      Did not match:
         - @ConditionalOnClass did not find required class 'org.quartz.Scheduler' (OnClassCondition)
   QuartzEndpointAutoConfiguration:
      Did not match:
         - @ConditionalOnClass did not find required class 'org.quartz.Scheduler' (OnClassCondition)
   R2dbcAutoConfiguration:
      Did not match:
         - @ConditionalOnClass did not find required class 'io.r2dbc.spi.ConnectionFactory' (OnClassCondition)
   R2dbcDataAutoConfiguration:
      Did not match:
         - @ConditionalOnClass did not find required class 'org.springframework.data.r2dbc.core.R2dbcEntityTemplate' (OnClassCondition)
   R2dbcInitializationConfiguration:
      Did not match:
         - @ConditionalOnClass did not find required classes 'io.r2dbc.spi.ConnectionFactory', 'org.springframework.r2dbc.connection.init.DatabasePopulator' (OnClassCondition)
   R2dbcRepositoriesAutoConfiguration:
      Did not match:
         - @ConditionalOnClass did not find required class 'io.r2dbc.spi.ConnectionFactory' (OnClassCondition)
   R2dbcTransactionManagerAutoConfiguration:
      Did not match:
         - @ConditionalOnClass did not find required class 'org.springframework.r2dbc.connection.R2dbcTransactionManager' (OnClassCondition)
   RSocketGraphQlClientAutoConfiguration:
      Did not match:
         - @ConditionalOnClass did not find required class 'graphql.GraphQL' (OnClassCondition)
   RSocketMessagingAutoConfiguration:
      Did not match:
         - @ConditionalOnClass did not find required class 'io.rsocket.RSocket' (OnClassCondition)
   RSocketRequesterAutoConfiguration:
      Did not match:
         - @ConditionalOnClass did not find required class 'io.rsocket.RSocket' (OnClassCondition)
   RSocketSecurityAutoConfiguration:
      Did not match:
         - @ConditionalOnClass did not find required class 'org.springframework.security.rsocket.core.SecuritySocketAcceptorInterceptor' (OnClassCondition)
   RSocketServerAutoConfiguration:
      Did not match:
         - @ConditionalOnClass did not find required class 'io.rsocket.core.RSocketServer' (OnClassCondition)
   RSocketStrategiesAutoConfiguration:
      Did not match:
         - @ConditionalOnClass did not find required class 'io.rsocket.RSocket' (OnClassCondition)
   RabbitAutoConfiguration:
      Did not match:
         - @ConditionalOnClass did not find required class 'com.rabbitmq.client.Channel' (OnClassCondition)
   RabbitHealthContributorAutoConfiguration:
      Did not match:
         - @ConditionalOnClass did not find required class 'org.springframework.amqp.rabbit.core.RabbitTemplate' (OnClassCondition)
   RabbitMetricsAutoConfiguration:
      Did not match:
         - @ConditionalOnClass did not find required class 'com.rabbitmq.client.ConnectionFactory' (OnClassCondition)
   ReactiveCloudFoundryActuatorAutoConfiguration:
      Did not match:
         - not a reactive web application (OnWebApplicationCondition)
   ReactiveManagementContextAutoConfiguration:
      Did not match:
         - not a reactive web application (OnWebApplicationCondition)
      Matched:
         - @ConditionalOnClass found required class 'reactor.core.publisher.Flux' (OnClassCondition)
   ReactiveManagementWebSecurityAutoConfiguration:
      Did not match:
         - not a reactive web application (OnWebApplicationCondition)
      Matched:
         - @ConditionalOnClass found required classes 'org.springframework.security.config.annotation.web.reactive.EnableWebFluxSecurity', 'org.springframework.security.web.server.WebFilterChainProxy' (OnClassCondition)
   ReactiveMultipartAutoConfiguration:
      Did not match:
         - not a reactive web application (OnWebApplicationCondition)
      Matched:
         - @ConditionalOnClass found required classes 'org.springframework.http.codec.multipart.DefaultPartHttpMessageReader', 'org.springframework.web.reactive.config.WebFluxConfigurer' (OnClassCondition)
   ReactiveOAuth2ClientAutoConfiguration:
      Did not match:
         - NoneNestedConditions 1 matched 0 did not; NestedCondition on ReactiveOAuth2ClientAutoConfiguration.NonServletApplicationCondition.ServletApplicationCondition found 'session' scope (ReactiveOAuth2ClientAutoConfiguration.NonServletApplicationCondition)
      Matched:
         - @ConditionalOnClass found required classes 'reactor.core.publisher.Flux', 'org.springframework.security.config.annotation.web.reactive.EnableWebFluxSecurity', 'org.springframework.security.oauth2.client.registration.ClientRegistration' (OnClassCondition)
   ReactiveOAuth2ResourceServerAutoConfiguration:
      Did not match:
         - not a reactive web application (OnWebApplicationCondition)
      Matched:
         - @ConditionalOnClass found required class 'org.springframework.security.config.annotation.web.reactive.EnableWebFluxSecurity' (OnClassCondition)
   ReactiveSecurityAutoConfiguration.EnableWebFluxSecurityConfiguration:
      Did not match:
         - not a reactive web application (OnWebApplicationCondition)
   ReactiveUserDetailsServiceAutoConfiguration:
      Did not match:
         - AnyNestedCondition 0 matched 2 did not; NestedCondition on ReactiveUserDetailsServiceAutoConfiguration.ReactiveUserDetailsServiceCondition.ReactiveWebApplicationCondition not a reactive web application; NestedCondition on ReactiveUserDetailsServiceAutoConfiguration.ReactiveUserDetailsServiceCondition.RSocketSecurityEnabledCondition @ConditionalOnBean (types: org.springframework.messaging.rsocket.annotation.support.RSocketMessageHandler; SearchStrategy: all) did not find any beans of type org.springframework.messaging.rsocket.annotation.support.RSocketMessageHandler (ReactiveUserDetailsServiceAutoConfiguration.ReactiveUserDetailsServiceCondition)
      Matched:
         - @ConditionalOnClass found required class 'org.springframework.security.authentication.ReactiveAuthenticationManager' (OnClassCondition)
   ReactiveWebServerFactoryAutoConfiguration:
      Did not match:
         - not a reactive web application (OnWebApplicationCondition)
      Matched:
         - @ConditionalOnClass found required class 'org.springframework.http.ReactiveHttpInputMessage' (OnClassCondition)
   RedisCacheConfiguration:
      Did not match:
         - @ConditionalOnMissingBean (types: org.springframework.cache.CacheManager; SearchStrategy: all) found beans of type 'org.springframework.cache.CacheManager' cacheManager (OnBeanCondition)
      Matched:
         - @ConditionalOnClass found required class 'org.springframework.data.redis.connection.RedisConnectionFactory' (OnClassCondition)
         - Cache org.springframework.boot.autoconfigure.cache.RedisCacheConfiguration automatic cache type (CacheCondition)
   RedisHealthContributorAutoConfiguration#redisHealthContributor:
      Did not match:
         - @ConditionalOnMissingBean (names: redisHealthIndicator,redisHealthContributor; SearchStrategy: all) found beans named redisHealthContributor (OnBeanCondition)
   RedisRepositoriesAutoConfiguration:
      Did not match:
         - @ConditionalOnProperty (spring.data.redis.repositories.enabled=true) found different value in property 'enabled' (OnPropertyCondition)
      Matched:
         - @ConditionalOnClass found required class 'org.springframework.data.redis.repository.configuration.EnableRedisRepositories' (OnClassCondition)
   RedisSessionConfiguration.IndexedRedisSessionConfiguration:
      Did not match:
         - @ConditionalOnProperty (spring.session.redis.repository-type=indexed) did not find property 'repository-type' (OnPropertyCondition)
   RepositoryRestMvcAutoConfiguration:
      Did not match:
         - @ConditionalOnClass did not find required class 'org.springframework.data.rest.webmvc.config.RepositoryRestMvcConfiguration' (OnClassCondition)
   Saml2RelyingPartyAutoConfiguration:
      Did not match:
         - @ConditionalOnClass did not find required class 'org.springframework.security.saml2.provider.service.registration.RelyingPartyRegistrationRepository' (OnClassCondition)
   ScheduledTasksEndpointAutoConfiguration:
      Did not match:
         - @ConditionalOnAvailableEndpoint no property management.endpoint.scheduledtasks.enabled found so using user defined default from management.endpoints.enabled-by-default (OnAvailableEndpointCondition)
   SecurityDataConfiguration:
      Did not match:
         - @ConditionalOnClass did not find required class 'org.springframework.security.data.repository.query.SecurityEvaluationContextExtension' (OnClassCondition)
   SecurityRequestMatchersManagementContextConfiguration.JerseyRequestMatcherConfiguration:
      Did not match:
         - @ConditionalOnClass did not find required class 'org.glassfish.jersey.server.ResourceConfig' (OnClassCondition)
   SendGridAutoConfiguration:
      Did not match:
         - @ConditionalOnClass did not find required class 'com.sendgrid.SendGrid' (OnClassCondition)
   ServletEndpointManagementContextConfiguration.JerseyServletEndpointManagementContextConfiguration:
      Did not match:
         - @ConditionalOnClass did not find required class 'org.glassfish.jersey.server.ResourceConfig' (OnClassCondition)
   ServletManagementContextAutoConfiguration.ApplicationContextFilterConfiguration:
      Did not match:
         - @ConditionalOnProperty (management.server.add-application-context-header=true) did not find property 'add-application-context-header' (OnPropertyCondition)
   ServletWebServerFactoryAutoConfiguration.ForwardedHeaderFilterConfiguration:
      Did not match:
         - @ConditionalOnProperty (server.forward-headers-strategy=framework) did not find property 'server.forward-headers-strategy' (OnPropertyCondition)
   ServletWebServerFactoryConfiguration.EmbeddedJetty:
      Did not match:
         - @ConditionalOnClass did not find required classes 'org.eclipse.jetty.server.Server', 'org.eclipse.jetty.util.Loader', 'org.eclipse.jetty.webapp.WebAppContext' (OnClassCondition)
   ServletWebServerFactoryConfiguration.EmbeddedUndertow:
      Did not match:
         - @ConditionalOnClass did not find required classes 'io.undertow.Undertow', 'org.xnio.SslClientAuthMode' (OnClassCondition)
   SessionAutoConfiguration.ReactiveSessionConfiguration:
      Did not match:
         - not a reactive web application (OnWebApplicationCondition)
   SessionAutoConfiguration.ServletSessionConfiguration.ServletSessionRepositoryConfiguration:
      Did not match:
         - @ConditionalOnMissingBean (types: org.springframework.session.SessionRepository; SearchStrategy: all) found beans of type 'org.springframework.session.SessionRepository' sessionRepository (OnBeanCondition)
   SessionsEndpointAutoConfiguration:
      Did not match:
         - @ConditionalOnAvailableEndpoint no property management.endpoint.sessions.enabled found so using user defined default from management.endpoints.enabled-by-default (OnAvailableEndpointCondition)
      Matched:
         - @ConditionalOnClass found required class 'org.springframework.session.FindByIndexNameSessionRepository' (OnClassCondition)
   ShutdownEndpointAutoConfiguration:
      Did not match:
         - @ConditionalOnAvailableEndpoint no property management.endpoint.shutdown.enabled found so using user defined default from management.endpoints.enabled-by-default (OnAvailableEndpointCondition)
   SignalFxMetricsExportAutoConfiguration:
      Did not match:
         - @ConditionalOnClass did not find required class 'io.micrometer.signalfx.SignalFxMeterRegistry' (OnClassCondition)
   SimpleCacheConfiguration:
      Did not match:
         - @ConditionalOnMissingBean (types: org.springframework.cache.CacheManager; SearchStrategy: all) found beans of type 'org.springframework.cache.CacheManager' cacheManager (OnBeanCondition)
      Matched:
         - Cache org.springframework.boot.autoconfigure.cache.SimpleCacheConfiguration automatic cache type (CacheCondition)
   SpringApplicationAdminJmxAutoConfiguration:
      Did not match:
         - @ConditionalOnProperty (spring.application.admin.enabled=true) did not find property 'enabled' (OnPropertyCondition)
   SpringBootWebSecurityConfiguration.SecurityFilterChainConfiguration:
      Did not match:
         - AllNestedConditions 1 matched 1 did not; NestedCondition on DefaultWebSecurityCondition.Beans @ConditionalOnMissingBean (types: org.springframework.security.web.SecurityFilterChain; SearchStrategy: all) found beans of type 'org.springframework.security.web.SecurityFilterChain' readOnlySecurityFilterChain; NestedCondition on DefaultWebSecurityCondition.Classes @ConditionalOnClass found required classes 'org.springframework.security.web.SecurityFilterChain', 'org.springframework.security.config.annotation.web.builders.HttpSecurity' (DefaultWebSecurityCondition)
   SpringBootWebSecurityConfiguration.WebSecurityEnablerConfiguration:
      Did not match:
         - @ConditionalOnMissingBean (names: springSecurityFilterChain; SearchStrategy: all) found beans named springSecurityFilterChain (OnBeanCondition)
      Matched:
         - @ConditionalOnClass found required class 'org.springframework.security.config.annotation.web.configuration.EnableWebSecurity' (OnClassCondition)
   StackdriverMetricsExportAutoConfiguration:
      Did not match:
         - @ConditionalOnClass did not find required class 'io.micrometer.stackdriver.StackdriverMeterRegistry' (OnClassCondition)
   StartupEndpointAutoConfiguration:
      Did not match:
         - ApplicationStartup configured applicationStartup is of type class org.springframework.core.metrics.DefaultApplicationStartup, expected BufferingApplicationStartup. (StartupEndpointAutoConfiguration.ApplicationStartupCondition)
   StatsdMetricsExportAutoConfiguration:
      Did not match:
         - @ConditionalOnClass did not find required class 'io.micrometer.statsd.StatsdMeterRegistry' (OnClassCondition)
   TaskSchedulingAutoConfiguration#scheduledBeanLazyInitializationExcludeFilter:
      Did not match:
         - @ConditionalOnBean (names: org.springframework.context.annotation.internalScheduledAnnotationProcessor; SearchStrategy: all) did not find any beans named org.springframework.context.annotation.internalScheduledAnnotationProcessor (OnBeanCondition)
   TaskSchedulingAutoConfiguration#taskScheduler:
      Did not match:
         - @ConditionalOnBean (names: org.springframework.context.annotation.internalScheduledAnnotationProcessor; SearchStrategy: all) did not find any beans named org.springframework.context.annotation.internalScheduledAnnotationProcessor (OnBeanCondition)
   ThreadDumpEndpointAutoConfiguration:
      Did not match:
         - @ConditionalOnAvailableEndpoint no property management.endpoint.threaddump.enabled found so using user defined default from management.endpoints.enabled-by-default (OnAvailableEndpointCondition)
   ThymeleafAutoConfiguration:
      Did not match:
         - @ConditionalOnClass did not find required class 'org.thymeleaf.spring6.SpringTemplateEngine' (OnClassCondition)
   TransactionAutoConfiguration#transactionalOperator:
      Did not match:
         - @ConditionalOnSingleCandidate (types: org.springframework.transaction.ReactiveTransactionManager; SearchStrategy: all) did not find any beans (OnBeanCondition)
   TransactionAutoConfiguration.EnableTransactionManagementConfiguration.JdkDynamicAutoProxyConfiguration:
      Did not match:
         - @ConditionalOnProperty (spring.aop.proxy-target-class=false) did not find property 'proxy-target-class' (OnPropertyCondition)
   UserDetailsServiceAutoConfiguration:
      Did not match:
         - @ConditionalOnMissingBean (types: org.springframework.security.authentication.AuthenticationManager,org.springframework.security.authentication.AuthenticationProvider,org.springframework.security.core.userdetails.UserDetailsService,org.springframework.security.authentication.AuthenticationManagerResolver,org.springframework.security.oauth2.jwt.JwtDecoder,org.springframework.security.oauth2.server.resource.introspection.OpaqueTokenIntrospector,org.springframework.security.oauth2.client.registration.ClientRegistrationRepository,org.springframework.security.saml2.provider.service.registration.RelyingPartyRegistrationRepository; SearchStrategy: all) found beans of type 'org.springframework.security.oauth2.jwt.JwtDecoder' adminTokenJwtDecoder (OnBeanCondition)
      Matched:
         - @ConditionalOnClass found required class 'org.springframework.security.authentication.AuthenticationManager' (OnClassCondition)
   WavefrontAutoConfiguration:
      Did not match:
         - @ConditionalOnClass did not find required class 'com.wavefront.sdk.common.application.ApplicationTags' (OnClassCondition)
   WavefrontMetricsExportAutoConfiguration:
      Did not match:
         - @ConditionalOnClass did not find required class 'com.wavefront.sdk.common.WavefrontSender' (OnClassCondition)
   WavefrontTracingAutoConfiguration:
      Did not match:
         - @ConditionalOnClass did not find required class 'com.wavefront.sdk.common.WavefrontSender' (OnClassCondition)
   WebFluxAutoConfiguration:
      Did not match:
         - not a reactive web application (OnWebApplicationCondition)
      Matched:
         - @ConditionalOnClass found required class 'org.springframework.web.reactive.config.WebFluxConfigurer' (OnClassCondition)
   WebFluxEndpointManagementContextConfiguration:
      Did not match:
         - not a reactive web application (OnWebApplicationCondition)
      Matched:
         - @ConditionalOnClass found required classes 'org.springframework.web.reactive.DispatcherHandler', 'org.springframework.http.server.reactive.HttpHandler' (OnClassCondition)
   WebFluxObservationAutoConfiguration:
      Did not match:
         - not a reactive web application (OnWebApplicationCondition)
      Matched:
         - @ConditionalOnClass found required class 'io.micrometer.observation.Observation' (OnClassCondition)
   WebMvcAutoConfiguration:
      Did not match:
         - @ConditionalOnMissingBean (types: org.springframework.web.servlet.config.annotation.WebMvcConfigurationSupport; SearchStrategy: all) found beans of type 'org.springframework.web.servlet.config.annotation.WebMvcConfigurationSupport' org.springframework.web.servlet.config.annotation.DelegatingWebMvcConfiguration (OnBeanCondition)
      Matched:
         - @ConditionalOnClass found required classes 'jakarta.servlet.Servlet', 'org.springframework.web.servlet.DispatcherServlet', 'org.springframework.web.servlet.config.annotation.WebMvcConfigurer' (OnClassCondition)
         - found 'session' scope (OnWebApplicationCondition)
   WebMvcAutoConfiguration.ProblemDetailsErrorHandlingConfiguration:
      Did not match:
         - @ConditionalOnProperty (spring.mvc.problemdetails.enabled=true) did not find property 'enabled' (OnPropertyCondition)
         - Ancestor org.springframework.boot.autoconfigure.web.servlet.WebMvcAutoConfiguration did not match (ConditionEvaluationReport.AncestorsMatchedCondition)
   WebMvcAutoConfiguration.ResourceChainCustomizerConfiguration:
      Did not match:
         - @ConditionalOnEnabledResourceChain did not find class org.webjars.WebJarAssetLocator (OnEnabledResourceChainCondition)
         - Ancestor org.springframework.boot.autoconfigure.web.servlet.WebMvcAutoConfiguration did not match (ConditionEvaluationReport.AncestorsMatchedCondition)
   WebMvcEndpointManagementContextConfiguration#managementHealthEndpointWebMvcHandlerMapping:
      Did not match:
         - Management Port actual port type (SAME) did not match required type (DIFFERENT) (OnManagementPortCondition)
   WebServiceTemplateAutoConfiguration:
      Did not match:
         - @ConditionalOnClass did not find required class 'org.springframework.ws.client.core.WebServiceTemplate' (OnClassCondition)
   WebServicesAutoConfiguration:
      Did not match:
         - @ConditionalOnClass did not find required class 'org.springframework.ws.transport.http.MessageDispatcherServlet' (OnClassCondition)
   WebSessionIdResolverAutoConfiguration:
      Did not match:
         - not a reactive web application (OnWebApplicationCondition)
      Matched:
         - @ConditionalOnClass found required classes 'org.springframework.web.server.session.WebSessionManager', 'reactor.core.publisher.Mono' (OnClassCondition)
   WebSocketMessagingAutoConfiguration:
      Did not match:
         - @ConditionalOnClass did not find required class 'org.springframework.web.socket.config.annotation.WebSocketMessageBrokerConfigurer' (OnClassCondition)
   WebSocketReactiveAutoConfiguration:
      Did not match:
         - not a reactive web application (OnWebApplicationCondition)
      Matched:
         - @ConditionalOnClass found required classes 'jakarta.servlet.Servlet', 'jakarta.websocket.server.ServerContainer' (OnClassCondition)
   WebSocketServletAutoConfiguration.JettyWebSocketConfiguration:
      Did not match:
         - @ConditionalOnClass did not find required class 'org.eclipse.jetty.websocket.jakarta.server.config.JakartaWebSocketServletContainerInitializer' (OnClassCondition)
   WebSocketServletAutoConfiguration.UndertowWebSocketConfiguration:
      Did not match:
         - @ConditionalOnClass did not find required class 'io.undertow.websockets.jsr.Bootstrap' (OnClassCondition)
   XADataSourceAutoConfiguration:
      Did not match:
         - @ConditionalOnBean (types: org.springframework.boot.jdbc.XADataSourceWrapper; SearchStrategy: all) did not find any beans of type org.springframework.boot.jdbc.XADataSourceWrapper (OnBeanCondition)
      Matched:
         - @ConditionalOnClass found required classes 'javax.sql.DataSource', 'jakarta.transaction.TransactionManager', 'org.springframework.jdbc.datasource.embedded.EmbeddedDatabaseType' (OnClassCondition)
   ZipkinAutoConfiguration:
      Did not match:
         - @ConditionalOnClass did not find required class 'zipkin2.reporter.Sender' (OnClassCondition)
Exclusions:
-----------
    None
Unconditional classes:
----------------------
    org.springframework.boot.autoconfigure.context.ConfigurationPropertiesAutoConfiguration
    com.github.sonus21.rqueue.spring.boot.RqueueListenerAutoConfig
    org.springframework.boot.actuate.autoconfigure.availability.AvailabilityHealthContributorAutoConfiguration
    org.springframework.boot.autoconfigure.ssl.SslAutoConfiguration
    org.springframework.boot.actuate.autoconfigure.info.InfoContributorAutoConfiguration
    org.springframework.boot.autoconfigure.context.PropertyPlaceholderAutoConfiguration
    org.springframework.boot.autoconfigure.context.LifecycleAutoConfiguration
    org.springframework.boot.actuate.autoconfigure.metrics.integration.IntegrationMetricsAutoConfiguration
    org.springframework.boot.actuate.autoconfigure.endpoint.EndpointAutoConfiguration
    org.springframework.boot.actuate.autoconfigure.web.server.ManagementContextAutoConfiguration
    org.springframework.boot.actuate.autoconfigure.health.HealthContributorAutoConfiguration
    org.springframework.boot.actuate.autoconfigure.endpoint.jackson.JacksonEndpointAutoConfiguration
    org.springframework.boot.autoconfigure.availability.ApplicationAvailabilityAutoConfiguration
    org.springframework.boot.autoconfigure.info.ProjectInfoAutoConfiguration
-2026-04-15 00:18:43.912 - INFO 129 [] --- [           main] edu.wgu.osmt.ApplicationKt               : Started ApplicationKt in 12.086 seconds (process running for 12.763)
-2026-04-15 00:18:43.919 -DEBUG 129 [] --- [           main] o.s.b.a.ApplicationAvailabilityBean      : Application availability state LivenessState changed to CORRECT
-2026-04-15 00:18:44.083 -DEBUG 129 [] --- [           main] o.s.b.a.ApplicationAvailabilityBean      : Application availability state ReadinessState changed to ACCEPTING_TRAFFIC
-2026-04-15 00:18:50.976 - INFO 129 [] --- [nio-8080-exec-1] o.a.c.c.C.[Tomcat].[localhost].[/]       : Initializing Spring DispatcherServlet 'dispatcherServlet'
-2026-04-15 00:18:50.976 - INFO 129 [] --- [nio-8080-exec-1] o.s.web.servlet.DispatcherServlet        : Initializing Servlet 'dispatcherServlet'
-2026-04-15 00:18:50.977 -DEBUG 129 [] --- [nio-8080-exec-1] o.s.web.servlet.DispatcherServlet        : Detected StandardServletMultipartResolver
-2026-04-15 00:18:50.977 -DEBUG 129 [] --- [nio-8080-exec-1] o.s.web.servlet.DispatcherServlet        : Detected AcceptHeaderLocaleResolver
-2026-04-15 00:18:50.977 -DEBUG 129 [] --- [nio-8080-exec-1] o.s.web.servlet.DispatcherServlet        : Detected FixedThemeResolver
-2026-04-15 00:18:50.978 -DEBUG 129 [] --- [nio-8080-exec-1] o.s.web.servlet.DispatcherServlet        : Detected org.springframework.web.servlet.view.DefaultRequestToViewNameTranslator@62497b5d
-2026-04-15 00:18:50.979 -DEBUG 129 [] --- [nio-8080-exec-1] o.s.web.servlet.DispatcherServlet        : Detected org.springframework.web.servlet.support.SessionFlashMapManager@2132f68e
-2026-04-15 00:18:50.979 -DEBUG 129 [] --- [nio-8080-exec-1] o.s.web.servlet.DispatcherServlet        : enableLoggingRequestDetails='false': request parameters and headers will be masked to prevent unsafe logging of potentially sensitive data
-2026-04-15 00:18:50.980 - INFO 129 [] --- [nio-8080-exec-1] o.s.web.servlet.DispatcherServlet        : Completed initialization in 3 ms
-2026-04-15 00:18:51.007 -DEBUG 129 [] --- [nio-8080-exec-1] s.b.a.e.w.s.WebMvcEndpointHandlerMapping : Mapped to Actuator web endpoint 'health'
-2026-04-15 00:18:51.009 -DEBUG 129 [] --- [nio-8080-exec-1] s.b.a.e.w.s.WebMvcEndpointHandlerMapping : Mapped to Actuator web endpoint 'health'
-2026-04-15 00:18:51.016 -DEBUG 129 [] --- [nio-8080-exec-1] o.s.web.servlet.DispatcherServlet        : GET "/health", parameters={}
-2026-04-15 00:18:51.019 -DEBUG 129 [] --- [nio-8080-exec-1] s.b.a.e.w.s.WebMvcEndpointHandlerMapping : Mapped to Actuator web endpoint 'health'
-2026-04-15 00:18:51.174 -DEBUG 129 [] --- [nio-8080-exec-1] o.s.w.s.m.m.a.HttpEntityMethodProcessor  : Using 'application/vnd.spring-boot.actuator.v3+json', given [*/*] and supported [application/vnd.spring-boot.actuator.v3+json, application/vnd.spring-boot.actuator.v2+json, application/json]
-2026-04-15 00:18:51.245 -DEBUG 129 [] --- [nio-8080-exec-1] o.s.w.s.m.m.a.HttpEntityMethodProcessor  : Writing [org.springframework.boot.actuate.health.SystemHealth@24a68044]
-2026-04-15 00:18:51.273 -DEBUG 129 [] --- [nio-8080-exec-1] o.s.web.servlet.DispatcherServlet        : Completed 200 OK
-2026-04-15 00:19:02.444 -DEBUG 129 [] --- [nio-8080-exec-2] s.b.a.e.w.s.WebMvcEndpointHandlerMapping : Mapped to Actuator web endpoint 'health'
-2026-04-15 00:19:02.445 -DEBUG 129 [] --- [nio-8080-exec-2] s.b.a.e.w.s.WebMvcEndpointHandlerMapping : Mapped to Actuator web endpoint 'health'
-2026-04-15 00:19:02.445 -DEBUG 129 [] --- [nio-8080-exec-2] o.s.web.servlet.DispatcherServlet        : GET "/health", parameters={}
-2026-04-15 00:19:02.446 -DEBUG 129 [] --- [nio-8080-exec-2] s.b.a.e.w.s.WebMvcEndpointHandlerMapping : Mapped to Actuator web endpoint 'health'
-2026-04-15 00:19:02.452 -DEBUG 129 [] --- [nio-8080-exec-2] o.s.w.s.m.m.a.HttpEntityMethodProcessor  : Using 'application/vnd.spring-boot.actuator.v3+json', given [*/*] and supported [application/vnd.spring-boot.actuator.v3+json, application/vnd.spring-boot.actuator.v2+json, application/json]
-2026-04-15 00:19:02.453 -DEBUG 129 [] --- [nio-8080-exec-2] o.s.w.s.m.m.a.HttpEntityMethodProcessor  : Writing [org.springframework.boot.actuate.health.SystemHealth@3d5dc9b6]
-2026-04-15 00:19:02.454 -DEBUG 129 [] --- [nio-8080-exec-2] o.s.web.servlet.DispatcherServlet        : Completed 200 OK
-2026-04-15 00:19:02.506 -DEBUG 129 [] --- [nio-8080-exec-3] s.b.a.e.w.s.WebMvcEndpointHandlerMapping : Mapped to Actuator web endpoint 'health'
-2026-04-15 00:19:02.506 -DEBUG 129 [] --- [nio-8080-exec-3] s.b.a.e.w.s.WebMvcEndpointHandlerMapping : Mapped to Actuator web endpoint 'health'
-2026-04-15 00:19:02.507 -DEBUG 129 [] --- [nio-8080-exec-3] o.s.web.servlet.DispatcherServlet        : GET "/health", parameters={}
-2026-04-15 00:19:02.508 -DEBUG 129 [] --- [nio-8080-exec-4] s.b.a.e.w.s.WebMvcEndpointHandlerMapping : Mapped to Actuator web endpoint 'health'
-2026-04-15 00:19:02.509 -DEBUG 129 [] --- [nio-8080-exec-4] s.b.a.e.w.s.WebMvcEndpointHandlerMapping : Mapped to Actuator web endpoint 'health'
-2026-04-15 00:19:02.509 -DEBUG 129 [] --- [nio-8080-exec-4] o.s.web.servlet.DispatcherServlet        : GET "/health", parameters={}
-2026-04-15 00:19:02.510 -DEBUG 129 [] --- [nio-8080-exec-3] s.b.a.e.w.s.WebMvcEndpointHandlerMapping : Mapped to Actuator web endpoint 'health'
-2026-04-15 00:19:02.510 -DEBUG 129 [] --- [nio-8080-exec-4] s.b.a.e.w.s.WebMvcEndpointHandlerMapping : Mapped to Actuator web endpoint 'health'
-2026-04-15 00:19:02.530 -DEBUG 129 [] --- [nio-8080-exec-3] o.s.w.s.m.m.a.HttpEntityMethodProcessor  : Using 'application/vnd.spring-boot.actuator.v3+json', given [*/*] and supported [application/vnd.spring-boot.actuator.v3+json, application/vnd.spring-boot.actuator.v2+json, application/json]
-2026-04-15 00:19:02.531 -DEBUG 129 [] --- [nio-8080-exec-3] o.s.w.s.m.m.a.HttpEntityMethodProcessor  : Writing [org.springframework.boot.actuate.health.SystemHealth@597a170a]
-2026-04-15 00:19:02.531 -DEBUG 129 [] --- [nio-8080-exec-3] o.s.web.servlet.DispatcherServlet        : Completed 200 OK
-2026-04-15 00:19:02.533 -DEBUG 129 [] --- [nio-8080-exec-4] o.s.w.s.m.m.a.HttpEntityMethodProcessor  : Using 'application/vnd.spring-boot.actuator.v3+json', given [*/*] and supported [application/vnd.spring-boot.actuator.v3+json, application/vnd.spring-boot.actuator.v2+json, application/json]
-2026-04-15 00:19:02.533 -DEBUG 129 [] --- [nio-8080-exec-4] o.s.w.s.m.m.a.HttpEntityMethodProcessor  : Writing [org.springframework.boot.actuate.health.SystemHealth@18d1e5a6]
-2026-04-15 00:19:02.534 -DEBUG 129 [] --- [nio-8080-exec-4] o.s.web.servlet.DispatcherServlet        : Completed 200 OK
-2026-04-15 00:19:20.913 -DEBUG 129 [] --- [nio-8080-exec-5] s.b.a.e.w.s.WebMvcEndpointHandlerMapping : Mapped to Actuator web endpoint 'health'
-2026-04-15 00:19:20.913 -DEBUG 129 [] --- [nio-8080-exec-5] s.b.a.e.w.s.WebMvcEndpointHandlerMapping : Mapped to Actuator web endpoint 'health'
-2026-04-15 00:19:20.914 -DEBUG 129 [] --- [nio-8080-exec-5] o.s.web.servlet.DispatcherServlet        : GET "/health", parameters={}
-2026-04-15 00:19:20.914 -DEBUG 129 [] --- [nio-8080-exec-5] s.b.a.e.w.s.WebMvcEndpointHandlerMapping : Mapped to Actuator web endpoint 'health'
-2026-04-15 00:19:20.926 -DEBUG 129 [] --- [nio-8080-exec-5] o.s.w.s.m.m.a.HttpEntityMethodProcessor  : Using 'application/vnd.spring-boot.actuator.v3+json', given [*/*] and supported [application/vnd.spring-boot.actuator.v3+json, application/vnd.spring-boot.actuator.v2+json, application/json]
-2026-04-15 00:19:20.926 -DEBUG 129 [] --- [nio-8080-exec-5] o.s.w.s.m.m.a.HttpEntityMethodProcessor  : Writing [org.springframework.boot.actuate.health.SystemHealth@56b1fc96]
-2026-04-15 00:19:20.927 -DEBUG 129 [] --- [nio-8080-exec-5] o.s.web.servlet.DispatcherServlet        : Completed 200 OK
-2026-04-15 00:19:32.468 -DEBUG 129 [] --- [nio-8080-exec-6] s.b.a.e.w.s.WebMvcEndpointHandlerMapping : Mapped to Actuator web endpoint 'health'
-2026-04-15 00:19:32.469 -DEBUG 129 [] --- [nio-8080-exec-6] s.b.a.e.w.s.WebMvcEndpointHandlerMapping : Mapped to Actuator web endpoint 'health'
-2026-04-15 00:19:32.469 -DEBUG 129 [] --- [nio-8080-exec-6] o.s.web.servlet.DispatcherServlet        : GET "/health", parameters={}
-2026-04-15 00:19:32.469 -DEBUG 129 [] --- [nio-8080-exec-6] s.b.a.e.w.s.WebMvcEndpointHandlerMapping : Mapped to Actuator web endpoint 'health'
-2026-04-15 00:19:32.477 -DEBUG 129 [] --- [nio-8080-exec-6] o.s.w.s.m.m.a.HttpEntityMethodProcessor  : Using 'application/vnd.spring-boot.actuator.v3+json', given [*/*] and supported [application/vnd.spring-boot.actuator.v3+json, application/vnd.spring-boot.actuator.v2+json, application/json]
-2026-04-15 00:19:32.478 -DEBUG 129 [] --- [nio-8080-exec-6] o.s.w.s.m.m.a.HttpEntityMethodProcessor  : Writing [org.springframework.boot.actuate.health.SystemHealth@770b5436]
-2026-04-15 00:19:32.479 -DEBUG 129 [] --- [nio-8080-exec-6] o.s.web.servlet.DispatcherServlet        : Completed 200 OK
-2026-04-15 00:19:32.509 -DEBUG 129 [] --- [nio-8080-exec-7] s.b.a.e.w.s.WebMvcEndpointHandlerMapping : Mapped to Actuator web endpoint 'health'
-2026-04-15 00:19:32.510 -DEBUG 129 [] --- [nio-8080-exec-7] s.b.a.e.w.s.WebMvcEndpointHandlerMapping : Mapped to Actuator web endpoint 'health'
-2026-04-15 00:19:32.510 -DEBUG 129 [] --- [nio-8080-exec-7] o.s.web.servlet.DispatcherServlet        : GET "/health", parameters={}
-2026-04-15 00:19:32.510 -DEBUG 129 [] --- [nio-8080-exec-7] s.b.a.e.w.s.WebMvcEndpointHandlerMapping : Mapped to Actuator web endpoint 'health'
-2026-04-15 00:19:32.517 -DEBUG 129 [] --- [nio-8080-exec-7] o.s.w.s.m.m.a.HttpEntityMethodProcessor  : Using 'application/vnd.spring-boot.actuator.v3+json', given [*/*] and supported [application/vnd.spring-boot.actuator.v3+json, application/vnd.spring-boot.actuator.v2+json, application/json]
-2026-04-15 00:19:32.517 -DEBUG 129 [] --- [nio-8080-exec-7] o.s.w.s.m.m.a.HttpEntityMethodProcessor  : Writing [org.springframework.boot.actuate.health.SystemHealth@7ac9d4b9]
-2026-04-15 00:19:32.517 -DEBUG 129 [] --- [nio-8080-exec-7] o.s.web.servlet.DispatcherServlet        : Completed 200 OK
-2026-04-15 00:19:32.536 -DEBUG 129 [] --- [nio-8080-exec-8] s.b.a.e.w.s.WebMvcEndpointHandlerMapping : Mapped to Actuator web endpoint 'health'
-2026-04-15 00:19:32.537 -DEBUG 129 [] --- [nio-8080-exec-8] s.b.a.e.w.s.WebMvcEndpointHandlerMapping : Mapped to Actuator web endpoint 'health'
-2026-04-15 00:19:32.537 -DEBUG 129 [] --- [nio-8080-exec-8] o.s.web.servlet.DispatcherServlet        : GET "/health", parameters={}
-2026-04-15 00:19:32.538 -DEBUG 129 [] --- [nio-8080-exec-8] s.b.a.e.w.s.WebMvcEndpointHandlerMapping : Mapped to Actuator web endpoint 'health'
-2026-04-15 00:19:32.543 -DEBUG 129 [] --- [nio-8080-exec-8] o.s.w.s.m.m.a.HttpEntityMethodProcessor  : Using 'application/vnd.spring-boot.actuator.v3+json', given [*/*] and supported [application/vnd.spring-boot.actuator.v3+json, application/vnd.spring-boot.actuator.v2+json, application/json]
-2026-04-15 00:19:32.543 -DEBUG 129 [] --- [nio-8080-exec-8] o.s.w.s.m.m.a.HttpEntityMethodProcessor  : Writing [org.springframework.boot.actuate.health.SystemHealth@2789989e]
-2026-04-15 00:19:32.544 -DEBUG 129 [] --- [nio-8080-exec-8] o.s.web.servlet.DispatcherServlet        : Completed 200 OK
-2026-04-15 00:19:50.894 -DEBUG 129 [] --- [nio-8080-exec-9] s.b.a.e.w.s.WebMvcEndpointHandlerMapping : Mapped to Actuator web endpoint 'health'
-2026-04-15 00:19:50.895 -DEBUG 129 [] --- [nio-8080-exec-9] s.b.a.e.w.s.WebMvcEndpointHandlerMapping : Mapped to Actuator web endpoint 'health'
-2026-04-15 00:19:50.895 -DEBUG 129 [] --- [nio-8080-exec-9] o.s.web.servlet.DispatcherServlet        : GET "/health", parameters={}
-2026-04-15 00:19:50.895 -DEBUG 129 [] --- [nio-8080-exec-9] s.b.a.e.w.s.WebMvcEndpointHandlerMapping : Mapped to Actuator web endpoint 'health'
-2026-04-15 00:19:50.902 -DEBUG 129 [] --- [nio-8080-exec-9] o.s.w.s.m.m.a.HttpEntityMethodProcessor  : Using 'application/vnd.spring-boot.actuator.v3+json', given [*/*] and supported [application/vnd.spring-boot.actuator.v3+json, application/vnd.spring-boot.actuator.v2+json, application/json]
-2026-04-15 00:19:50.903 -DEBUG 129 [] --- [nio-8080-exec-9] o.s.w.s.m.m.a.HttpEntityMethodProcessor  : Writing [org.springframework.boot.actuate.health.SystemHealth@406d49a7]
-2026-04-15 00:19:50.903 -DEBUG 129 [] --- [nio-8080-exec-9] o.s.web.servlet.DispatcherServlet        : Completed 200 OK
-2026-04-15 00:20:02.503 -DEBUG 129 [] --- [nio-8080-exec-1] s.b.a.e.w.s.WebMvcEndpointHandlerMapping : Mapped to Actuator web endpoint 'health'
-2026-04-15 00:20:02.503 -DEBUG 129 [] --- [nio-8080-exec-1] s.b.a.e.w.s.WebMvcEndpointHandlerMapping : Mapped to Actuator web endpoint 'health'
-2026-04-15 00:20:02.504 -DEBUG 129 [] --- [nio-8080-exec-1] o.s.web.servlet.DispatcherServlet        : GET "/health", parameters={}
-2026-04-15 00:20:02.504 -DEBUG 129 [] --- [nio-8080-exec-1] s.b.a.e.w.s.WebMvcEndpointHandlerMapping : Mapped to Actuator web endpoint 'health'
-2026-04-15 00:20:02.511 -DEBUG 129 [] --- [nio-8080-exec-1] o.s.w.s.m.m.a.HttpEntityMethodProcessor  : Using 'application/vnd.spring-boot.actuator.v3+json', given [*/*] and supported [application/vnd.spring-boot.actuator.v3+json, application/vnd.spring-boot.actuator.v2+json, application/json]
-2026-04-15 00:20:02.511 -DEBUG 129 [] --- [nio-8080-exec-1] o.s.w.s.m.m.a.HttpEntityMethodProcessor  : Writing [org.springframework.boot.actuate.health.SystemHealth@35cbf30c]
-2026-04-15 00:20:02.512 -DEBUG 129 [] --- [nio-8080-exec-1] o.s.web.servlet.DispatcherServlet        : Completed 200 OK
-2026-04-15 00:20:02.561 -DEBUG 129 [] --- [nio-8080-exec-2] s.b.a.e.w.s.WebMvcEndpointHandlerMapping : Mapped to Actuator web endpoint 'health'
-2026-04-15 00:20:02.561 -DEBUG 129 [] --- [nio-8080-exec-2] s.b.a.e.w.s.WebMvcEndpointHandlerMapping : Mapped to Actuator web endpoint 'health'
-2026-04-15 00:20:02.562 -DEBUG 129 [] --- [nio-8080-exec-2] o.s.web.servlet.DispatcherServlet        : GET "/health", parameters={}
-2026-04-15 00:20:02.562 -DEBUG 129 [] --- [nio-8080-exec-2] s.b.a.e.w.s.WebMvcEndpointHandlerMapping : Mapped to Actuator web endpoint 'health'
-2026-04-15 00:20:02.567 -DEBUG 129 [] --- [nio-8080-exec-2] o.s.w.s.m.m.a.HttpEntityMethodProcessor  : Using 'application/vnd.spring-boot.actuator.v3+json', given [*/*] and supported [application/vnd.spring-boot.actuator.v3+json, application/vnd.spring-boot.actuator.v2+json, application/json]
-2026-04-15 00:20:02.568 -DEBUG 129 [] --- [nio-8080-exec-2] o.s.w.s.m.m.a.HttpEntityMethodProcessor  : Writing [org.springframework.boot.actuate.health.SystemHealth@79d64507]
-2026-04-15 00:20:02.568 -DEBUG 129 [] --- [nio-8080-exec-2] o.s.web.servlet.DispatcherServlet        : Completed 200 OK
-2026-04-15 00:20:02.578 -DEBUG 129 [] --- [nio-8080-exec-3] s.b.a.e.w.s.WebMvcEndpointHandlerMapping : Mapped to Actuator web endpoint 'health'
-2026-04-15 00:20:02.579 -DEBUG 129 [] --- [nio-8080-exec-3] s.b.a.e.w.s.WebMvcEndpointHandlerMapping : Mapped to Actuator web endpoint 'health'
-2026-04-15 00:20:02.579 -DEBUG 129 [] --- [nio-8080-exec-3] o.s.web.servlet.DispatcherServlet        : GET "/health", parameters={}
-2026-04-15 00:20:02.579 -DEBUG 129 [] --- [nio-8080-exec-3] s.b.a.e.w.s.WebMvcEndpointHandlerMapping : Mapped to Actuator web endpoint 'health'
-2026-04-15 00:20:02.586 -DEBUG 129 [] --- [nio-8080-exec-3] o.s.w.s.m.m.a.HttpEntityMethodProcessor  : Using 'application/vnd.spring-boot.actuator.v3+json', given [*/*] and supported [application/vnd.spring-boot.actuator.v3+json, application/vnd.spring-boot.actuator.v2+json, application/json]
-2026-04-15 00:20:02.586 -DEBUG 129 [] --- [nio-8080-exec-3] o.s.w.s.m.m.a.HttpEntityMethodProcessor  : Writing [org.springframework.boot.actuate.health.SystemHealth@1c788241]
-2026-04-15 00:20:02.587 -DEBUG 129 [] --- [nio-8080-exec-3] o.s.web.servlet.DispatcherServlet        : Completed 200 OK
-2026-04-15 00:20:20.913 -DEBUG 129 [] --- [nio-8080-exec-4] s.b.a.e.w.s.WebMvcEndpointHandlerMapping : Mapped to Actuator web endpoint 'health'
-2026-04-15 00:20:20.913 -DEBUG 129 [] --- [nio-8080-exec-4] s.b.a.e.w.s.WebMvcEndpointHandlerMapping : Mapped to Actuator web endpoint 'health'
-2026-04-15 00:20:20.914 -DEBUG 129 [] --- [nio-8080-exec-4] o.s.web.servlet.DispatcherServlet        : GET "/health", parameters={}
-2026-04-15 00:20:20.914 -DEBUG 129 [] --- [nio-8080-exec-4] s.b.a.e.w.s.WebMvcEndpointHandlerMapping : Mapped to Actuator web endpoint 'health'
-2026-04-15 00:20:20.920 -DEBUG 129 [] --- [nio-8080-exec-4] o.s.w.s.m.m.a.HttpEntityMethodProcessor  : Using 'application/vnd.spring-boot.actuator.v3+json', given [*/*] and supported [application/vnd.spring-boot.actuator.v3+json, application/vnd.spring-boot.actuator.v2+json, application/json]
-2026-04-15 00:20:20.920 -DEBUG 129 [] --- [nio-8080-exec-4] o.s.w.s.m.m.a.HttpEntityMethodProcessor  : Writing [org.springframework.boot.actuate.health.SystemHealth@172ddeff]
-2026-04-15 00:20:20.921 -DEBUG 129 [] --- [nio-8080-exec-4] o.s.web.servlet.DispatcherServlet        : Completed 200 OK
-2026-04-15 00:20:32.516 -DEBUG 129 [] --- [nio-8080-exec-6] s.b.a.e.w.s.WebMvcEndpointHandlerMapping : Mapped to Actuator web endpoint 'health'
-2026-04-15 00:20:32.517 -DEBUG 129 [] --- [nio-8080-exec-6] s.b.a.e.w.s.WebMvcEndpointHandlerMapping : Mapped to Actuator web endpoint 'health'
-2026-04-15 00:20:32.517 -DEBUG 129 [] --- [nio-8080-exec-6] o.s.web.servlet.DispatcherServlet        : GET "/health", parameters={}
-2026-04-15 00:20:32.518 -DEBUG 129 [] --- [nio-8080-exec-6] s.b.a.e.w.s.WebMvcEndpointHandlerMapping : Mapped to Actuator web endpoint 'health'
-2026-04-15 00:20:32.526 -DEBUG 129 [] --- [nio-8080-exec-6] o.s.w.s.m.m.a.HttpEntityMethodProcessor  : Using 'application/vnd.spring-boot.actuator.v3+json', given [*/*] and supported [application/vnd.spring-boot.actuator.v3+json, application/vnd.spring-boot.actuator.v2+json, application/json]
-2026-04-15 00:20:32.526 -DEBUG 129 [] --- [nio-8080-exec-6] o.s.w.s.m.m.a.HttpEntityMethodProcessor  : Writing [org.springframework.boot.actuate.health.SystemHealth@7334ce0f]
-2026-04-15 00:20:32.527 -DEBUG 129 [] --- [nio-8080-exec-6] o.s.web.servlet.DispatcherServlet        : Completed 200 OK
-2026-04-15 00:20:32.568 -DEBUG 129 [] --- [nio-8080-exec-7] s.b.a.e.w.s.WebMvcEndpointHandlerMapping : Mapped to Actuator web endpoint 'health'
-2026-04-15 00:20:32.568 -DEBUG 129 [] --- [nio-8080-exec-7] s.b.a.e.w.s.WebMvcEndpointHandlerMapping : Mapped to Actuator web endpoint 'health'
-2026-04-15 00:20:32.569 -DEBUG 129 [] --- [nio-8080-exec-7] o.s.web.servlet.DispatcherServlet        : GET "/health", parameters={}
-2026-04-15 00:20:32.569 -DEBUG 129 [] --- [nio-8080-exec-7] s.b.a.e.w.s.WebMvcEndpointHandlerMapping : Mapped to Actuator web endpoint 'health'
-2026-04-15 00:20:32.574 -DEBUG 129 [] --- [nio-8080-exec-7] o.s.w.s.m.m.a.HttpEntityMethodProcessor  : Using 'application/vnd.spring-boot.actuator.v3+json', given [*/*] and supported [application/vnd.spring-boot.actuator.v3+json, application/vnd.spring-boot.actuator.v2+json, application/json]
-2026-04-15 00:20:32.574 -DEBUG 129 [] --- [nio-8080-exec-7] o.s.w.s.m.m.a.HttpEntityMethodProcessor  : Writing [org.springframework.boot.actuate.health.SystemHealth@7ef65f38]
-2026-04-15 00:20:32.576 -DEBUG 129 [] --- [nio-8080-exec-8] s.b.a.e.w.s.WebMvcEndpointHandlerMapping : Mapped to Actuator web endpoint 'health'
-2026-04-15 00:20:32.576 -DEBUG 129 [] --- [nio-8080-exec-8] s.b.a.e.w.s.WebMvcEndpointHandlerMapping : Mapped to Actuator web endpoint 'health'
-2026-04-15 00:20:32.576 -DEBUG 129 [] --- [nio-8080-exec-8] o.s.web.servlet.DispatcherServlet        : GET "/health", parameters={}
-2026-04-15 00:20:32.577 -DEBUG 129 [] --- [nio-8080-exec-8] s.b.a.e.w.s.WebMvcEndpointHandlerMapping : Mapped to Actuator web endpoint 'health'
-2026-04-15 00:20:32.579 -DEBUG 129 [] --- [nio-8080-exec-7] o.s.web.servlet.DispatcherServlet        : Completed 200 OK
-2026-04-15 00:20:32.582 -DEBUG 129 [] --- [nio-8080-exec-8] o.s.w.s.m.m.a.HttpEntityMethodProcessor  : Using 'application/vnd.spring-boot.actuator.v3+json', given [*/*] and supported [application/vnd.spring-boot.actuator.v3+json, application/vnd.spring-boot.actuator.v2+json, application/json]
-2026-04-15 00:20:32.582 -DEBUG 129 [] --- [nio-8080-exec-8] o.s.w.s.m.m.a.HttpEntityMethodProcessor  : Writing [org.springframework.boot.actuate.health.SystemHealth@23b618b7]
-2026-04-15 00:20:32.583 -DEBUG 129 [] --- [nio-8080-exec-8] o.s.web.servlet.DispatcherServlet        : Completed 200 OK
-2026-04-15 00:20:50.918 -DEBUG 129 [] --- [nio-8080-exec-9] s.b.a.e.w.s.WebMvcEndpointHandlerMapping : Mapped to Actuator web endpoint 'health'
-2026-04-15 00:20:50.920 -DEBUG 129 [] --- [nio-8080-exec-9] s.b.a.e.w.s.WebMvcEndpointHandlerMapping : Mapped to Actuator web endpoint 'health'
-2026-04-15 00:20:50.920 -DEBUG 129 [] --- [nio-8080-exec-9] o.s.web.servlet.DispatcherServlet        : GET "/health", parameters={}
-2026-04-15 00:20:50.920 -DEBUG 129 [] --- [nio-8080-exec-9] s.b.a.e.w.s.WebMvcEndpointHandlerMapping : Mapped to Actuator web endpoint 'health'
-2026-04-15 00:20:50.926 -DEBUG 129 [] --- [nio-8080-exec-9] o.s.w.s.m.m.a.HttpEntityMethodProcessor  : Using 'application/vnd.spring-boot.actuator.v3+json', given [*/*] and supported [application/vnd.spring-boot.actuator.v3+json, application/vnd.spring-boot.actuator.v2+json, application/json]
-2026-04-15 00:20:50.926 -DEBUG 129 [] --- [nio-8080-exec-9] o.s.w.s.m.m.a.HttpEntityMethodProcessor  : Writing [org.springframework.boot.actuate.health.SystemHealth@4452d572]
-2026-04-15 00:20:50.927 -DEBUG 129 [] --- [nio-8080-exec-9] o.s.web.servlet.DispatcherServlet        : Completed 200 OK
-2026-04-15 00:21:02.547 -DEBUG 129 [] --- [io-8080-exec-10] s.b.a.e.w.s.WebMvcEndpointHandlerMapping : Mapped to Actuator web endpoint 'health'
-2026-04-15 00:21:02.548 -DEBUG 129 [] --- [io-8080-exec-10] s.b.a.e.w.s.WebMvcEndpointHandlerMapping : Mapped to Actuator web endpoint 'health'
-2026-04-15 00:21:02.548 -DEBUG 129 [] --- [io-8080-exec-10] o.s.web.servlet.DispatcherServlet        : GET "/health", parameters={}
-2026-04-15 00:21:02.548 -DEBUG 129 [] --- [io-8080-exec-10] s.b.a.e.w.s.WebMvcEndpointHandlerMapping : Mapped to Actuator web endpoint 'health'
-2026-04-15 00:21:02.555 -DEBUG 129 [] --- [io-8080-exec-10] o.s.w.s.m.m.a.HttpEntityMethodProcessor  : Using 'application/vnd.spring-boot.actuator.v3+json', given [*/*] and supported [application/vnd.spring-boot.actuator.v3+json, application/vnd.spring-boot.actuator.v2+json, application/json]
-2026-04-15 00:21:02.555 -DEBUG 129 [] --- [io-8080-exec-10] o.s.w.s.m.m.a.HttpEntityMethodProcessor  : Writing [org.springframework.boot.actuate.health.SystemHealth@529003dd]
-2026-04-15 00:21:02.556 -DEBUG 129 [] --- [io-8080-exec-10] o.s.web.servlet.DispatcherServlet        : Completed 200 OK
-2026-04-15 00:21:02.579 -DEBUG 129 [] --- [nio-8080-exec-1] s.b.a.e.w.s.WebMvcEndpointHandlerMapping : Mapped to Actuator web endpoint 'health'
-2026-04-15 00:21:02.580 -DEBUG 129 [] --- [nio-8080-exec-1] s.b.a.e.w.s.WebMvcEndpointHandlerMapping : Mapped to Actuator web endpoint 'health'
-2026-04-15 00:21:02.580 -DEBUG 129 [] --- [nio-8080-exec-1] o.s.web.servlet.DispatcherServlet        : GET "/health", parameters={}
-2026-04-15 00:21:02.580 -DEBUG 129 [] --- [nio-8080-exec-1] s.b.a.e.w.s.WebMvcEndpointHandlerMapping : Mapped to Actuator web endpoint 'health'
-2026-04-15 00:21:02.587 -DEBUG 129 [] --- [nio-8080-exec-1] o.s.w.s.m.m.a.HttpEntityMethodProcessor  : Using 'application/vnd.spring-boot.actuator.v3+json', given [*/*] and supported [application/vnd.spring-boot.actuator.v3+json, application/vnd.spring-boot.actuator.v2+json, application/json]
-2026-04-15 00:21:02.587 -DEBUG 129 [] --- [nio-8080-exec-1] o.s.w.s.m.m.a.HttpEntityMethodProcessor  : Writing [org.springframework.boot.actuate.health.SystemHealth@1a58827b]
-2026-04-15 00:21:02.588 -DEBUG 129 [] --- [nio-8080-exec-1] o.s.web.servlet.DispatcherServlet        : Completed 200 OK
-2026-04-15 00:21:02.605 -DEBUG 129 [] --- [nio-8080-exec-2] s.b.a.e.w.s.WebMvcEndpointHandlerMapping : Mapped to Actuator web endpoint 'health'
-2026-04-15 00:21:02.605 -DEBUG 129 [] --- [nio-8080-exec-2] s.b.a.e.w.s.WebMvcEndpointHandlerMapping : Mapped to Actuator web endpoint 'health'
-2026-04-15 00:21:02.605 -DEBUG 129 [] --- [nio-8080-exec-2] o.s.web.servlet.DispatcherServlet        : GET "/health", parameters={}
-2026-04-15 00:21:02.605 -DEBUG 129 [] --- [nio-8080-exec-2] s.b.a.e.w.s.WebMvcEndpointHandlerMapping : Mapped to Actuator web endpoint 'health'
-2026-04-15 00:21:02.610 -DEBUG 129 [] --- [nio-8080-exec-2] o.s.w.s.m.m.a.HttpEntityMethodProcessor  : Using 'application/vnd.spring-boot.actuator.v3+json', given [*/*] and supported [application/vnd.spring-boot.actuator.v3+json, application/vnd.spring-boot.actuator.v2+json, application/json]
-2026-04-15 00:21:02.610 -DEBUG 129 [] --- [nio-8080-exec-2] o.s.w.s.m.m.a.HttpEntityMethodProcessor  : Writing [org.springframework.boot.actuate.health.SystemHealth@45357cef]
-2026-04-15 00:21:02.611 -DEBUG 129 [] --- [nio-8080-exec-2] o.s.web.servlet.DispatcherServlet        : Completed 200 OK
-2026-04-15 00:21:20.907 -DEBUG 129 [] --- [nio-8080-exec-3] s.b.a.e.w.s.WebMvcEndpointHandlerMapping : Mapped to Actuator web endpoint 'health'
-2026-04-15 00:21:20.907 -DEBUG 129 [] --- [nio-8080-exec-3] s.b.a.e.w.s.WebMvcEndpointHandlerMapping : Mapped to Actuator web endpoint 'health'
-2026-04-15 00:21:20.908 -DEBUG 129 [] --- [nio-8080-exec-3] o.s.web.servlet.DispatcherServlet        : GET "/health", parameters={}
-2026-04-15 00:21:20.908 -DEBUG 129 [] --- [nio-8080-exec-3] s.b.a.e.w.s.WebMvcEndpointHandlerMapping : Mapped to Actuator web endpoint 'health'
-2026-04-15 00:21:20.921 -DEBUG 129 [] --- [nio-8080-exec-3] o.s.w.s.m.m.a.HttpEntityMethodProcessor  : Using 'application/vnd.spring-boot.actuator.v3+json', given [*/*] and supported [application/vnd.spring-boot.actuator.v3+json, application/vnd.spring-boot.actuator.v2+json, application/json]
-2026-04-15 00:21:20.922 -DEBUG 129 [] --- [nio-8080-exec-3] o.s.w.s.m.m.a.HttpEntityMethodProcessor  : Writing [org.springframework.boot.actuate.health.SystemHealth@5c595c18]
-2026-04-15 00:21:20.923 -DEBUG 129 [] --- [nio-8080-exec-3] o.s.web.servlet.DispatcherServlet        : Completed 200 OK
-2026-04-15 00:21:32.563 -DEBUG 129 [] --- [nio-8080-exec-4] s.b.a.e.w.s.WebMvcEndpointHandlerMapping : Mapped to Actuator web endpoint 'health'
-2026-04-15 00:21:32.564 -DEBUG 129 [] --- [nio-8080-exec-4] s.b.a.e.w.s.WebMvcEndpointHandlerMapping : Mapped to Actuator web endpoint 'health'
-2026-04-15 00:21:32.564 -DEBUG 129 [] --- [nio-8080-exec-4] o.s.web.servlet.DispatcherServlet        : GET "/health", parameters={}
-2026-04-15 00:21:32.564 -DEBUG 129 [] --- [nio-8080-exec-4] s.b.a.e.w.s.WebMvcEndpointHandlerMapping : Mapped to Actuator web endpoint 'health'
-2026-04-15 00:21:32.570 -DEBUG 129 [] --- [nio-8080-exec-4] o.s.w.s.m.m.a.HttpEntityMethodProcessor  : Using 'application/vnd.spring-boot.actuator.v3+json', given [*/*] and supported [application/vnd.spring-boot.actuator.v3+json, application/vnd.spring-boot.actuator.v2+json, application/json]
-2026-04-15 00:21:32.570 -DEBUG 129 [] --- [nio-8080-exec-4] o.s.w.s.m.m.a.HttpEntityMethodProcessor  : Writing [org.springframework.boot.actuate.health.SystemHealth@29835b80]
-2026-04-15 00:21:32.571 -DEBUG 129 [] --- [nio-8080-exec-4] o.s.web.servlet.DispatcherServlet        : Completed 200 OK
-2026-04-15 00:21:32.610 -DEBUG 129 [] --- [nio-8080-exec-5] s.b.a.e.w.s.WebMvcEndpointHandlerMapping : Mapped to Actuator web endpoint 'health'
-2026-04-15 00:21:32.610 -DEBUG 129 [] --- [nio-8080-exec-5] s.b.a.e.w.s.WebMvcEndpointHandlerMapping : Mapped to Actuator web endpoint 'health'
-2026-04-15 00:21:32.611 -DEBUG 129 [] --- [nio-8080-exec-5] o.s.web.servlet.DispatcherServlet        : GET "/health", parameters={}
-2026-04-15 00:21:32.611 -DEBUG 129 [] --- [nio-8080-exec-5] s.b.a.e.w.s.WebMvcEndpointHandlerMapping : Mapped to Actuator web endpoint 'health'
-2026-04-15 00:21:32.617 -DEBUG 129 [] --- [nio-8080-exec-5] o.s.w.s.m.m.a.HttpEntityMethodProcessor  : Using 'application/vnd.spring-boot.actuator.v3+json', given [*/*] and supported [application/vnd.spring-boot.actuator.v3+json, application/vnd.spring-boot.actuator.v2+json, application/json]
-2026-04-15 00:21:32.617 -DEBUG 129 [] --- [nio-8080-exec-5] o.s.w.s.m.m.a.HttpEntityMethodProcessor  : Writing [org.springframework.boot.actuate.health.SystemHealth@528e6298]
-2026-04-15 00:21:32.618 -DEBUG 129 [] --- [nio-8080-exec-5] o.s.web.servlet.DispatcherServlet        : Completed 200 OK
-2026-04-15 00:21:32.625 -DEBUG 129 [] --- [nio-8080-exec-6] s.b.a.e.w.s.WebMvcEndpointHandlerMapping : Mapped to Actuator web endpoint 'health'
-2026-04-15 00:21:32.626 -DEBUG 129 [] --- [nio-8080-exec-6] s.b.a.e.w.s.WebMvcEndpointHandlerMapping : Mapped to Actuator web endpoint 'health'
-2026-04-15 00:21:32.626 -DEBUG 129 [] --- [nio-8080-exec-6] o.s.web.servlet.DispatcherServlet        : GET "/health", parameters={}
-2026-04-15 00:21:32.626 -DEBUG 129 [] --- [nio-8080-exec-6] s.b.a.e.w.s.WebMvcEndpointHandlerMapping : Mapped to Actuator web endpoint 'health'
-2026-04-15 00:21:32.632 -DEBUG 129 [] --- [nio-8080-exec-6] o.s.w.s.m.m.a.HttpEntityMethodProcessor  : Using 'application/vnd.spring-boot.actuator.v3+json', given [*/*] and supported [application/vnd.spring-boot.actuator.v3+json, application/vnd.spring-boot.actuator.v2+json, application/json]
-2026-04-15 00:21:32.632 -DEBUG 129 [] --- [nio-8080-exec-6] o.s.w.s.m.m.a.HttpEntityMethodProcessor  : Writing [org.springframework.boot.actuate.health.SystemHealth@36365e0d]
-2026-04-15 00:21:32.633 -DEBUG 129 [] --- [nio-8080-exec-6] o.s.web.servlet.DispatcherServlet        : Completed 200 OK
-2026-04-15 00:21:50.893 -DEBUG 129 [] --- [nio-8080-exec-7] s.b.a.e.w.s.WebMvcEndpointHandlerMapping : Mapped to Actuator web endpoint 'health'
-2026-04-15 00:21:50.894 -DEBUG 129 [] --- [nio-8080-exec-7] s.b.a.e.w.s.WebMvcEndpointHandlerMapping : Mapped to Actuator web endpoint 'health'
-2026-04-15 00:21:50.894 -DEBUG 129 [] --- [nio-8080-exec-7] o.s.web.servlet.DispatcherServlet        : GET "/health", parameters={}
-2026-04-15 00:21:50.894 -DEBUG 129 [] --- [nio-8080-exec-7] s.b.a.e.w.s.WebMvcEndpointHandlerMapping : Mapped to Actuator web endpoint 'health'
-2026-04-15 00:21:50.901 -DEBUG 129 [] --- [nio-8080-exec-7] o.s.w.s.m.m.a.HttpEntityMethodProcessor  : Using 'application/vnd.spring-boot.actuator.v3+json', given [*/*] and supported [application/vnd.spring-boot.actuator.v3+json, application/vnd.spring-boot.actuator.v2+json, application/json]
-2026-04-15 00:21:50.901 -DEBUG 129 [] --- [nio-8080-exec-7] o.s.w.s.m.m.a.HttpEntityMethodProcessor  : Writing [org.springframework.boot.actuate.health.SystemHealth@3bf4de82]
-2026-04-15 00:21:50.902 -DEBUG 129 [] --- [nio-8080-exec-7] o.s.web.servlet.DispatcherServlet        : Completed 200 OK
-2026-04-15 00:22:02.594 -DEBUG 129 [] --- [nio-8080-exec-9] s.b.a.e.w.s.WebMvcEndpointHandlerMapping : Mapped to Actuator web endpoint 'health'
-2026-04-15 00:22:02.594 -DEBUG 129 [] --- [nio-8080-exec-9] s.b.a.e.w.s.WebMvcEndpointHandlerMapping : Mapped to Actuator web endpoint 'health'
-2026-04-15 00:22:02.594 -DEBUG 129 [] --- [nio-8080-exec-9] o.s.web.servlet.DispatcherServlet        : GET "/health", parameters={}
-2026-04-15 00:22:02.594 -DEBUG 129 [] --- [nio-8080-exec-9] s.b.a.e.w.s.WebMvcEndpointHandlerMapping : Mapped to Actuator web endpoint 'health'
-2026-04-15 00:22:02.601 -DEBUG 129 [] --- [nio-8080-exec-9] o.s.w.s.m.m.a.HttpEntityMethodProcessor  : Using 'application/vnd.spring-boot.actuator.v3+json', given [*/*] and supported [application/vnd.spring-boot.actuator.v3+json, application/vnd.spring-boot.actuator.v2+json, application/json]
-2026-04-15 00:22:02.601 -DEBUG 129 [] --- [nio-8080-exec-9] o.s.w.s.m.m.a.HttpEntityMethodProcessor  : Writing [org.springframework.boot.actuate.health.SystemHealth@150439c]
-2026-04-15 00:22:02.602 -DEBUG 129 [] --- [nio-8080-exec-9] o.s.web.servlet.DispatcherServlet        : Completed 200 OK
-2026-04-15 00:22:02.628 -DEBUG 129 [] --- [io-8080-exec-10] s.b.a.e.w.s.WebMvcEndpointHandlerMapping : Mapped to Actuator web endpoint 'health'
-2026-04-15 00:22:02.629 -DEBUG 129 [] --- [io-8080-exec-10] s.b.a.e.w.s.WebMvcEndpointHandlerMapping : Mapped to Actuator web endpoint 'health'
-2026-04-15 00:22:02.629 -DEBUG 129 [] --- [io-8080-exec-10] o.s.web.servlet.DispatcherServlet        : GET "/health", parameters={}
-2026-04-15 00:22:02.629 -DEBUG 129 [] --- [io-8080-exec-10] s.b.a.e.w.s.WebMvcEndpointHandlerMapping : Mapped to Actuator web endpoint 'health'
-2026-04-15 00:22:02.634 -DEBUG 129 [] --- [io-8080-exec-10] o.s.w.s.m.m.a.HttpEntityMethodProcessor  : Using 'application/vnd.spring-boot.actuator.v3+json', given [*/*] and supported [application/vnd.spring-boot.actuator.v3+json, application/vnd.spring-boot.actuator.v2+json, application/json]
-2026-04-15 00:22:02.634 -DEBUG 129 [] --- [io-8080-exec-10] o.s.w.s.m.m.a.HttpEntityMethodProcessor  : Writing [org.springframework.boot.actuate.health.SystemHealth@56af8d57]
-2026-04-15 00:22:02.634 -DEBUG 129 [] --- [io-8080-exec-10] o.s.web.servlet.DispatcherServlet        : Completed 200 OK
-2026-04-15 00:22:02.639 -DEBUG 129 [] --- [nio-8080-exec-1] s.b.a.e.w.s.WebMvcEndpointHandlerMapping : Mapped to Actuator web endpoint 'health'
-2026-04-15 00:22:02.639 -DEBUG 129 [] --- [nio-8080-exec-1] s.b.a.e.w.s.WebMvcEndpointHandlerMapping : Mapped to Actuator web endpoint 'health'
-2026-04-15 00:22:02.639 -DEBUG 129 [] --- [nio-8080-exec-1] o.s.web.servlet.DispatcherServlet        : GET "/health", parameters={}
-2026-04-15 00:22:02.639 -DEBUG 129 [] --- [nio-8080-exec-1] s.b.a.e.w.s.WebMvcEndpointHandlerMapping : Mapped to Actuator web endpoint 'health'
-2026-04-15 00:22:02.644 -DEBUG 129 [] --- [nio-8080-exec-1] o.s.w.s.m.m.a.HttpEntityMethodProcessor  : Using 'application/vnd.spring-boot.actuator.v3+json', given [*/*] and supported [application/vnd.spring-boot.actuator.v3+json, application/vnd.spring-boot.actuator.v2+json, application/json]
-2026-04-15 00:22:02.644 -DEBUG 129 [] --- [nio-8080-exec-1] o.s.w.s.m.m.a.HttpEntityMethodProcessor  : Writing [org.springframework.boot.actuate.health.SystemHealth@57a82557]
-2026-04-15 00:22:02.645 -DEBUG 129 [] --- [nio-8080-exec-1] o.s.web.servlet.DispatcherServlet        : Completed 200 OK
-2026-04-15 00:22:20.902 -DEBUG 129 [] --- [nio-8080-exec-2] s.b.a.e.w.s.WebMvcEndpointHandlerMapping : Mapped to Actuator web endpoint 'health'
-2026-04-15 00:22:20.903 -DEBUG 129 [] --- [nio-8080-exec-2] s.b.a.e.w.s.WebMvcEndpointHandlerMapping : Mapped to Actuator web endpoint 'health'
-2026-04-15 00:22:20.904 -DEBUG 129 [] --- [nio-8080-exec-2] o.s.web.servlet.DispatcherServlet        : GET "/health", parameters={}
-2026-04-15 00:22:20.905 -DEBUG 129 [] --- [nio-8080-exec-2] s.b.a.e.w.s.WebMvcEndpointHandlerMapping : Mapped to Actuator web endpoint 'health'
-2026-04-15 00:22:20.913 -DEBUG 129 [] --- [nio-8080-exec-2] o.s.w.s.m.m.a.HttpEntityMethodProcessor  : Using 'application/vnd.spring-boot.actuator.v3+json', given [*/*] and supported [application/vnd.spring-boot.actuator.v3+json, application/vnd.spring-boot.actuator.v2+json, application/json]
-2026-04-15 00:22:20.914 -DEBUG 129 [] --- [nio-8080-exec-2] o.s.w.s.m.m.a.HttpEntityMethodProcessor  : Writing [org.springframework.boot.actuate.health.SystemHealth@287b51ba]
-2026-04-15 00:22:20.915 -DEBUG 129 [] --- [nio-8080-exec-2] o.s.web.servlet.DispatcherServlet        : Completed 200 OK
-2026-04-15 00:22:32.617 -DEBUG 129 [] --- [nio-8080-exec-3] s.b.a.e.w.s.WebMvcEndpointHandlerMapping : Mapped to Actuator web endpoint 'health'
-2026-04-15 00:22:32.618 -DEBUG 129 [] --- [nio-8080-exec-3] s.b.a.e.w.s.WebMvcEndpointHandlerMapping : Mapped to Actuator web endpoint 'health'
-2026-04-15 00:22:32.618 -DEBUG 129 [] --- [nio-8080-exec-3] o.s.web.servlet.DispatcherServlet        : GET "/health", parameters={}
-2026-04-15 00:22:32.618 -DEBUG 129 [] --- [nio-8080-exec-3] s.b.a.e.w.s.WebMvcEndpointHandlerMapping : Mapped to Actuator web endpoint 'health'
-2026-04-15 00:22:32.623 -DEBUG 129 [] --- [nio-8080-exec-3] o.s.w.s.m.m.a.HttpEntityMethodProcessor  : Using 'application/vnd.spring-boot.actuator.v3+json', given [*/*] and supported [application/vnd.spring-boot.actuator.v3+json, application/vnd.spring-boot.actuator.v2+json, application/json]
-2026-04-15 00:22:32.623 -DEBUG 129 [] --- [nio-8080-exec-3] o.s.w.s.m.m.a.HttpEntityMethodProcessor  : Writing [org.springframework.boot.actuate.health.SystemHealth@2dae19b1]
-2026-04-15 00:22:32.624 -DEBUG 129 [] --- [nio-8080-exec-3] o.s.web.servlet.DispatcherServlet        : Completed 200 OK
-2026-04-15 00:22:32.656 -DEBUG 129 [] --- [nio-8080-exec-4] s.b.a.e.w.s.WebMvcEndpointHandlerMapping : Mapped to Actuator web endpoint 'health'
-2026-04-15 00:22:32.656 -DEBUG 129 [] --- [nio-8080-exec-4] s.b.a.e.w.s.WebMvcEndpointHandlerMapping : Mapped to Actuator web endpoint 'health'
-2026-04-15 00:22:32.657 -DEBUG 129 [] --- [nio-8080-exec-4] o.s.web.servlet.DispatcherServlet        : GET "/health", parameters={}
-2026-04-15 00:22:32.657 -DEBUG 129 [] --- [nio-8080-exec-4] s.b.a.e.w.s.WebMvcEndpointHandlerMapping : Mapped to Actuator web endpoint 'health'
-2026-04-15 00:22:32.663 -DEBUG 129 [] --- [nio-8080-exec-4] o.s.w.s.m.m.a.HttpEntityMethodProcessor  : Using 'application/vnd.spring-boot.actuator.v3+json', given [*/*] and supported [application/vnd.spring-boot.actuator.v3+json, application/vnd.spring-boot.actuator.v2+json, application/json]
-2026-04-15 00:22:32.663 -DEBUG 129 [] --- [nio-8080-exec-4] o.s.w.s.m.m.a.HttpEntityMethodProcessor  : Writing [org.springframework.boot.actuate.health.SystemHealth@1ddf92f]
-2026-04-15 00:22:32.664 -DEBUG 129 [] --- [nio-8080-exec-4] o.s.web.servlet.DispatcherServlet        : Completed 200 OK
-2026-04-15 00:22:32.669 -DEBUG 129 [] --- [nio-8080-exec-5] s.b.a.e.w.s.WebMvcEndpointHandlerMapping : Mapped to Actuator web endpoint 'health'
-2026-04-15 00:22:32.670 -DEBUG 129 [] --- [nio-8080-exec-5] s.b.a.e.w.s.WebMvcEndpointHandlerMapping : Mapped to Actuator web endpoint 'health'
-2026-04-15 00:22:32.670 -DEBUG 129 [] --- [nio-8080-exec-5] o.s.web.servlet.DispatcherServlet        : GET "/health", parameters={}
-2026-04-15 00:22:32.671 -DEBUG 129 [] --- [nio-8080-exec-5] s.b.a.e.w.s.WebMvcEndpointHandlerMapping : Mapped to Actuator web endpoint 'health'
-2026-04-15 00:22:32.675 -DEBUG 129 [] --- [nio-8080-exec-5] o.s.w.s.m.m.a.HttpEntityMethodProcessor  : Using 'application/vnd.spring-boot.actuator.v3+json', given [*/*] and supported [application/vnd.spring-boot.actuator.v3+json, application/vnd.spring-boot.actuator.v2+json, application/json]
-2026-04-15 00:22:32.675 -DEBUG 129 [] --- [nio-8080-exec-5] o.s.w.s.m.m.a.HttpEntityMethodProcessor  : Writing [org.springframework.boot.actuate.health.SystemHealth@178cf6ad]
-2026-04-15 00:22:32.676 -DEBUG 129 [] --- [nio-8080-exec-5] o.s.web.servlet.DispatcherServlet        : Completed 200 OK
-2026-04-15 00:22:50.899 -DEBUG 129 [] --- [nio-8080-exec-6] s.b.a.e.w.s.WebMvcEndpointHandlerMapping : Mapped to Actuator web endpoint 'health'
-2026-04-15 00:22:50.900 -DEBUG 129 [] --- [nio-8080-exec-6] s.b.a.e.w.s.WebMvcEndpointHandlerMapping : Mapped to Actuator web endpoint 'health'
-2026-04-15 00:22:50.901 -DEBUG 129 [] --- [nio-8080-exec-6] o.s.web.servlet.DispatcherServlet        : GET "/health", parameters={}
-2026-04-15 00:22:50.901 -DEBUG 129 [] --- [nio-8080-exec-6] s.b.a.e.w.s.WebMvcEndpointHandlerMapping : Mapped to Actuator web endpoint 'health'
-2026-04-15 00:22:50.906 -DEBUG 129 [] --- [nio-8080-exec-6] o.s.w.s.m.m.a.HttpEntityMethodProcessor  : Using 'application/vnd.spring-boot.actuator.v3+json', given [*/*] and supported [application/vnd.spring-boot.actuator.v3+json, application/vnd.spring-boot.actuator.v2+json, application/json]
-2026-04-15 00:22:50.907 -DEBUG 129 [] --- [nio-8080-exec-6] o.s.w.s.m.m.a.HttpEntityMethodProcessor  : Writing [org.springframework.boot.actuate.health.SystemHealth@2acdf2e9]
-2026-04-15 00:22:50.907 -DEBUG 129 [] --- [nio-8080-exec-6] o.s.web.servlet.DispatcherServlet        : Completed 200 OK
-2026-04-15 00:23:02.636 -DEBUG 129 [] --- [nio-8080-exec-8] s.b.a.e.w.s.WebMvcEndpointHandlerMapping : Mapped to Actuator web endpoint 'health'
-2026-04-15 00:23:02.636 -DEBUG 129 [] --- [nio-8080-exec-8] s.b.a.e.w.s.WebMvcEndpointHandlerMapping : Mapped to Actuator web endpoint 'health'
-2026-04-15 00:23:02.636 -DEBUG 129 [] --- [nio-8080-exec-8] o.s.web.servlet.DispatcherServlet        : GET "/health", parameters={}
-2026-04-15 00:23:02.637 -DEBUG 129 [] --- [nio-8080-exec-8] s.b.a.e.w.s.WebMvcEndpointHandlerMapping : Mapped to Actuator web endpoint 'health'
-2026-04-15 00:23:02.645 -DEBUG 129 [] --- [nio-8080-exec-8] o.s.w.s.m.m.a.HttpEntityMethodProcessor  : Using 'application/vnd.spring-boot.actuator.v3+json', given [*/*] and supported [application/vnd.spring-boot.actuator.v3+json, application/vnd.spring-boot.actuator.v2+json, application/json]
-2026-04-15 00:23:02.646 -DEBUG 129 [] --- [nio-8080-exec-8] o.s.w.s.m.m.a.HttpEntityMethodProcessor  : Writing [org.springframework.boot.actuate.health.SystemHealth@66b492a5]
-2026-04-15 00:23:02.646 -DEBUG 129 [] --- [nio-8080-exec-8] o.s.web.servlet.DispatcherServlet        : Completed 200 OK
-2026-04-15 00:23:02.687 -DEBUG 129 [] --- [nio-8080-exec-9] s.b.a.e.w.s.WebMvcEndpointHandlerMapping : Mapped to Actuator web endpoint 'health'
-2026-04-15 00:23:02.688 -DEBUG 129 [] --- [nio-8080-exec-9] s.b.a.e.w.s.WebMvcEndpointHandlerMapping : Mapped to Actuator web endpoint 'health'
-2026-04-15 00:23:02.688 -DEBUG 129 [] --- [nio-8080-exec-9] o.s.web.servlet.DispatcherServlet        : GET "/health", parameters={}
-2026-04-15 00:23:02.689 -DEBUG 129 [] --- [nio-8080-exec-9] s.b.a.e.w.s.WebMvcEndpointHandlerMapping : Mapped to Actuator web endpoint 'health'
-2026-04-15 00:23:02.694 -DEBUG 129 [] --- [nio-8080-exec-9] o.s.w.s.m.m.a.HttpEntityMethodProcessor  : Using 'application/vnd.spring-boot.actuator.v3+json', given [*/*] and supported [application/vnd.spring-boot.actuator.v3+json, application/vnd.spring-boot.actuator.v2+json, application/json]
-2026-04-15 00:23:02.694 -DEBUG 129 [] --- [nio-8080-exec-9] o.s.w.s.m.m.a.HttpEntityMethodProcessor  : Writing [org.springframework.boot.actuate.health.SystemHealth@62305faa]
-2026-04-15 00:23:02.695 -DEBUG 129 [] --- [nio-8080-exec-9] o.s.web.servlet.DispatcherServlet        : Completed 200 OK
-2026-04-15 00:23:02.701 -DEBUG 129 [] --- [io-8080-exec-10] s.b.a.e.w.s.WebMvcEndpointHandlerMapping : Mapped to Actuator web endpoint 'health'
-2026-04-15 00:23:02.702 -DEBUG 129 [] --- [io-8080-exec-10] s.b.a.e.w.s.WebMvcEndpointHandlerMapping : Mapped to Actuator web endpoint 'health'
-2026-04-15 00:23:02.702 -DEBUG 129 [] --- [io-8080-exec-10] o.s.web.servlet.DispatcherServlet        : GET "/health", parameters={}
-2026-04-15 00:23:02.702 -DEBUG 129 [] --- [io-8080-exec-10] s.b.a.e.w.s.WebMvcEndpointHandlerMapping : Mapped to Actuator web endpoint 'health'
-2026-04-15 00:23:02.707 -DEBUG 129 [] --- [io-8080-exec-10] o.s.w.s.m.m.a.HttpEntityMethodProcessor  : Using 'application/vnd.spring-boot.actuator.v3+json', given [*/*] and supported [application/vnd.spring-boot.actuator.v3+json, application/vnd.spring-boot.actuator.v2+json, application/json]
-2026-04-15 00:23:02.707 -DEBUG 129 [] --- [io-8080-exec-10] o.s.w.s.m.m.a.HttpEntityMethodProcessor  : Writing [org.springframework.boot.actuate.health.SystemHealth@13ad09e6]
-2026-04-15 00:23:02.707 -DEBUG 129 [] --- [io-8080-exec-10] o.s.web.servlet.DispatcherServlet        : Completed 200 OK
-2026-04-15 00:23:20.926 -DEBUG 129 [] --- [nio-8080-exec-1] s.b.a.e.w.s.WebMvcEndpointHandlerMapping : Mapped to Actuator web endpoint 'health'
-2026-04-15 00:23:20.927 -DEBUG 129 [] --- [nio-8080-exec-1] s.b.a.e.w.s.WebMvcEndpointHandlerMapping : Mapped to Actuator web endpoint 'health'
-2026-04-15 00:23:20.927 -DEBUG 129 [] --- [nio-8080-exec-1] o.s.web.servlet.DispatcherServlet        : GET "/health", parameters={}
-2026-04-15 00:23:20.928 -DEBUG 129 [] --- [nio-8080-exec-1] s.b.a.e.w.s.WebMvcEndpointHandlerMapping : Mapped to Actuator web endpoint 'health'
-2026-04-15 00:23:20.937 -DEBUG 129 [] --- [nio-8080-exec-1] o.s.w.s.m.m.a.HttpEntityMethodProcessor  : Using 'application/vnd.spring-boot.actuator.v3+json', given [*/*] and supported [application/vnd.spring-boot.actuator.v3+json, application/vnd.spring-boot.actuator.v2+json, application/json]
-2026-04-15 00:23:20.938 -DEBUG 129 [] --- [nio-8080-exec-1] o.s.w.s.m.m.a.HttpEntityMethodProcessor  : Writing [org.springframework.boot.actuate.health.SystemHealth@687ac075]
-2026-04-15 00:23:20.938 -DEBUG 129 [] --- [nio-8080-exec-1] o.s.web.servlet.DispatcherServlet        : Completed 200 OK
-2026-04-15 00:23:32.637 -DEBUG 129 [] --- [nio-8080-exec-2] s.b.a.e.w.s.WebMvcEndpointHandlerMapping : Mapped to Actuator web endpoint 'health'
-2026-04-15 00:23:32.638 -DEBUG 129 [] --- [nio-8080-exec-2] s.b.a.e.w.s.WebMvcEndpointHandlerMapping : Mapped to Actuator web endpoint 'health'
-2026-04-15 00:23:32.638 -DEBUG 129 [] --- [nio-8080-exec-2] o.s.web.servlet.DispatcherServlet        : GET "/health", parameters={}
-2026-04-15 00:23:32.638 -DEBUG 129 [] --- [nio-8080-exec-2] s.b.a.e.w.s.WebMvcEndpointHandlerMapping : Mapped to Actuator web endpoint 'health'
-2026-04-15 00:23:32.643 -DEBUG 129 [] --- [nio-8080-exec-2] o.s.w.s.m.m.a.HttpEntityMethodProcessor  : Using 'application/vnd.spring-boot.actuator.v3+json', given [*/*] and supported [application/vnd.spring-boot.actuator.v3+json, application/vnd.spring-boot.actuator.v2+json, application/json]
-2026-04-15 00:23:32.643 -DEBUG 129 [] --- [nio-8080-exec-2] o.s.w.s.m.m.a.HttpEntityMethodProcessor  : Writing [org.springframework.boot.actuate.health.SystemHealth@7b383d7a]
-2026-04-15 00:23:32.644 -DEBUG 129 [] --- [nio-8080-exec-2] o.s.web.servlet.DispatcherServlet        : Completed 200 OK
-2026-04-15 00:23:32.716 -DEBUG 129 [] --- [nio-8080-exec-3] s.b.a.e.w.s.WebMvcEndpointHandlerMapping : Mapped to Actuator web endpoint 'health'
-2026-04-15 00:23:32.716 -DEBUG 129 [] --- [nio-8080-exec-3] s.b.a.e.w.s.WebMvcEndpointHandlerMapping : Mapped to Actuator web endpoint 'health'
-2026-04-15 00:23:32.717 -DEBUG 129 [] --- [nio-8080-exec-3] o.s.web.servlet.DispatcherServlet        : GET "/health", parameters={}
-2026-04-15 00:23:32.717 -DEBUG 129 [] --- [nio-8080-exec-3] s.b.a.e.w.s.WebMvcEndpointHandlerMapping : Mapped to Actuator web endpoint 'health'
-2026-04-15 00:23:32.722 -DEBUG 129 [] --- [nio-8080-exec-3] o.s.w.s.m.m.a.HttpEntityMethodProcessor  : Using 'application/vnd.spring-boot.actuator.v3+json', given [*/*] and supported [application/vnd.spring-boot.actuator.v3+json, application/vnd.spring-boot.actuator.v2+json, application/json]
-2026-04-15 00:23:32.723 -DEBUG 129 [] --- [nio-8080-exec-3] o.s.w.s.m.m.a.HttpEntityMethodProcessor  : Writing [org.springframework.boot.actuate.health.SystemHealth@24659949]
-2026-04-15 00:23:32.723 -DEBUG 129 [] --- [nio-8080-exec-3] o.s.web.servlet.DispatcherServlet        : Completed 200 OK
-2026-04-15 00:23:32.733 -DEBUG 129 [] --- [nio-8080-exec-4] s.b.a.e.w.s.WebMvcEndpointHandlerMapping : Mapped to Actuator web endpoint 'health'
-2026-04-15 00:23:32.733 -DEBUG 129 [] --- [nio-8080-exec-4] s.b.a.e.w.s.WebMvcEndpointHandlerMapping : Mapped to Actuator web endpoint 'health'
-2026-04-15 00:23:32.734 -DEBUG 129 [] --- [nio-8080-exec-4] o.s.web.servlet.DispatcherServlet        : GET "/health", parameters={}
-2026-04-15 00:23:32.734 -DEBUG 129 [] --- [nio-8080-exec-4] s.b.a.e.w.s.WebMvcEndpointHandlerMapping : Mapped to Actuator web endpoint 'health'
-2026-04-15 00:23:32.738 -DEBUG 129 [] --- [nio-8080-exec-4] o.s.w.s.m.m.a.HttpEntityMethodProcessor  : Using 'application/vnd.spring-boot.actuator.v3+json', given [*/*] and supported [application/vnd.spring-boot.actuator.v3+json, application/vnd.spring-boot.actuator.v2+json, application/json]
-2026-04-15 00:23:32.738 -DEBUG 129 [] --- [nio-8080-exec-4] o.s.w.s.m.m.a.HttpEntityMethodProcessor  : Writing [org.springframework.boot.actuate.health.SystemHealth@3231fdcf]
-2026-04-15 00:23:32.739 -DEBUG 129 [] --- [nio-8080-exec-4] o.s.web.servlet.DispatcherServlet        : Completed 200 OK
-2026-04-15 00:23:50.894 -DEBUG 129 [] --- [nio-8080-exec-5] s.b.a.e.w.s.WebMvcEndpointHandlerMapping : Mapped to Actuator web endpoint 'health'
-2026-04-15 00:23:50.895 -DEBUG 129 [] --- [nio-8080-exec-5] s.b.a.e.w.s.WebMvcEndpointHandlerMapping : Mapped to Actuator web endpoint 'health'
-2026-04-15 00:23:50.895 -DEBUG 129 [] --- [nio-8080-exec-5] o.s.web.servlet.DispatcherServlet        : GET "/health", parameters={}
-2026-04-15 00:23:50.896 -DEBUG 129 [] --- [nio-8080-exec-5] s.b.a.e.w.s.WebMvcEndpointHandlerMapping : Mapped to Actuator web endpoint 'health'
-2026-04-15 00:23:50.911 -DEBUG 129 [] --- [nio-8080-exec-5] o.s.w.s.m.m.a.HttpEntityMethodProcessor  : Using 'application/vnd.spring-boot.actuator.v3+json', given [*/*] and supported [application/vnd.spring-boot.actuator.v3+json, application/vnd.spring-boot.actuator.v2+json, application/json]
-2026-04-15 00:23:50.912 -DEBUG 129 [] --- [nio-8080-exec-5] o.s.w.s.m.m.a.HttpEntityMethodProcessor  : Writing [org.springframework.boot.actuate.health.SystemHealth@7f5d94fd]
-2026-04-15 00:23:50.913 -DEBUG 129 [] --- [nio-8080-exec-5] o.s.web.servlet.DispatcherServlet        : Completed 200 OK
-2026-04-15 00:24:02.667 -DEBUG 129 [] --- [nio-8080-exec-6] s.b.a.e.w.s.WebMvcEndpointHandlerMapping : Mapped to Actuator web endpoint 'health'
-2026-04-15 00:24:02.668 -DEBUG 129 [] --- [nio-8080-exec-6] s.b.a.e.w.s.WebMvcEndpointHandlerMapping : Mapped to Actuator web endpoint 'health'
-2026-04-15 00:24:02.668 -DEBUG 129 [] --- [nio-8080-exec-6] o.s.web.servlet.DispatcherServlet        : GET "/health", parameters={}
-2026-04-15 00:24:02.668 -DEBUG 129 [] --- [nio-8080-exec-6] s.b.a.e.w.s.WebMvcEndpointHandlerMapping : Mapped to Actuator web endpoint 'health'
-2026-04-15 00:24:02.673 -DEBUG 129 [] --- [nio-8080-exec-6] o.s.w.s.m.m.a.HttpEntityMethodProcessor  : Using 'application/vnd.spring-boot.actuator.v3+json', given [*/*] and supported [application/vnd.spring-boot.actuator.v3+json, application/vnd.spring-boot.actuator.v2+json, application/json]
-2026-04-15 00:24:02.674 -DEBUG 129 [] --- [nio-8080-exec-6] o.s.w.s.m.m.a.HttpEntityMethodProcessor  : Writing [org.springframework.boot.actuate.health.SystemHealth@7caa962]
-2026-04-15 00:24:02.674 -DEBUG 129 [] --- [nio-8080-exec-6] o.s.web.servlet.DispatcherServlet        : Completed 200 OK
-2026-04-15 00:24:02.738 -DEBUG 129 [] --- [nio-8080-exec-7] s.b.a.e.w.s.WebMvcEndpointHandlerMapping : Mapped to Actuator web endpoint 'health'
-2026-04-15 00:24:02.739 -DEBUG 129 [] --- [nio-8080-exec-7] s.b.a.e.w.s.WebMvcEndpointHandlerMapping : Mapped to Actuator web endpoint 'health'
-2026-04-15 00:24:02.740 -DEBUG 129 [] --- [nio-8080-exec-7] o.s.web.servlet.DispatcherServlet        : GET "/health", parameters={}
-2026-04-15 00:24:02.740 -DEBUG 129 [] --- [nio-8080-exec-7] s.b.a.e.w.s.WebMvcEndpointHandlerMapping : Mapped to Actuator web endpoint 'health'
-2026-04-15 00:24:02.749 -DEBUG 129 [] --- [nio-8080-exec-7] o.s.w.s.m.m.a.HttpEntityMethodProcessor  : Using 'application/vnd.spring-boot.actuator.v3+json', given [*/*] and supported [application/vnd.spring-boot.actuator.v3+json, application/vnd.spring-boot.actuator.v2+json, application/json]
-2026-04-15 00:24:02.749 -DEBUG 129 [] --- [nio-8080-exec-7] o.s.w.s.m.m.a.HttpEntityMethodProcessor  : Writing [org.springframework.boot.actuate.health.SystemHealth@3edd01c0]
-2026-04-15 00:24:02.750 -DEBUG 129 [] --- [nio-8080-exec-7] o.s.web.servlet.DispatcherServlet        : Completed 200 OK
-2026-04-15 00:24:02.762 -DEBUG 129 [] --- [nio-8080-exec-8] s.b.a.e.w.s.WebMvcEndpointHandlerMapping : Mapped to Actuator web endpoint 'health'
-2026-04-15 00:24:02.763 -DEBUG 129 [] --- [nio-8080-exec-8] s.b.a.e.w.s.WebMvcEndpointHandlerMapping : Mapped to Actuator web endpoint 'health'
-2026-04-15 00:24:02.763 -DEBUG 129 [] --- [nio-8080-exec-8] o.s.web.servlet.DispatcherServlet        : GET "/health", parameters={}
-2026-04-15 00:24:02.764 -DEBUG 129 [] --- [nio-8080-exec-8] s.b.a.e.w.s.WebMvcEndpointHandlerMapping : Mapped to Actuator web endpoint 'health'
-2026-04-15 00:24:02.770 -DEBUG 129 [] --- [nio-8080-exec-8] o.s.w.s.m.m.a.HttpEntityMethodProcessor  : Using 'application/vnd.spring-boot.actuator.v3+json', given [*/*] and supported [application/vnd.spring-boot.actuator.v3+json, application/vnd.spring-boot.actuator.v2+json, application/json]
-2026-04-15 00:24:02.770 -DEBUG 129 [] --- [nio-8080-exec-8] o.s.w.s.m.m.a.HttpEntityMethodProcessor  : Writing [org.springframework.boot.actuate.health.SystemHealth@3cbe05ff]
-2026-04-15 00:24:02.770 -DEBUG 129 [] --- [nio-8080-exec-8] o.s.web.servlet.DispatcherServlet        : Completed 200 OK
-2026-04-15 00:24:20.906 -DEBUG 129 [] --- [nio-8080-exec-9] s.b.a.e.w.s.WebMvcEndpointHandlerMapping : Mapped to Actuator web endpoint 'health'
-2026-04-15 00:24:20.907 -DEBUG 129 [] --- [nio-8080-exec-9] s.b.a.e.w.s.WebMvcEndpointHandlerMapping : Mapped to Actuator web endpoint 'health'
-2026-04-15 00:24:20.908 -DEBUG 129 [] --- [nio-8080-exec-9] o.s.web.servlet.DispatcherServlet        : GET "/health", parameters={}
-2026-04-15 00:24:20.909 -DEBUG 129 [] --- [nio-8080-exec-9] s.b.a.e.w.s.WebMvcEndpointHandlerMapping : Mapped to Actuator web endpoint 'health'
-2026-04-15 00:24:20.917 -DEBUG 129 [] --- [nio-8080-exec-9] o.s.w.s.m.m.a.HttpEntityMethodProcessor  : Using 'application/vnd.spring-boot.actuator.v3+json', given [*/*] and supported [application/vnd.spring-boot.actuator.v3+json, application/vnd.spring-boot.actuator.v2+json, application/json]
-2026-04-15 00:24:20.917 -DEBUG 129 [] --- [nio-8080-exec-9] o.s.w.s.m.m.a.HttpEntityMethodProcessor  : Writing [org.springframework.boot.actuate.health.SystemHealth@617fbcd3]
-2026-04-15 00:24:20.919 -DEBUG 129 [] --- [nio-8080-exec-9] o.s.web.servlet.DispatcherServlet        : Completed 200 OK
-2026-04-15 00:24:32.698 -DEBUG 129 [] --- [nio-8080-exec-1] s.b.a.e.w.s.WebMvcEndpointHandlerMapping : Mapped to Actuator web endpoint 'health'
-2026-04-15 00:24:32.698 -DEBUG 129 [] --- [nio-8080-exec-1] s.b.a.e.w.s.WebMvcEndpointHandlerMapping : Mapped to Actuator web endpoint 'health'
-2026-04-15 00:24:32.698 -DEBUG 129 [] --- [nio-8080-exec-1] o.s.web.servlet.DispatcherServlet        : GET "/health", parameters={}
-2026-04-15 00:24:32.699 -DEBUG 129 [] --- [nio-8080-exec-1] s.b.a.e.w.s.WebMvcEndpointHandlerMapping : Mapped to Actuator web endpoint 'health'
-2026-04-15 00:24:32.703 -DEBUG 129 [] --- [nio-8080-exec-1] o.s.w.s.m.m.a.HttpEntityMethodProcessor  : Using 'application/vnd.spring-boot.actuator.v3+json', given [*/*] and supported [application/vnd.spring-boot.actuator.v3+json, application/vnd.spring-boot.actuator.v2+json, application/json]
-2026-04-15 00:24:32.703 -DEBUG 129 [] --- [nio-8080-exec-1] o.s.w.s.m.m.a.HttpEntityMethodProcessor  : Writing [org.springframework.boot.actuate.health.SystemHealth@2431de5]
-2026-04-15 00:24:32.704 -DEBUG 129 [] --- [nio-8080-exec-1] o.s.web.servlet.DispatcherServlet        : Completed 200 OK
-2026-04-15 00:24:32.768 -DEBUG 129 [] --- [nio-8080-exec-2] s.b.a.e.w.s.WebMvcEndpointHandlerMapping : Mapped to Actuator web endpoint 'health'
-2026-04-15 00:24:32.768 -DEBUG 129 [] --- [nio-8080-exec-2] s.b.a.e.w.s.WebMvcEndpointHandlerMapping : Mapped to Actuator web endpoint 'health'
-2026-04-15 00:24:32.769 -DEBUG 129 [] --- [nio-8080-exec-2] o.s.web.servlet.DispatcherServlet        : GET "/health", parameters={}
-2026-04-15 00:24:32.769 -DEBUG 129 [] --- [nio-8080-exec-2] s.b.a.e.w.s.WebMvcEndpointHandlerMapping : Mapped to Actuator web endpoint 'health'
-2026-04-15 00:24:32.775 -DEBUG 129 [] --- [nio-8080-exec-2] o.s.w.s.m.m.a.HttpEntityMethodProcessor  : Using 'application/vnd.spring-boot.actuator.v3+json', given [*/*] and supported [application/vnd.spring-boot.actuator.v3+json, application/vnd.spring-boot.actuator.v2+json, application/json]
-2026-04-15 00:24:32.775 -DEBUG 129 [] --- [nio-8080-exec-2] o.s.w.s.m.m.a.HttpEntityMethodProcessor  : Writing [org.springframework.boot.actuate.health.SystemHealth@300db167]
-2026-04-15 00:24:32.775 -DEBUG 129 [] --- [nio-8080-exec-2] o.s.web.servlet.DispatcherServlet        : Completed 200 OK
-2026-04-15 00:24:32.793 -DEBUG 129 [] --- [nio-8080-exec-3] s.b.a.e.w.s.WebMvcEndpointHandlerMapping : Mapped to Actuator web endpoint 'health'
-2026-04-15 00:24:32.793 -DEBUG 129 [] --- [nio-8080-exec-3] s.b.a.e.w.s.WebMvcEndpointHandlerMapping : Mapped to Actuator web endpoint 'health'
-2026-04-15 00:24:32.793 -DEBUG 129 [] --- [nio-8080-exec-3] o.s.web.servlet.DispatcherServlet        : GET "/health", parameters={}
-2026-04-15 00:24:32.793 -DEBUG 129 [] --- [nio-8080-exec-3] s.b.a.e.w.s.WebMvcEndpointHandlerMapping : Mapped to Actuator web endpoint 'health'
-2026-04-15 00:24:32.799 -DEBUG 129 [] --- [nio-8080-exec-3] o.s.w.s.m.m.a.HttpEntityMethodProcessor  : Using 'application/vnd.spring-boot.actuator.v3+json', given [*/*] and supported [application/vnd.spring-boot.actuator.v3+json, application/vnd.spring-boot.actuator.v2+json, application/json]
-2026-04-15 00:24:32.799 -DEBUG 129 [] --- [nio-8080-exec-3] o.s.w.s.m.m.a.HttpEntityMethodProcessor  : Writing [org.springframework.boot.actuate.health.SystemHealth@7c577d0e]
-2026-04-15 00:24:32.800 -DEBUG 129 [] --- [nio-8080-exec-3] o.s.web.servlet.DispatcherServlet        : Completed 200 OK
-2026-04-15 00:24:50.899 -DEBUG 129 [] --- [nio-8080-exec-4] s.b.a.e.w.s.WebMvcEndpointHandlerMapping : Mapped to Actuator web endpoint 'health'
-2026-04-15 00:24:50.899 -DEBUG 129 [] --- [nio-8080-exec-4] s.b.a.e.w.s.WebMvcEndpointHandlerMapping : Mapped to Actuator web endpoint 'health'
-2026-04-15 00:24:50.899 -DEBUG 129 [] --- [nio-8080-exec-4] o.s.web.servlet.DispatcherServlet        : GET "/health", parameters={}
-2026-04-15 00:24:50.900 -DEBUG 129 [] --- [nio-8080-exec-4] s.b.a.e.w.s.WebMvcEndpointHandlerMapping : Mapped to Actuator web endpoint 'health'
-2026-04-15 00:24:50.905 -DEBUG 129 [] --- [nio-8080-exec-4] o.s.w.s.m.m.a.HttpEntityMethodProcessor  : Using 'application/vnd.spring-boot.actuator.v3+json', given [*/*] and supported [application/vnd.spring-boot.actuator.v3+json, application/vnd.spring-boot.actuator.v2+json, application/json]
-2026-04-15 00:24:50.906 -DEBUG 129 [] --- [nio-8080-exec-4] o.s.w.s.m.m.a.HttpEntityMethodProcessor  : Writing [org.springframework.boot.actuate.health.SystemHealth@7491f39f]
-2026-04-15 00:24:50.906 -DEBUG 129 [] --- [nio-8080-exec-4] o.s.web.servlet.DispatcherServlet        : Completed 200 OK
-2026-04-15 00:25:02.728 -DEBUG 129 [] --- [nio-8080-exec-6] s.b.a.e.w.s.WebMvcEndpointHandlerMapping : Mapped to Actuator web endpoint 'health'
-2026-04-15 00:25:02.729 -DEBUG 129 [] --- [nio-8080-exec-6] s.b.a.e.w.s.WebMvcEndpointHandlerMapping : Mapped to Actuator web endpoint 'health'
-2026-04-15 00:25:02.729 -DEBUG 129 [] --- [nio-8080-exec-6] o.s.web.servlet.DispatcherServlet        : GET "/health", parameters={}
-2026-04-15 00:25:02.729 -DEBUG 129 [] --- [nio-8080-exec-6] s.b.a.e.w.s.WebMvcEndpointHandlerMapping : Mapped to Actuator web endpoint 'health'
-2026-04-15 00:25:02.737 -DEBUG 129 [] --- [nio-8080-exec-6] o.s.w.s.m.m.a.HttpEntityMethodProcessor  : Using 'application/vnd.spring-boot.actuator.v3+json', given [*/*] and supported [application/vnd.spring-boot.actuator.v3+json, application/vnd.spring-boot.actuator.v2+json, application/json]
-2026-04-15 00:25:02.738 -DEBUG 129 [] --- [nio-8080-exec-6] o.s.w.s.m.m.a.HttpEntityMethodProcessor  : Writing [org.springframework.boot.actuate.health.SystemHealth@52db5b22]
-2026-04-15 00:25:02.738 -DEBUG 129 [] --- [nio-8080-exec-6] o.s.web.servlet.DispatcherServlet        : Completed 200 OK
-2026-04-15 00:25:02.796 -DEBUG 129 [] --- [nio-8080-exec-7] s.b.a.e.w.s.WebMvcEndpointHandlerMapping : Mapped to Actuator web endpoint 'health'
-2026-04-15 00:25:02.797 -DEBUG 129 [] --- [nio-8080-exec-7] s.b.a.e.w.s.WebMvcEndpointHandlerMapping : Mapped to Actuator web endpoint 'health'
-2026-04-15 00:25:02.797 -DEBUG 129 [] --- [nio-8080-exec-7] o.s.web.servlet.DispatcherServlet        : GET "/health", parameters={}
-2026-04-15 00:25:02.797 -DEBUG 129 [] --- [nio-8080-exec-7] s.b.a.e.w.s.WebMvcEndpointHandlerMapping : Mapped to Actuator web endpoint 'health'
-2026-04-15 00:25:02.803 -DEBUG 129 [] --- [nio-8080-exec-7] o.s.w.s.m.m.a.HttpEntityMethodProcessor  : Using 'application/vnd.spring-boot.actuator.v3+json', given [*/*] and supported [application/vnd.spring-boot.actuator.v3+json, application/vnd.spring-boot.actuator.v2+json, application/json]
-2026-04-15 00:25:02.803 -DEBUG 129 [] --- [nio-8080-exec-7] o.s.w.s.m.m.a.HttpEntityMethodProcessor  : Writing [org.springframework.boot.actuate.health.SystemHealth@a8566be]
-2026-04-15 00:25:02.803 -DEBUG 129 [] --- [nio-8080-exec-7] o.s.web.servlet.DispatcherServlet        : Completed 200 OK
-2026-04-15 00:25:02.828 -DEBUG 129 [] --- [nio-8080-exec-8] s.b.a.e.w.s.WebMvcEndpointHandlerMapping : Mapped to Actuator web endpoint 'health'
-2026-04-15 00:25:02.829 -DEBUG 129 [] --- [nio-8080-exec-8] s.b.a.e.w.s.WebMvcEndpointHandlerMapping : Mapped to Actuator web endpoint 'health'
-2026-04-15 00:25:02.829 -DEBUG 129 [] --- [nio-8080-exec-8] o.s.web.servlet.DispatcherServlet        : GET "/health", parameters={}
-2026-04-15 00:25:02.829 -DEBUG 129 [] --- [nio-8080-exec-8] s.b.a.e.w.s.WebMvcEndpointHandlerMapping : Mapped to Actuator web endpoint 'health'
-2026-04-15 00:25:02.835 -DEBUG 129 [] --- [nio-8080-exec-8] o.s.w.s.m.m.a.HttpEntityMethodProcessor  : Using 'application/vnd.spring-boot.actuator.v3+json', given [*/*] and supported [application/vnd.spring-boot.actuator.v3+json, application/vnd.spring-boot.actuator.v2+json, application/json]
-2026-04-15 00:25:02.835 -DEBUG 129 [] --- [nio-8080-exec-8] o.s.w.s.m.m.a.HttpEntityMethodProcessor  : Writing [org.springframework.boot.actuate.health.SystemHealth@5798379e]
-2026-04-15 00:25:02.835 -DEBUG 129 [] --- [nio-8080-exec-8] o.s.web.servlet.DispatcherServlet        : Completed 200 OK
-2026-04-15 00:25:20.897 -DEBUG 129 [] --- [nio-8080-exec-9] s.b.a.e.w.s.WebMvcEndpointHandlerMapping : Mapped to Actuator web endpoint 'health'
-2026-04-15 00:25:20.897 -DEBUG 129 [] --- [nio-8080-exec-9] s.b.a.e.w.s.WebMvcEndpointHandlerMapping : Mapped to Actuator web endpoint 'health'
-2026-04-15 00:25:20.898 -DEBUG 129 [] --- [nio-8080-exec-9] o.s.web.servlet.DispatcherServlet        : GET "/health", parameters={}
-2026-04-15 00:25:20.898 -DEBUG 129 [] --- [nio-8080-exec-9] s.b.a.e.w.s.WebMvcEndpointHandlerMapping : Mapped to Actuator web endpoint 'health'
-2026-04-15 00:25:20.904 -DEBUG 129 [] --- [nio-8080-exec-9] o.s.w.s.m.m.a.HttpEntityMethodProcessor  : Using 'application/vnd.spring-boot.actuator.v3+json', given [*/*] and supported [application/vnd.spring-boot.actuator.v3+json, application/vnd.spring-boot.actuator.v2+json, application/json]
-2026-04-15 00:25:20.904 -DEBUG 129 [] --- [nio-8080-exec-9] o.s.w.s.m.m.a.HttpEntityMethodProcessor  : Writing [org.springframework.boot.actuate.health.SystemHealth@7641ee91]
-2026-04-15 00:25:20.905 -DEBUG 129 [] --- [nio-8080-exec-9] o.s.web.servlet.DispatcherServlet        : Completed 200 OK
-2026-04-15 00:25:32.756 -DEBUG 129 [] --- [io-8080-exec-10] s.b.a.e.w.s.WebMvcEndpointHandlerMapping : Mapped to Actuator web endpoint 'health'
-2026-04-15 00:25:32.757 -DEBUG 129 [] --- [io-8080-exec-10] s.b.a.e.w.s.WebMvcEndpointHandlerMapping : Mapped to Actuator web endpoint 'health'
-2026-04-15 00:25:32.757 -DEBUG 129 [] --- [io-8080-exec-10] o.s.web.servlet.DispatcherServlet        : GET "/health", parameters={}
-2026-04-15 00:25:32.757 -DEBUG 129 [] --- [io-8080-exec-10] s.b.a.e.w.s.WebMvcEndpointHandlerMapping : Mapped to Actuator web endpoint 'health'
-2026-04-15 00:25:32.765 -DEBUG 129 [] --- [io-8080-exec-10] o.s.w.s.m.m.a.HttpEntityMethodProcessor  : Using 'application/vnd.spring-boot.actuator.v3+json', given [*/*] and supported [application/vnd.spring-boot.actuator.v3+json, application/vnd.spring-boot.actuator.v2+json, application/json]
-2026-04-15 00:25:32.765 -DEBUG 129 [] --- [io-8080-exec-10] o.s.w.s.m.m.a.HttpEntityMethodProcessor  : Writing [org.springframework.boot.actuate.health.SystemHealth@70a8b36a]
-2026-04-15 00:25:32.766 -DEBUG 129 [] --- [io-8080-exec-10] o.s.web.servlet.DispatcherServlet        : Completed 200 OK
-2026-04-15 00:25:32.821 -DEBUG 129 [] --- [nio-8080-exec-1] s.b.a.e.w.s.WebMvcEndpointHandlerMapping : Mapped to Actuator web endpoint 'health'
-2026-04-15 00:25:32.821 -DEBUG 129 [] --- [nio-8080-exec-1] s.b.a.e.w.s.WebMvcEndpointHandlerMapping : Mapped to Actuator web endpoint 'health'
-2026-04-15 00:25:32.821 -DEBUG 129 [] --- [nio-8080-exec-1] o.s.web.servlet.DispatcherServlet        : GET "/health", parameters={}
-2026-04-15 00:25:32.822 -DEBUG 129 [] --- [nio-8080-exec-1] s.b.a.e.w.s.WebMvcEndpointHandlerMapping : Mapped to Actuator web endpoint 'health'
-2026-04-15 00:25:32.838 -DEBUG 129 [] --- [nio-8080-exec-1] o.s.w.s.m.m.a.HttpEntityMethodProcessor  : Using 'application/vnd.spring-boot.actuator.v3+json', given [*/*] and supported [application/vnd.spring-boot.actuator.v3+json, application/vnd.spring-boot.actuator.v2+json, application/json]
-2026-04-15 00:25:32.838 -DEBUG 129 [] --- [nio-8080-exec-1] o.s.w.s.m.m.a.HttpEntityMethodProcessor  : Writing [org.springframework.boot.actuate.health.SystemHealth@5c561c8c]
-2026-04-15 00:25:32.839 -DEBUG 129 [] --- [nio-8080-exec-1] o.s.web.servlet.DispatcherServlet        : Completed 200 OK
-2026-04-15 00:25:32.850 -DEBUG 129 [] --- [nio-8080-exec-2] s.b.a.e.w.s.WebMvcEndpointHandlerMapping : Mapped to Actuator web endpoint 'health'
-2026-04-15 00:25:32.852 -DEBUG 129 [] --- [nio-8080-exec-2] s.b.a.e.w.s.WebMvcEndpointHandlerMapping : Mapped to Actuator web endpoint 'health'
-2026-04-15 00:25:32.852 -DEBUG 129 [] --- [nio-8080-exec-2] o.s.web.servlet.DispatcherServlet        : GET "/health", parameters={}
-2026-04-15 00:25:32.852 -DEBUG 129 [] --- [nio-8080-exec-2] s.b.a.e.w.s.WebMvcEndpointHandlerMapping : Mapped to Actuator web endpoint 'health'
-2026-04-15 00:25:32.868 -DEBUG 129 [] --- [nio-8080-exec-2] o.s.w.s.m.m.a.HttpEntityMethodProcessor  : Using 'application/vnd.spring-boot.actuator.v3+json', given [*/*] and supported [application/vnd.spring-boot.actuator.v3+json, application/vnd.spring-boot.actuator.v2+json, application/json]
-2026-04-15 00:25:32.868 -DEBUG 129 [] --- [nio-8080-exec-2] o.s.w.s.m.m.a.HttpEntityMethodProcessor  : Writing [org.springframework.boot.actuate.health.SystemHealth@5e31718d]
-2026-04-15 00:25:32.869 -DEBUG 129 [] --- [nio-8080-exec-2] o.s.web.servlet.DispatcherServlet        : Completed 200 OK
-2026-04-15 00:25:50.910 -DEBUG 129 [] --- [nio-8080-exec-3] s.b.a.e.w.s.WebMvcEndpointHandlerMapping : Mapped to Actuator web endpoint 'health'
-2026-04-15 00:25:50.911 -DEBUG 129 [] --- [nio-8080-exec-3] s.b.a.e.w.s.WebMvcEndpointHandlerMapping : Mapped to Actuator web endpoint 'health'
-2026-04-15 00:25:50.911 -DEBUG 129 [] --- [nio-8080-exec-3] o.s.web.servlet.DispatcherServlet        : GET "/health", parameters={}
-2026-04-15 00:25:50.911 -DEBUG 129 [] --- [nio-8080-exec-3] s.b.a.e.w.s.WebMvcEndpointHandlerMapping : Mapped to Actuator web endpoint 'health'
-2026-04-15 00:25:50.918 -DEBUG 129 [] --- [nio-8080-exec-3] o.s.w.s.m.m.a.HttpEntityMethodProcessor  : Using 'application/vnd.spring-boot.actuator.v3+json', given [*/*] and supported [application/vnd.spring-boot.actuator.v3+json, application/vnd.spring-boot.actuator.v2+json, application/json]
-2026-04-15 00:25:50.919 -DEBUG 129 [] --- [nio-8080-exec-3] o.s.w.s.m.m.a.HttpEntityMethodProcessor  : Writing [org.springframework.boot.actuate.health.SystemHealth@6af85700]
-2026-04-15 00:25:50.920 -DEBUG 129 [] --- [nio-8080-exec-3] o.s.web.servlet.DispatcherServlet        : Completed 200 OK
-2026-04-15 00:26:02.777 -DEBUG 129 [] --- [nio-8080-exec-4] s.b.a.e.w.s.WebMvcEndpointHandlerMapping : Mapped to Actuator web endpoint 'health'
-2026-04-15 00:26:02.777 -DEBUG 129 [] --- [nio-8080-exec-4] s.b.a.e.w.s.WebMvcEndpointHandlerMapping : Mapped to Actuator web endpoint 'health'
-2026-04-15 00:26:02.777 -DEBUG 129 [] --- [nio-8080-exec-4] o.s.web.servlet.DispatcherServlet        : GET "/health", parameters={}
-2026-04-15 00:26:02.778 -DEBUG 129 [] --- [nio-8080-exec-4] s.b.a.e.w.s.WebMvcEndpointHandlerMapping : Mapped to Actuator web endpoint 'health'
-2026-04-15 00:26:02.783 -DEBUG 129 [] --- [nio-8080-exec-4] o.s.w.s.m.m.a.HttpEntityMethodProcessor  : Using 'application/vnd.spring-boot.actuator.v3+json', given [*/*] and supported [application/vnd.spring-boot.actuator.v3+json, application/vnd.spring-boot.actuator.v2+json, application/json]
-2026-04-15 00:26:02.783 -DEBUG 129 [] --- [nio-8080-exec-4] o.s.w.s.m.m.a.HttpEntityMethodProcessor  : Writing [org.springframework.boot.actuate.health.SystemHealth@7cb086b6]
-2026-04-15 00:26:02.784 -DEBUG 129 [] --- [nio-8080-exec-4] o.s.web.servlet.DispatcherServlet        : Completed 200 OK
-2026-04-15 00:26:02.851 -DEBUG 129 [] --- [nio-8080-exec-5] s.b.a.e.w.s.WebMvcEndpointHandlerMapping : Mapped to Actuator web endpoint 'health'
-2026-04-15 00:26:02.851 -DEBUG 129 [] --- [nio-8080-exec-5] s.b.a.e.w.s.WebMvcEndpointHandlerMapping : Mapped to Actuator web endpoint 'health'
-2026-04-15 00:26:02.852 -DEBUG 129 [] --- [nio-8080-exec-5] o.s.web.servlet.DispatcherServlet        : GET "/health", parameters={}
-2026-04-15 00:26:02.852 -DEBUG 129 [] --- [nio-8080-exec-5] s.b.a.e.w.s.WebMvcEndpointHandlerMapping : Mapped to Actuator web endpoint 'health'
-2026-04-15 00:26:02.862 -DEBUG 129 [] --- [nio-8080-exec-5] o.s.w.s.m.m.a.HttpEntityMethodProcessor  : Using 'application/vnd.spring-boot.actuator.v3+json', given [*/*] and supported [application/vnd.spring-boot.actuator.v3+json, application/vnd.spring-boot.actuator.v2+json, application/json]
-2026-04-15 00:26:02.862 -DEBUG 129 [] --- [nio-8080-exec-5] o.s.w.s.m.m.a.HttpEntityMethodProcessor  : Writing [org.springframework.boot.actuate.health.SystemHealth@265182cc]
-2026-04-15 00:26:02.862 -DEBUG 129 [] --- [nio-8080-exec-5] o.s.web.servlet.DispatcherServlet        : Completed 200 OK
-2026-04-15 00:26:02.873 -DEBUG 129 [] --- [nio-8080-exec-6] s.b.a.e.w.s.WebMvcEndpointHandlerMapping : Mapped to Actuator web endpoint 'health'
-2026-04-15 00:26:02.874 -DEBUG 129 [] --- [nio-8080-exec-6] s.b.a.e.w.s.WebMvcEndpointHandlerMapping : Mapped to Actuator web endpoint 'health'
-2026-04-15 00:26:02.874 -DEBUG 129 [] --- [nio-8080-exec-6] o.s.web.servlet.DispatcherServlet        : GET "/health", parameters={}
-2026-04-15 00:26:02.874 -DEBUG 129 [] --- [nio-8080-exec-6] s.b.a.e.w.s.WebMvcEndpointHandlerMapping : Mapped to Actuator web endpoint 'health'
-2026-04-15 00:26:02.880 -DEBUG 129 [] --- [nio-8080-exec-6] o.s.w.s.m.m.a.HttpEntityMethodProcessor  : Using 'application/vnd.spring-boot.actuator.v3+json', given [*/*] and supported [application/vnd.spring-boot.actuator.v3+json, application/vnd.spring-boot.actuator.v2+json, application/json]
-2026-04-15 00:26:02.880 -DEBUG 129 [] --- [nio-8080-exec-6] o.s.w.s.m.m.a.HttpEntityMethodProcessor  : Writing [org.springframework.boot.actuate.health.SystemHealth@5619a142]
-2026-04-15 00:26:02.881 -DEBUG 129 [] --- [nio-8080-exec-6] o.s.web.servlet.DispatcherServlet        : Completed 200 OK
-2026-04-15 00:26:20.895 -DEBUG 129 [] --- [nio-8080-exec-7] s.b.a.e.w.s.WebMvcEndpointHandlerMapping : Mapped to Actuator web endpoint 'health'
-2026-04-15 00:26:20.895 -DEBUG 129 [] --- [nio-8080-exec-7] s.b.a.e.w.s.WebMvcEndpointHandlerMapping : Mapped to Actuator web endpoint 'health'
-2026-04-15 00:26:20.895 -DEBUG 129 [] --- [nio-8080-exec-7] o.s.web.servlet.DispatcherServlet        : GET "/health", parameters={}
-2026-04-15 00:26:20.896 -DEBUG 129 [] --- [nio-8080-exec-7] s.b.a.e.w.s.WebMvcEndpointHandlerMapping : Mapped to Actuator web endpoint 'health'
-2026-04-15 00:26:20.901 -DEBUG 129 [] --- [nio-8080-exec-7] o.s.w.s.m.m.a.HttpEntityMethodProcessor  : Using 'application/vnd.spring-boot.actuator.v3+json', given [*/*] and supported [application/vnd.spring-boot.actuator.v3+json, application/vnd.spring-boot.actuator.v2+json, application/json]
-2026-04-15 00:26:20.901 -DEBUG 129 [] --- [nio-8080-exec-7] o.s.w.s.m.m.a.HttpEntityMethodProcessor  : Writing [org.springframework.boot.actuate.health.SystemHealth@4646e749]
-2026-04-15 00:26:20.902 -DEBUG 129 [] --- [nio-8080-exec-7] o.s.web.servlet.DispatcherServlet        : Completed 200 OK
-2026-04-15 00:26:32.807 -DEBUG 129 [] --- [nio-8080-exec-9] s.b.a.e.w.s.WebMvcEndpointHandlerMapping : Mapped to Actuator web endpoint 'health'
-2026-04-15 00:26:32.807 -DEBUG 129 [] --- [nio-8080-exec-9] s.b.a.e.w.s.WebMvcEndpointHandlerMapping : Mapped to Actuator web endpoint 'health'
-2026-04-15 00:26:32.808 -DEBUG 129 [] --- [nio-8080-exec-9] o.s.web.servlet.DispatcherServlet        : GET "/health", parameters={}
-2026-04-15 00:26:32.808 -DEBUG 129 [] --- [nio-8080-exec-9] s.b.a.e.w.s.WebMvcEndpointHandlerMapping : Mapped to Actuator web endpoint 'health'
-2026-04-15 00:26:32.815 -DEBUG 129 [] --- [nio-8080-exec-9] o.s.w.s.m.m.a.HttpEntityMethodProcessor  : Using 'application/vnd.spring-boot.actuator.v3+json', given [*/*] and supported [application/vnd.spring-boot.actuator.v3+json, application/vnd.spring-boot.actuator.v2+json, application/json]
-2026-04-15 00:26:32.815 -DEBUG 129 [] --- [nio-8080-exec-9] o.s.w.s.m.m.a.HttpEntityMethodProcessor  : Writing [org.springframework.boot.actuate.health.SystemHealth@1919c242]
-2026-04-15 00:26:32.816 -DEBUG 129 [] --- [nio-8080-exec-9] o.s.web.servlet.DispatcherServlet        : Completed 200 OK
-2026-04-15 00:26:32.857 -DEBUG 129 [] --- [io-8080-exec-10] s.b.a.e.w.s.WebMvcEndpointHandlerMapping : Mapped to Actuator web endpoint 'health'
-2026-04-15 00:26:32.857 -DEBUG 129 [] --- [io-8080-exec-10] s.b.a.e.w.s.WebMvcEndpointHandlerMapping : Mapped to Actuator web endpoint 'health'
-2026-04-15 00:26:32.858 -DEBUG 129 [] --- [io-8080-exec-10] o.s.web.servlet.DispatcherServlet        : GET "/health", parameters={}
-2026-04-15 00:26:32.858 -DEBUG 129 [] --- [io-8080-exec-10] s.b.a.e.w.s.WebMvcEndpointHandlerMapping : Mapped to Actuator web endpoint 'health'
-2026-04-15 00:26:32.862 -DEBUG 129 [] --- [io-8080-exec-10] o.s.w.s.m.m.a.HttpEntityMethodProcessor  : Using 'application/vnd.spring-boot.actuator.v3+json', given [*/*] and supported [application/vnd.spring-boot.actuator.v3+json, application/vnd.spring-boot.actuator.v2+json, application/json]
-2026-04-15 00:26:32.863 -DEBUG 129 [] --- [io-8080-exec-10] o.s.w.s.m.m.a.HttpEntityMethodProcessor  : Writing [org.springframework.boot.actuate.health.SystemHealth@22f4d849]
-2026-04-15 00:26:32.863 -DEBUG 129 [] --- [io-8080-exec-10] o.s.web.servlet.DispatcherServlet        : Completed 200 OK
-2026-04-15 00:26:32.902 -DEBUG 129 [] --- [nio-8080-exec-1] s.b.a.e.w.s.WebMvcEndpointHandlerMapping : Mapped to Actuator web endpoint 'health'
-2026-04-15 00:26:32.902 -DEBUG 129 [] --- [nio-8080-exec-1] s.b.a.e.w.s.WebMvcEndpointHandlerMapping : Mapped to Actuator web endpoint 'health'
-2026-04-15 00:26:32.903 -DEBUG 129 [] --- [nio-8080-exec-1] o.s.web.servlet.DispatcherServlet        : GET "/health", parameters={}
-2026-04-15 00:26:32.903 -DEBUG 129 [] --- [nio-8080-exec-1] s.b.a.e.w.s.WebMvcEndpointHandlerMapping : Mapped to Actuator web endpoint 'health'
-2026-04-15 00:26:32.908 -DEBUG 129 [] --- [nio-8080-exec-1] o.s.w.s.m.m.a.HttpEntityMethodProcessor  : Using 'application/vnd.spring-boot.actuator.v3+json', given [*/*] and supported [application/vnd.spring-boot.actuator.v3+json, application/vnd.spring-boot.actuator.v2+json, application/json]
-2026-04-15 00:26:32.908 -DEBUG 129 [] --- [nio-8080-exec-1] o.s.w.s.m.m.a.HttpEntityMethodProcessor  : Writing [org.springframework.boot.actuate.health.SystemHealth@74851089]
-2026-04-15 00:26:32.909 -DEBUG 129 [] --- [nio-8080-exec-1] o.s.web.servlet.DispatcherServlet        : Completed 200 OK
-2026-04-15 00:26:50.916 -DEBUG 129 [] --- [nio-8080-exec-2] s.b.a.e.w.s.WebMvcEndpointHandlerMapping : Mapped to Actuator web endpoint 'health'
-2026-04-15 00:26:50.917 -DEBUG 129 [] --- [nio-8080-exec-2] s.b.a.e.w.s.WebMvcEndpointHandlerMapping : Mapped to Actuator web endpoint 'health'
-2026-04-15 00:26:50.917 -DEBUG 129 [] --- [nio-8080-exec-2] o.s.web.servlet.DispatcherServlet        : GET "/health", parameters={}
-2026-04-15 00:26:50.918 -DEBUG 129 [] --- [nio-8080-exec-2] s.b.a.e.w.s.WebMvcEndpointHandlerMapping : Mapped to Actuator web endpoint 'health'
-2026-04-15 00:26:50.928 -DEBUG 129 [] --- [nio-8080-exec-2] o.s.w.s.m.m.a.HttpEntityMethodProcessor  : Using 'application/vnd.spring-boot.actuator.v3+json', given [*/*] and supported [application/vnd.spring-boot.actuator.v3+json, application/vnd.spring-boot.actuator.v2+json, application/json]
-2026-04-15 00:26:50.928 -DEBUG 129 [] --- [nio-8080-exec-2] o.s.w.s.m.m.a.HttpEntityMethodProcessor  : Writing [org.springframework.boot.actuate.health.SystemHealth@2c350d70]
-2026-04-15 00:26:50.930 -DEBUG 129 [] --- [nio-8080-exec-2] o.s.web.servlet.DispatcherServlet        : Completed 200 OK
-2026-04-15 00:27:02.835 -DEBUG 129 [] --- [nio-8080-exec-3] s.b.a.e.w.s.WebMvcEndpointHandlerMapping : Mapped to Actuator web endpoint 'health'
-2026-04-15 00:27:02.836 -DEBUG 129 [] --- [nio-8080-exec-3] s.b.a.e.w.s.WebMvcEndpointHandlerMapping : Mapped to Actuator web endpoint 'health'
-2026-04-15 00:27:02.836 -DEBUG 129 [] --- [nio-8080-exec-3] o.s.web.servlet.DispatcherServlet        : GET "/health", parameters={}
-2026-04-15 00:27:02.836 -DEBUG 129 [] --- [nio-8080-exec-3] s.b.a.e.w.s.WebMvcEndpointHandlerMapping : Mapped to Actuator web endpoint 'health'
-2026-04-15 00:27:02.842 -DEBUG 129 [] --- [nio-8080-exec-3] o.s.w.s.m.m.a.HttpEntityMethodProcessor  : Using 'application/vnd.spring-boot.actuator.v3+json', given [*/*] and supported [application/vnd.spring-boot.actuator.v3+json, application/vnd.spring-boot.actuator.v2+json, application/json]
-2026-04-15 00:27:02.842 -DEBUG 129 [] --- [nio-8080-exec-3] o.s.w.s.m.m.a.HttpEntityMethodProcessor  : Writing [org.springframework.boot.actuate.health.SystemHealth@37c6a87f]
-2026-04-15 00:27:02.843 -DEBUG 129 [] --- [nio-8080-exec-3] o.s.web.servlet.DispatcherServlet        : Completed 200 OK
-2026-04-15 00:27:02.860 -DEBUG 129 [] --- [nio-8080-exec-4] s.b.a.e.w.s.WebMvcEndpointHandlerMapping : Mapped to Actuator web endpoint 'health'
-2026-04-15 00:27:02.860 -DEBUG 129 [] --- [nio-8080-exec-4] s.b.a.e.w.s.WebMvcEndpointHandlerMapping : Mapped to Actuator web endpoint 'health'
-2026-04-15 00:27:02.861 -DEBUG 129 [] --- [nio-8080-exec-4] o.s.web.servlet.DispatcherServlet        : GET "/health", parameters={}
-2026-04-15 00:27:02.861 -DEBUG 129 [] --- [nio-8080-exec-4] s.b.a.e.w.s.WebMvcEndpointHandlerMapping : Mapped to Actuator web endpoint 'health'
-2026-04-15 00:27:02.865 -DEBUG 129 [] --- [nio-8080-exec-4] o.s.w.s.m.m.a.HttpEntityMethodProcessor  : Using 'application/vnd.spring-boot.actuator.v3+json', given [*/*] and supported [application/vnd.spring-boot.actuator.v3+json, application/vnd.spring-boot.actuator.v2+json, application/json]
-2026-04-15 00:27:02.866 -DEBUG 129 [] --- [nio-8080-exec-4] o.s.w.s.m.m.a.HttpEntityMethodProcessor  : Writing [org.springframework.boot.actuate.health.SystemHealth@124a1c8e]
-2026-04-15 00:27:02.866 -DEBUG 129 [] --- [nio-8080-exec-4] o.s.web.servlet.DispatcherServlet        : Completed 200 OK
-2026-04-15 00:27:02.930 -DEBUG 129 [] --- [nio-8080-exec-5] s.b.a.e.w.s.WebMvcEndpointHandlerMapping : Mapped to Actuator web endpoint 'health'
-2026-04-15 00:27:02.930 -DEBUG 129 [] --- [nio-8080-exec-5] s.b.a.e.w.s.WebMvcEndpointHandlerMapping : Mapped to Actuator web endpoint 'health'
-2026-04-15 00:27:02.931 -DEBUG 129 [] --- [nio-8080-exec-5] o.s.web.servlet.DispatcherServlet        : GET "/health", parameters={}
-2026-04-15 00:27:02.931 -DEBUG 129 [] --- [nio-8080-exec-5] s.b.a.e.w.s.WebMvcEndpointHandlerMapping : Mapped to Actuator web endpoint 'health'
-2026-04-15 00:27:02.936 -DEBUG 129 [] --- [nio-8080-exec-5] o.s.w.s.m.m.a.HttpEntityMethodProcessor  : Using 'application/vnd.spring-boot.actuator.v3+json', given [*/*] and supported [application/vnd.spring-boot.actuator.v3+json, application/vnd.spring-boot.actuator.v2+json, application/json]
-2026-04-15 00:27:02.936 -DEBUG 129 [] --- [nio-8080-exec-5] o.s.w.s.m.m.a.HttpEntityMethodProcessor  : Writing [org.springframework.boot.actuate.health.SystemHealth@76abe3c]
-2026-04-15 00:27:02.936 -DEBUG 129 [] --- [nio-8080-exec-5] o.s.web.servlet.DispatcherServlet        : Completed 200 OK
-2026-04-15 00:27:20.896 -DEBUG 129 [] --- [nio-8080-exec-6] s.b.a.e.w.s.WebMvcEndpointHandlerMapping : Mapped to Actuator web endpoint 'health'
-2026-04-15 00:27:20.896 -DEBUG 129 [] --- [nio-8080-exec-6] s.b.a.e.w.s.WebMvcEndpointHandlerMapping : Mapped to Actuator web endpoint 'health'
-2026-04-15 00:27:20.897 -DEBUG 129 [] --- [nio-8080-exec-6] o.s.web.servlet.DispatcherServlet        : GET "/health", parameters={}
-2026-04-15 00:27:20.897 -DEBUG 129 [] --- [nio-8080-exec-6] s.b.a.e.w.s.WebMvcEndpointHandlerMapping : Mapped to Actuator web endpoint 'health'
-2026-04-15 00:27:20.906 -DEBUG 129 [] --- [nio-8080-exec-6] o.s.w.s.m.m.a.HttpEntityMethodProcessor  : Using 'application/vnd.spring-boot.actuator.v3+json', given [*/*] and supported [application/vnd.spring-boot.actuator.v3+json, application/vnd.spring-boot.actuator.v2+json, application/json]
-2026-04-15 00:27:20.907 -DEBUG 129 [] --- [nio-8080-exec-6] o.s.w.s.m.m.a.HttpEntityMethodProcessor  : Writing [org.springframework.boot.actuate.health.SystemHealth@13864bd2]
-2026-04-15 00:27:20.907 -DEBUG 129 [] --- [nio-8080-exec-6] o.s.web.servlet.DispatcherServlet        : Completed 200 OK
-2026-04-15 00:27:32.863 -DEBUG 129 [] --- [nio-8080-exec-7] s.b.a.e.w.s.WebMvcEndpointHandlerMapping : Mapped to Actuator web endpoint 'health'
-2026-04-15 00:27:32.863 -DEBUG 129 [] --- [nio-8080-exec-7] s.b.a.e.w.s.WebMvcEndpointHandlerMapping : Mapped to Actuator web endpoint 'health'
-2026-04-15 00:27:32.864 -DEBUG 129 [] --- [nio-8080-exec-7] o.s.web.servlet.DispatcherServlet        : GET "/health", parameters={}
-2026-04-15 00:27:32.864 -DEBUG 129 [] --- [nio-8080-exec-7] s.b.a.e.w.s.WebMvcEndpointHandlerMapping : Mapped to Actuator web endpoint 'health'
-2026-04-15 00:27:32.869 -DEBUG 129 [] --- [nio-8080-exec-7] o.s.w.s.m.m.a.HttpEntityMethodProcessor  : Using 'application/vnd.spring-boot.actuator.v3+json', given [*/*] and supported [application/vnd.spring-boot.actuator.v3+json, application/vnd.spring-boot.actuator.v2+json, application/json]
-2026-04-15 00:27:32.869 -DEBUG 129 [] --- [nio-8080-exec-7] o.s.w.s.m.m.a.HttpEntityMethodProcessor  : Writing [org.springframework.boot.actuate.health.SystemHealth@5bdb21cd]
-2026-04-15 00:27:32.870 -DEBUG 129 [] --- [nio-8080-exec-7] o.s.web.servlet.DispatcherServlet        : Completed 200 OK
-2026-04-15 00:27:32.891 -DEBUG 129 [] --- [nio-8080-exec-8] s.b.a.e.w.s.WebMvcEndpointHandlerMapping : Mapped to Actuator web endpoint 'health'
-2026-04-15 00:27:32.891 -DEBUG 129 [] --- [nio-8080-exec-8] s.b.a.e.w.s.WebMvcEndpointHandlerMapping : Mapped to Actuator web endpoint 'health'
-2026-04-15 00:27:32.891 -DEBUG 129 [] --- [nio-8080-exec-8] o.s.web.servlet.DispatcherServlet        : GET "/health", parameters={}
-2026-04-15 00:27:32.891 -DEBUG 129 [] --- [nio-8080-exec-8] s.b.a.e.w.s.WebMvcEndpointHandlerMapping : Mapped to Actuator web endpoint 'health'
-2026-04-15 00:27:32.895 -DEBUG 129 [] --- [nio-8080-exec-8] o.s.w.s.m.m.a.HttpEntityMethodProcessor  : Using 'application/vnd.spring-boot.actuator.v3+json', given [*/*] and supported [application/vnd.spring-boot.actuator.v3+json, application/vnd.spring-boot.actuator.v2+json, application/json]
-2026-04-15 00:27:32.896 -DEBUG 129 [] --- [nio-8080-exec-8] o.s.w.s.m.m.a.HttpEntityMethodProcessor  : Writing [org.springframework.boot.actuate.health.SystemHealth@4478fe7a]
-2026-04-15 00:27:32.896 -DEBUG 129 [] --- [nio-8080-exec-8] o.s.web.servlet.DispatcherServlet        : Completed 200 OK
-2026-04-15 00:27:32.961 -DEBUG 129 [] --- [nio-8080-exec-9] s.b.a.e.w.s.WebMvcEndpointHandlerMapping : Mapped to Actuator web endpoint 'health'
-2026-04-15 00:27:32.961 -DEBUG 129 [] --- [nio-8080-exec-9] s.b.a.e.w.s.WebMvcEndpointHandlerMapping : Mapped to Actuator web endpoint 'health'
-2026-04-15 00:27:32.961 -DEBUG 129 [] --- [nio-8080-exec-9] o.s.web.servlet.DispatcherServlet        : GET "/health", parameters={}
-2026-04-15 00:27:32.961 -DEBUG 129 [] --- [nio-8080-exec-9] s.b.a.e.w.s.WebMvcEndpointHandlerMapping : Mapped to Actuator web endpoint 'health'
-2026-04-15 00:27:32.965 -DEBUG 129 [] --- [nio-8080-exec-9] o.s.w.s.m.m.a.HttpEntityMethodProcessor  : Using 'application/vnd.spring-boot.actuator.v3+json', given [*/*] and supported [application/vnd.spring-boot.actuator.v3+json, application/vnd.spring-boot.actuator.v2+json, application/json]
-2026-04-15 00:27:32.966 -DEBUG 129 [] --- [nio-8080-exec-9] o.s.w.s.m.m.a.HttpEntityMethodProcessor  : Writing [org.springframework.boot.actuate.health.SystemHealth@793413c4]
-2026-04-15 00:27:32.966 -DEBUG 129 [] --- [nio-8080-exec-9] o.s.web.servlet.DispatcherServlet        : Completed 200 OK
-2026-04-15 00:27:50.897 -DEBUG 129 [] --- [io-8080-exec-10] s.b.a.e.w.s.WebMvcEndpointHandlerMapping : Mapped to Actuator web endpoint 'health'
-2026-04-15 00:27:50.897 -DEBUG 129 [] --- [io-8080-exec-10] s.b.a.e.w.s.WebMvcEndpointHandlerMapping : Mapped to Actuator web endpoint 'health'
-2026-04-15 00:27:50.897 -DEBUG 129 [] --- [io-8080-exec-10] o.s.web.servlet.DispatcherServlet        : GET "/health", parameters={}
-2026-04-15 00:27:50.897 -DEBUG 129 [] --- [io-8080-exec-10] s.b.a.e.w.s.WebMvcEndpointHandlerMapping : Mapped to Actuator web endpoint 'health'
-2026-04-15 00:27:50.902 -DEBUG 129 [] --- [io-8080-exec-10] o.s.w.s.m.m.a.HttpEntityMethodProcessor  : Using 'application/vnd.spring-boot.actuator.v3+json', given [*/*] and supported [application/vnd.spring-boot.actuator.v3+json, application/vnd.spring-boot.actuator.v2+json, application/json]
-2026-04-15 00:27:50.903 -DEBUG 129 [] --- [io-8080-exec-10] o.s.w.s.m.m.a.HttpEntityMethodProcessor  : Writing [org.springframework.boot.actuate.health.SystemHealth@81b3c75]
-2026-04-15 00:27:50.903 -DEBUG 129 [] --- [io-8080-exec-10] o.s.web.servlet.DispatcherServlet        : Completed 200 OK
-2026-04-15 00:28:02.889 -DEBUG 129 [] --- [nio-8080-exec-2] s.b.a.e.w.s.WebMvcEndpointHandlerMapping : Mapped to Actuator web endpoint 'health'
-2026-04-15 00:28:02.890 -DEBUG 129 [] --- [nio-8080-exec-2] s.b.a.e.w.s.WebMvcEndpointHandlerMapping : Mapped to Actuator web endpoint 'health'
-2026-04-15 00:28:02.893 -DEBUG 129 [] --- [nio-8080-exec-2] o.s.web.servlet.DispatcherServlet        : GET "/health", parameters={}
-2026-04-15 00:28:02.893 -DEBUG 129 [] --- [nio-8080-exec-2] s.b.a.e.w.s.WebMvcEndpointHandlerMapping : Mapped to Actuator web endpoint 'health'
-2026-04-15 00:28:02.899 -DEBUG 129 [] --- [nio-8080-exec-3] s.b.a.e.w.s.WebMvcEndpointHandlerMapping : Mapped to Actuator web endpoint 'health'
-2026-04-15 00:28:02.900 -DEBUG 129 [] --- [nio-8080-exec-3] s.b.a.e.w.s.WebMvcEndpointHandlerMapping : Mapped to Actuator web endpoint 'health'
-2026-04-15 00:28:02.900 -DEBUG 129 [] --- [nio-8080-exec-3] o.s.web.servlet.DispatcherServlet        : GET "/health", parameters={}
-2026-04-15 00:28:02.900 -DEBUG 129 [] --- [nio-8080-exec-3] s.b.a.e.w.s.WebMvcEndpointHandlerMapping : Mapped to Actuator web endpoint 'health'
-2026-04-15 00:28:02.900 -DEBUG 129 [] --- [nio-8080-exec-2] o.s.w.s.m.m.a.HttpEntityMethodProcessor  : Using 'application/vnd.spring-boot.actuator.v3+json', given [*/*] and supported [application/vnd.spring-boot.actuator.v3+json, application/vnd.spring-boot.actuator.v2+json, application/json]
-2026-04-15 00:28:02.901 -DEBUG 129 [] --- [nio-8080-exec-2] o.s.w.s.m.m.a.HttpEntityMethodProcessor  : Writing [org.springframework.boot.actuate.health.SystemHealth@165c2661]
-2026-04-15 00:28:02.904 -DEBUG 129 [] --- [nio-8080-exec-2] o.s.web.servlet.DispatcherServlet        : Completed 200 OK
-2026-04-15 00:28:02.906 -DEBUG 129 [] --- [nio-8080-exec-3] o.s.w.s.m.m.a.HttpEntityMethodProcessor  : Using 'application/vnd.spring-boot.actuator.v3+json', given [*/*] and supported [application/vnd.spring-boot.actuator.v3+json, application/vnd.spring-boot.actuator.v2+json, application/json]
-2026-04-15 00:28:02.906 -DEBUG 129 [] --- [nio-8080-exec-3] o.s.w.s.m.m.a.HttpEntityMethodProcessor  : Writing [org.springframework.boot.actuate.health.SystemHealth@3f61d01f]
-2026-04-15 00:28:02.906 -DEBUG 129 [] --- [nio-8080-exec-3] o.s.web.servlet.DispatcherServlet        : Completed 200 OK
-2026-04-15 00:28:02.977 -DEBUG 129 [] --- [nio-8080-exec-4] s.b.a.e.w.s.WebMvcEndpointHandlerMapping : Mapped to Actuator web endpoint 'health'
-2026-04-15 00:28:02.977 -DEBUG 129 [] --- [nio-8080-exec-4] s.b.a.e.w.s.WebMvcEndpointHandlerMapping : Mapped to Actuator web endpoint 'health'
-2026-04-15 00:28:02.978 -DEBUG 129 [] --- [nio-8080-exec-4] o.s.web.servlet.DispatcherServlet        : GET "/health", parameters={}
-2026-04-15 00:28:02.978 -DEBUG 129 [] --- [nio-8080-exec-4] s.b.a.e.w.s.WebMvcEndpointHandlerMapping : Mapped to Actuator web endpoint 'health'
-2026-04-15 00:28:02.982 -DEBUG 129 [] --- [nio-8080-exec-4] o.s.w.s.m.m.a.HttpEntityMethodProcessor  : Using 'application/vnd.spring-boot.actuator.v3+json', given [*/*] and supported [application/vnd.spring-boot.actuator.v3+json, application/vnd.spring-boot.actuator.v2+json, application/json]
-2026-04-15 00:28:02.982 -DEBUG 129 [] --- [nio-8080-exec-4] o.s.w.s.m.m.a.HttpEntityMethodProcessor  : Writing [org.springframework.boot.actuate.health.SystemHealth@2fa8548d]
-2026-04-15 00:28:02.983 -DEBUG 129 [] --- [nio-8080-exec-4] o.s.web.servlet.DispatcherServlet        : Completed 200 OK
-2026-04-15 00:28:20.912 -DEBUG 129 [] --- [nio-8080-exec-5] s.b.a.e.w.s.WebMvcEndpointHandlerMapping : Mapped to Actuator web endpoint 'health'
-2026-04-15 00:28:20.912 -DEBUG 129 [] --- [nio-8080-exec-5] s.b.a.e.w.s.WebMvcEndpointHandlerMapping : Mapped to Actuator web endpoint 'health'
-2026-04-15 00:28:20.912 -DEBUG 129 [] --- [nio-8080-exec-5] o.s.web.servlet.DispatcherServlet        : GET "/health", parameters={}
-2026-04-15 00:28:20.913 -DEBUG 129 [] --- [nio-8080-exec-5] s.b.a.e.w.s.WebMvcEndpointHandlerMapping : Mapped to Actuator web endpoint 'health'
-2026-04-15 00:28:20.921 -DEBUG 129 [] --- [nio-8080-exec-5] o.s.w.s.m.m.a.HttpEntityMethodProcessor  : Using 'application/vnd.spring-boot.actuator.v3+json', given [*/*] and supported [application/vnd.spring-boot.actuator.v3+json, application/vnd.spring-boot.actuator.v2+json, application/json]
-2026-04-15 00:28:20.921 -DEBUG 129 [] --- [nio-8080-exec-5] o.s.w.s.m.m.a.HttpEntityMethodProcessor  : Writing [org.springframework.boot.actuate.health.SystemHealth@77a309e2]
-2026-04-15 00:28:20.922 -DEBUG 129 [] --- [nio-8080-exec-5] o.s.web.servlet.DispatcherServlet        : Completed 200 OK
-2026-04-15 00:28:32.895 -DEBUG 129 [] --- [nio-8080-exec-6] s.b.a.e.w.s.WebMvcEndpointHandlerMapping : Mapped to Actuator web endpoint 'health'
-2026-04-15 00:28:32.896 -DEBUG 129 [] --- [nio-8080-exec-6] s.b.a.e.w.s.WebMvcEndpointHandlerMapping : Mapped to Actuator web endpoint 'health'
-2026-04-15 00:28:32.896 -DEBUG 129 [] --- [nio-8080-exec-6] o.s.web.servlet.DispatcherServlet        : GET "/health", parameters={}
-2026-04-15 00:28:32.896 -DEBUG 129 [] --- [nio-8080-exec-6] s.b.a.e.w.s.WebMvcEndpointHandlerMapping : Mapped to Actuator web endpoint 'health'
-2026-04-15 00:28:32.901 -DEBUG 129 [] --- [nio-8080-exec-6] o.s.w.s.m.m.a.HttpEntityMethodProcessor  : Using 'application/vnd.spring-boot.actuator.v3+json', given [*/*] and supported [application/vnd.spring-boot.actuator.v3+json, application/vnd.spring-boot.actuator.v2+json, application/json]
-2026-04-15 00:28:32.901 -DEBUG 129 [] --- [nio-8080-exec-6] o.s.w.s.m.m.a.HttpEntityMethodProcessor  : Writing [org.springframework.boot.actuate.health.SystemHealth@41556179]
-2026-04-15 00:28:32.902 -DEBUG 129 [] --- [nio-8080-exec-6] o.s.web.servlet.DispatcherServlet        : Completed 200 OK
-2026-04-15 00:28:32.916 -DEBUG 129 [] --- [nio-8080-exec-7] s.b.a.e.w.s.WebMvcEndpointHandlerMapping : Mapped to Actuator web endpoint 'health'
-2026-04-15 00:28:32.916 -DEBUG 129 [] --- [nio-8080-exec-7] s.b.a.e.w.s.WebMvcEndpointHandlerMapping : Mapped to Actuator web endpoint 'health'
-2026-04-15 00:28:32.916 -DEBUG 129 [] --- [nio-8080-exec-7] o.s.web.servlet.DispatcherServlet        : GET "/health", parameters={}
-2026-04-15 00:28:32.916 -DEBUG 129 [] --- [nio-8080-exec-7] s.b.a.e.w.s.WebMvcEndpointHandlerMapping : Mapped to Actuator web endpoint 'health'
-2026-04-15 00:28:32.920 -DEBUG 129 [] --- [nio-8080-exec-7] o.s.w.s.m.m.a.HttpEntityMethodProcessor  : Using 'application/vnd.spring-boot.actuator.v3+json', given [*/*] and supported [application/vnd.spring-boot.actuator.v3+json, application/vnd.spring-boot.actuator.v2+json, application/json]
-2026-04-15 00:28:32.921 -DEBUG 129 [] --- [nio-8080-exec-7] o.s.w.s.m.m.a.HttpEntityMethodProcessor  : Writing [org.springframework.boot.actuate.health.SystemHealth@d5ee877]
-2026-04-15 00:28:32.921 -DEBUG 129 [] --- [nio-8080-exec-7] o.s.web.servlet.DispatcherServlet        : Completed 200 OK
-2026-04-15 00:28:33.002 -DEBUG 129 [] --- [nio-8080-exec-8] s.b.a.e.w.s.WebMvcEndpointHandlerMapping : Mapped to Actuator web endpoint 'health'
-2026-04-15 00:28:33.002 -DEBUG 129 [] --- [nio-8080-exec-8] s.b.a.e.w.s.WebMvcEndpointHandlerMapping : Mapped to Actuator web endpoint 'health'
-2026-04-15 00:28:33.002 -DEBUG 129 [] --- [nio-8080-exec-8] o.s.web.servlet.DispatcherServlet        : GET "/health", parameters={}
-2026-04-15 00:28:33.002 -DEBUG 129 [] --- [nio-8080-exec-8] s.b.a.e.w.s.WebMvcEndpointHandlerMapping : Mapped to Actuator web endpoint 'health'
-2026-04-15 00:28:33.006 -DEBUG 129 [] --- [nio-8080-exec-8] o.s.w.s.m.m.a.HttpEntityMethodProcessor  : Using 'application/vnd.spring-boot.actuator.v3+json', given [*/*] and supported [application/vnd.spring-boot.actuator.v3+json, application/vnd.spring-boot.actuator.v2+json, application/json]
-2026-04-15 00:28:33.007 -DEBUG 129 [] --- [nio-8080-exec-8] o.s.w.s.m.m.a.HttpEntityMethodProcessor  : Writing [org.springframework.boot.actuate.health.SystemHealth@69b6dea]
-2026-04-15 00:28:33.007 -DEBUG 129 [] --- [nio-8080-exec-8] o.s.web.servlet.DispatcherServlet        : Completed 200 OK
-2026-04-15 00:28:50.895 -DEBUG 129 [] --- [nio-8080-exec-9] s.b.a.e.w.s.WebMvcEndpointHandlerMapping : Mapped to Actuator web endpoint 'health'
-2026-04-15 00:28:50.896 -DEBUG 129 [] --- [nio-8080-exec-9] s.b.a.e.w.s.WebMvcEndpointHandlerMapping : Mapped to Actuator web endpoint 'health'
-2026-04-15 00:28:50.897 -DEBUG 129 [] --- [nio-8080-exec-9] o.s.web.servlet.DispatcherServlet        : GET "/health", parameters={}
-2026-04-15 00:28:50.898 -DEBUG 129 [] --- [nio-8080-exec-9] s.b.a.e.w.s.WebMvcEndpointHandlerMapping : Mapped to Actuator web endpoint 'health'
-2026-04-15 00:28:50.907 -DEBUG 129 [] --- [nio-8080-exec-9] o.s.w.s.m.m.a.HttpEntityMethodProcessor  : Using 'application/vnd.spring-boot.actuator.v3+json', given [*/*] and supported [application/vnd.spring-boot.actuator.v3+json, application/vnd.spring-boot.actuator.v2+json, application/json]
-2026-04-15 00:28:50.907 -DEBUG 129 [] --- [nio-8080-exec-9] o.s.w.s.m.m.a.HttpEntityMethodProcessor  : Writing [org.springframework.boot.actuate.health.SystemHealth@6531a115]
-2026-04-15 00:28:50.908 -DEBUG 129 [] --- [nio-8080-exec-9] o.s.web.servlet.DispatcherServlet        : Completed 200 OK
-2026-04-15 00:29:02.923 -DEBUG 129 [] --- [io-8080-exec-10] s.b.a.e.w.s.WebMvcEndpointHandlerMapping : Mapped to Actuator web endpoint 'health'
-2026-04-15 00:29:02.923 -DEBUG 129 [] --- [io-8080-exec-10] s.b.a.e.w.s.WebMvcEndpointHandlerMapping : Mapped to Actuator web endpoint 'health'
-2026-04-15 00:29:02.923 -DEBUG 129 [] --- [io-8080-exec-10] o.s.web.servlet.DispatcherServlet        : GET "/health", parameters={}
-2026-04-15 00:29:02.924 -DEBUG 129 [] --- [io-8080-exec-10] s.b.a.e.w.s.WebMvcEndpointHandlerMapping : Mapped to Actuator web endpoint 'health'
-2026-04-15 00:29:02.930 -DEBUG 129 [] --- [io-8080-exec-10] o.s.w.s.m.m.a.HttpEntityMethodProcessor  : Using 'application/vnd.spring-boot.actuator.v3+json', given [*/*] and supported [application/vnd.spring-boot.actuator.v3+json, application/vnd.spring-boot.actuator.v2+json, application/json]
-2026-04-15 00:29:02.930 -DEBUG 129 [] --- [io-8080-exec-10] o.s.w.s.m.m.a.HttpEntityMethodProcessor  : Writing [org.springframework.boot.actuate.health.SystemHealth@7382f6a9]
-2026-04-15 00:29:02.931 -DEBUG 129 [] --- [io-8080-exec-10] o.s.web.servlet.DispatcherServlet        : Completed 200 OK
-2026-04-15 00:29:02.932 -DEBUG 129 [] --- [nio-8080-exec-1] s.b.a.e.w.s.WebMvcEndpointHandlerMapping : Mapped to Actuator web endpoint 'health'
-2026-04-15 00:29:02.933 -DEBUG 129 [] --- [nio-8080-exec-1] s.b.a.e.w.s.WebMvcEndpointHandlerMapping : Mapped to Actuator web endpoint 'health'
-2026-04-15 00:29:02.933 -DEBUG 129 [] --- [nio-8080-exec-1] o.s.web.servlet.DispatcherServlet        : GET "/health", parameters={}
-2026-04-15 00:29:02.933 -DEBUG 129 [] --- [nio-8080-exec-1] s.b.a.e.w.s.WebMvcEndpointHandlerMapping : Mapped to Actuator web endpoint 'health'
-2026-04-15 00:29:02.938 -DEBUG 129 [] --- [nio-8080-exec-1] o.s.w.s.m.m.a.HttpEntityMethodProcessor  : Using 'application/vnd.spring-boot.actuator.v3+json', given [*/*] and supported [application/vnd.spring-boot.actuator.v3+json, application/vnd.spring-boot.actuator.v2+json, application/json]
-2026-04-15 00:29:02.939 -DEBUG 129 [] --- [nio-8080-exec-1] o.s.w.s.m.m.a.HttpEntityMethodProcessor  : Writing [org.springframework.boot.actuate.health.SystemHealth@6eb397c9]
-2026-04-15 00:29:02.939 -DEBUG 129 [] --- [nio-8080-exec-1] o.s.web.servlet.DispatcherServlet        : Completed 200 OK
-2026-04-15 00:29:03.007 -DEBUG 129 [] --- [nio-8080-exec-2] s.b.a.e.w.s.WebMvcEndpointHandlerMapping : Mapped to Actuator web endpoint 'health'
-2026-04-15 00:29:03.007 -DEBUG 129 [] --- [nio-8080-exec-2] s.b.a.e.w.s.WebMvcEndpointHandlerMapping : Mapped to Actuator web endpoint 'health'
-2026-04-15 00:29:03.007 -DEBUG 129 [] --- [nio-8080-exec-2] o.s.web.servlet.DispatcherServlet        : GET "/health", parameters={}
-2026-04-15 00:29:03.008 -DEBUG 129 [] --- [nio-8080-exec-2] s.b.a.e.w.s.WebMvcEndpointHandlerMapping : Mapped to Actuator web endpoint 'health'
-2026-04-15 00:29:03.012 -DEBUG 129 [] --- [nio-8080-exec-2] o.s.w.s.m.m.a.HttpEntityMethodProcessor  : Using 'application/vnd.spring-boot.actuator.v3+json', given [*/*] and supported [application/vnd.spring-boot.actuator.v3+json, application/vnd.spring-boot.actuator.v2+json, application/json]
-2026-04-15 00:29:03.012 -DEBUG 129 [] --- [nio-8080-exec-2] o.s.w.s.m.m.a.HttpEntityMethodProcessor  : Writing [org.springframework.boot.actuate.health.SystemHealth@4b072b44]
-2026-04-15 00:29:03.013 -DEBUG 129 [] --- [nio-8080-exec-2] o.s.web.servlet.DispatcherServlet        : Completed 200 OK
-2026-04-15 00:29:20.918 -DEBUG 129 [] --- [nio-8080-exec-3] s.b.a.e.w.s.WebMvcEndpointHandlerMapping : Mapped to Actuator web endpoint 'health'
-2026-04-15 00:29:20.919 -DEBUG 129 [] --- [nio-8080-exec-3] s.b.a.e.w.s.WebMvcEndpointHandlerMapping : Mapped to Actuator web endpoint 'health'
-2026-04-15 00:29:20.919 -DEBUG 129 [] --- [nio-8080-exec-3] o.s.web.servlet.DispatcherServlet        : GET "/health", parameters={}
-2026-04-15 00:29:20.919 -DEBUG 129 [] --- [nio-8080-exec-3] s.b.a.e.w.s.WebMvcEndpointHandlerMapping : Mapped to Actuator web endpoint 'health'
-2026-04-15 00:29:20.933 -DEBUG 129 [] --- [nio-8080-exec-3] o.s.w.s.m.m.a.HttpEntityMethodProcessor  : Using 'application/vnd.spring-boot.actuator.v3+json', given [*/*] and supported [application/vnd.spring-boot.actuator.v3+json, application/vnd.spring-boot.actuator.v2+json, application/json]
-2026-04-15 00:29:20.933 -DEBUG 129 [] --- [nio-8080-exec-3] o.s.w.s.m.m.a.HttpEntityMethodProcessor  : Writing [org.springframework.boot.actuate.health.SystemHealth@781965f0]
-2026-04-15 00:29:20.934 -DEBUG 129 [] --- [nio-8080-exec-3] o.s.web.servlet.DispatcherServlet        : Completed 200 OK
-2026-04-15 00:29:32.951 -DEBUG 129 [] --- [nio-8080-exec-5] s.b.a.e.w.s.WebMvcEndpointHandlerMapping : Mapped to Actuator web endpoint 'health'
-2026-04-15 00:29:32.952 -DEBUG 129 [] --- [nio-8080-exec-5] s.b.a.e.w.s.WebMvcEndpointHandlerMapping : Mapped to Actuator web endpoint 'health'
-2026-04-15 00:29:32.952 -DEBUG 129 [] --- [nio-8080-exec-5] o.s.web.servlet.DispatcherServlet        : GET "/health", parameters={}
-2026-04-15 00:29:32.953 -DEBUG 129 [] --- [nio-8080-exec-5] s.b.a.e.w.s.WebMvcEndpointHandlerMapping : Mapped to Actuator web endpoint 'health'
-2026-04-15 00:29:32.959 -DEBUG 129 [] --- [nio-8080-exec-5] o.s.w.s.m.m.a.HttpEntityMethodProcessor  : Using 'application/vnd.spring-boot.actuator.v3+json', given [*/*] and supported [application/vnd.spring-boot.actuator.v3+json, application/vnd.spring-boot.actuator.v2+json, application/json]
-2026-04-15 00:29:32.959 -DEBUG 129 [] --- [nio-8080-exec-5] o.s.w.s.m.m.a.HttpEntityMethodProcessor  : Writing [org.springframework.boot.actuate.health.SystemHealth@64ca8197]
-2026-04-15 00:29:32.961 -DEBUG 129 [] --- [nio-8080-exec-6] s.b.a.e.w.s.WebMvcEndpointHandlerMapping : Mapped to Actuator web endpoint 'health'
-2026-04-15 00:29:32.961 -DEBUG 129 [] --- [nio-8080-exec-6] s.b.a.e.w.s.WebMvcEndpointHandlerMapping : Mapped to Actuator web endpoint 'health'
-2026-04-15 00:29:32.961 -DEBUG 129 [] --- [nio-8080-exec-6] o.s.web.servlet.DispatcherServlet        : GET "/health", parameters={}
-2026-04-15 00:29:32.961 -DEBUG 129 [] --- [nio-8080-exec-6] s.b.a.e.w.s.WebMvcEndpointHandlerMapping : Mapped to Actuator web endpoint 'health'
-2026-04-15 00:29:32.963 -DEBUG 129 [] --- [nio-8080-exec-5] o.s.web.servlet.DispatcherServlet        : Completed 200 OK
-2026-04-15 00:29:32.967 -DEBUG 129 [] --- [nio-8080-exec-6] o.s.w.s.m.m.a.HttpEntityMethodProcessor  : Using 'application/vnd.spring-boot.actuator.v3+json', given [*/*] and supported [application/vnd.spring-boot.actuator.v3+json, application/vnd.spring-boot.actuator.v2+json, application/json]
-2026-04-15 00:29:32.967 -DEBUG 129 [] --- [nio-8080-exec-6] o.s.w.s.m.m.a.HttpEntityMethodProcessor  : Writing [org.springframework.boot.actuate.health.SystemHealth@49df303a]
-2026-04-15 00:29:32.967 -DEBUG 129 [] --- [nio-8080-exec-6] o.s.web.servlet.DispatcherServlet        : Completed 200 OK
-2026-04-15 00:29:33.038 -DEBUG 129 [] --- [nio-8080-exec-7] s.b.a.e.w.s.WebMvcEndpointHandlerMapping : Mapped to Actuator web endpoint 'health'
-2026-04-15 00:29:33.038 -DEBUG 129 [] --- [nio-8080-exec-7] s.b.a.e.w.s.WebMvcEndpointHandlerMapping : Mapped to Actuator web endpoint 'health'
-2026-04-15 00:29:33.038 -DEBUG 129 [] --- [nio-8080-exec-7] o.s.web.servlet.DispatcherServlet        : GET "/health", parameters={}
-2026-04-15 00:29:33.039 -DEBUG 129 [] --- [nio-8080-exec-7] s.b.a.e.w.s.WebMvcEndpointHandlerMapping : Mapped to Actuator web endpoint 'health'
-2026-04-15 00:29:33.042 -DEBUG 129 [] --- [nio-8080-exec-7] o.s.w.s.m.m.a.HttpEntityMethodProcessor  : Using 'application/vnd.spring-boot.actuator.v3+json', given [*/*] and supported [application/vnd.spring-boot.actuator.v3+json, application/vnd.spring-boot.actuator.v2+json, application/json]
-2026-04-15 00:29:33.043 -DEBUG 129 [] --- [nio-8080-exec-7] o.s.w.s.m.m.a.HttpEntityMethodProcessor  : Writing [org.springframework.boot.actuate.health.SystemHealth@2c4fdff4]
-2026-04-15 00:29:33.043 -DEBUG 129 [] --- [nio-8080-exec-7] o.s.web.servlet.DispatcherServlet        : Completed 200 OK
-2026-04-15 00:29:50.897 -DEBUG 129 [] --- [nio-8080-exec-8] s.b.a.e.w.s.WebMvcEndpointHandlerMapping : Mapped to Actuator web endpoint 'health'
-2026-04-15 00:29:50.897 -DEBUG 129 [] --- [nio-8080-exec-8] s.b.a.e.w.s.WebMvcEndpointHandlerMapping : Mapped to Actuator web endpoint 'health'
-2026-04-15 00:29:50.898 -DEBUG 129 [] --- [nio-8080-exec-8] o.s.web.servlet.DispatcherServlet        : GET "/health", parameters={}
-2026-04-15 00:29:50.898 -DEBUG 129 [] --- [nio-8080-exec-8] s.b.a.e.w.s.WebMvcEndpointHandlerMapping : Mapped to Actuator web endpoint 'health'
-2026-04-15 00:29:50.904 -DEBUG 129 [] --- [nio-8080-exec-8] o.s.w.s.m.m.a.HttpEntityMethodProcessor  : Using 'application/vnd.spring-boot.actuator.v3+json', given [*/*] and supported [application/vnd.spring-boot.actuator.v3+json, application/vnd.spring-boot.actuator.v2+json, application/json]
-2026-04-15 00:29:50.904 -DEBUG 129 [] --- [nio-8080-exec-8] o.s.w.s.m.m.a.HttpEntityMethodProcessor  : Writing [org.springframework.boot.actuate.health.SystemHealth@4a46113b]
-2026-04-15 00:29:50.905 -DEBUG 129 [] --- [nio-8080-exec-8] o.s.web.servlet.DispatcherServlet        : Completed 200 OK
-2026-04-15 00:30:02.992 -DEBUG 129 [] --- [io-8080-exec-10] s.b.a.e.w.s.WebMvcEndpointHandlerMapping : Mapped to Actuator web endpoint 'health'
-2026-04-15 00:30:02.992 -DEBUG 129 [] --- [io-8080-exec-10] s.b.a.e.w.s.WebMvcEndpointHandlerMapping : Mapped to Actuator web endpoint 'health'
-2026-04-15 00:30:02.993 -DEBUG 129 [] --- [io-8080-exec-10] o.s.web.servlet.DispatcherServlet        : GET "/health", parameters={}
-2026-04-15 00:30:02.993 -DEBUG 129 [] --- [io-8080-exec-10] s.b.a.e.w.s.WebMvcEndpointHandlerMapping : Mapped to Actuator web endpoint 'health'
-2026-04-15 00:30:02.998 -DEBUG 129 [] --- [io-8080-exec-10] o.s.w.s.m.m.a.HttpEntityMethodProcessor  : Using 'application/vnd.spring-boot.actuator.v3+json', given [*/*] and supported [application/vnd.spring-boot.actuator.v3+json, application/vnd.spring-boot.actuator.v2+json, application/json]
-2026-04-15 00:30:02.998 -DEBUG 129 [] --- [io-8080-exec-10] o.s.w.s.m.m.a.HttpEntityMethodProcessor  : Writing [org.springframework.boot.actuate.health.SystemHealth@46843850]
-2026-04-15 00:30:02.999 -DEBUG 129 [] --- [io-8080-exec-10] o.s.web.servlet.DispatcherServlet        : Completed 200 OK
-2026-04-15 00:30:03.008 -DEBUG 129 [] --- [nio-8080-exec-1] s.b.a.e.w.s.WebMvcEndpointHandlerMapping : Mapped to Actuator web endpoint 'health'
-2026-04-15 00:30:03.009 -DEBUG 129 [] --- [nio-8080-exec-1] s.b.a.e.w.s.WebMvcEndpointHandlerMapping : Mapped to Actuator web endpoint 'health'
-2026-04-15 00:30:03.009 -DEBUG 129 [] --- [nio-8080-exec-1] o.s.web.servlet.DispatcherServlet        : GET "/health", parameters={}
-2026-04-15 00:30:03.009 -DEBUG 129 [] --- [nio-8080-exec-1] s.b.a.e.w.s.WebMvcEndpointHandlerMapping : Mapped to Actuator web endpoint 'health'
-2026-04-15 00:30:03.014 -DEBUG 129 [] --- [nio-8080-exec-1] o.s.w.s.m.m.a.HttpEntityMethodProcessor  : Using 'application/vnd.spring-boot.actuator.v3+json', given [*/*] and supported [application/vnd.spring-boot.actuator.v3+json, application/vnd.spring-boot.actuator.v2+json, application/json]
-2026-04-15 00:30:03.014 -DEBUG 129 [] --- [nio-8080-exec-1] o.s.w.s.m.m.a.HttpEntityMethodProcessor  : Writing [org.springframework.boot.actuate.health.SystemHealth@26d54ef]
-2026-04-15 00:30:03.015 -DEBUG 129 [] --- [nio-8080-exec-1] o.s.web.servlet.DispatcherServlet        : Completed 200 OK
-2026-04-15 00:30:03.059 -DEBUG 129 [] --- [nio-8080-exec-2] s.b.a.e.w.s.WebMvcEndpointHandlerMapping : Mapped to Actuator web endpoint 'health'
-2026-04-15 00:30:03.059 -DEBUG 129 [] --- [nio-8080-exec-2] s.b.a.e.w.s.WebMvcEndpointHandlerMapping : Mapped to Actuator web endpoint 'health'
-2026-04-15 00:30:03.060 -DEBUG 129 [] --- [nio-8080-exec-2] o.s.web.servlet.DispatcherServlet        : GET "/health", parameters={}
-2026-04-15 00:30:03.060 -DEBUG 129 [] --- [nio-8080-exec-2] s.b.a.e.w.s.WebMvcEndpointHandlerMapping : Mapped to Actuator web endpoint 'health'
-2026-04-15 00:30:03.064 -DEBUG 129 [] --- [nio-8080-exec-2] o.s.w.s.m.m.a.HttpEntityMethodProcessor  : Using 'application/vnd.spring-boot.actuator.v3+json', given [*/*] and supported [application/vnd.spring-boot.actuator.v3+json, application/vnd.spring-boot.actuator.v2+json, application/json]
-2026-04-15 00:30:03.064 -DEBUG 129 [] --- [nio-8080-exec-2] o.s.w.s.m.m.a.HttpEntityMethodProcessor  : Writing [org.springframework.boot.actuate.health.SystemHealth@1e6f96b0]
-2026-04-15 00:30:03.065 -DEBUG 129 [] --- [nio-8080-exec-2] o.s.web.servlet.DispatcherServlet        : Completed 200 OK
-2026-04-15 00:30:20.905 -DEBUG 129 [] --- [nio-8080-exec-3] s.b.a.e.w.s.WebMvcEndpointHandlerMapping : Mapped to Actuator web endpoint 'health'
-2026-04-15 00:30:20.905 -DEBUG 129 [] --- [nio-8080-exec-3] s.b.a.e.w.s.WebMvcEndpointHandlerMapping : Mapped to Actuator web endpoint 'health'
-2026-04-15 00:30:20.906 -DEBUG 129 [] --- [nio-8080-exec-3] o.s.web.servlet.DispatcherServlet        : GET "/health", parameters={}
-2026-04-15 00:30:20.906 -DEBUG 129 [] --- [nio-8080-exec-3] s.b.a.e.w.s.WebMvcEndpointHandlerMapping : Mapped to Actuator web endpoint 'health'
-2026-04-15 00:30:20.918 -DEBUG 129 [] --- [nio-8080-exec-3] o.s.w.s.m.m.a.HttpEntityMethodProcessor  : Using 'application/vnd.spring-boot.actuator.v3+json', given [*/*] and supported [application/vnd.spring-boot.actuator.v3+json, application/vnd.spring-boot.actuator.v2+json, application/json]
-2026-04-15 00:30:20.918 -DEBUG 129 [] --- [nio-8080-exec-3] o.s.w.s.m.m.a.HttpEntityMethodProcessor  : Writing [org.springframework.boot.actuate.health.SystemHealth@50f16da4]
-2026-04-15 00:30:20.919 -DEBUG 129 [] --- [nio-8080-exec-3] o.s.web.servlet.DispatcherServlet        : Completed 200 OK
-2026-04-15 00:30:50.908 -DEBUG 129 [] --- [nio-8080-exec-4] s.b.a.e.w.s.WebMvcEndpointHandlerMapping : Mapped to Actuator web endpoint 'health'
-2026-04-15 00:30:50.909 -DEBUG 129 [] --- [nio-8080-exec-4] s.b.a.e.w.s.WebMvcEndpointHandlerMapping : Mapped to Actuator web endpoint 'health'
-2026-04-15 00:30:50.909 -DEBUG 129 [] --- [nio-8080-exec-4] o.s.web.servlet.DispatcherServlet        : GET "/health", parameters={}
-2026-04-15 00:30:50.910 -DEBUG 129 [] --- [nio-8080-exec-4] s.b.a.e.w.s.WebMvcEndpointHandlerMapping : Mapped to Actuator web endpoint 'health'
-2026-04-15 00:30:50.921 -DEBUG 129 [] --- [nio-8080-exec-4] o.s.w.s.m.m.a.HttpEntityMethodProcessor  : Using 'application/vnd.spring-boot.actuator.v3+json', given [*/*] and supported [application/vnd.spring-boot.actuator.v3+json, application/vnd.spring-boot.actuator.v2+json, application/json]
-2026-04-15 00:30:50.921 -DEBUG 129 [] --- [nio-8080-exec-4] o.s.w.s.m.m.a.HttpEntityMethodProcessor  : Writing [org.springframework.boot.actuate.health.SystemHealth@545e47ec]
-2026-04-15 00:30:50.922 -DEBUG 129 [] --- [nio-8080-exec-4] o.s.web.servlet.DispatcherServlet        : Completed 200 OK
-2026-04-15 00:31:20.903 -DEBUG 129 [] --- [nio-8080-exec-6] s.b.a.e.w.s.WebMvcEndpointHandlerMapping : Mapped to Actuator web endpoint 'health'
-2026-04-15 00:31:20.904 -DEBUG 129 [] --- [nio-8080-exec-6] s.b.a.e.w.s.WebMvcEndpointHandlerMapping : Mapped to Actuator web endpoint 'health'
-2026-04-15 00:31:20.905 -DEBUG 129 [] --- [nio-8080-exec-6] o.s.web.servlet.DispatcherServlet        : GET "/health", parameters={}
-2026-04-15 00:31:20.905 -DEBUG 129 [] --- [nio-8080-exec-6] s.b.a.e.w.s.WebMvcEndpointHandlerMapping : Mapped to Actuator web endpoint 'health'
-2026-04-15 00:31:20.916 -DEBUG 129 [] --- [nio-8080-exec-6] o.s.w.s.m.m.a.HttpEntityMethodProcessor  : Using 'application/vnd.spring-boot.actuator.v3+json', given [*/*] and supported [application/vnd.spring-boot.actuator.v3+json, application/vnd.spring-boot.actuator.v2+json, application/json]
-2026-04-15 00:31:20.916 -DEBUG 129 [] --- [nio-8080-exec-6] o.s.w.s.m.m.a.HttpEntityMethodProcessor  : Writing [org.springframework.boot.actuate.health.SystemHealth@52579bf2]
-2026-04-15 00:31:20.918 -DEBUG 129 [] --- [nio-8080-exec-6] o.s.web.servlet.DispatcherServlet        : Completed 200 OK
-2026-04-15 00:31:50.905 -DEBUG 129 [] --- [nio-8080-exec-7] s.b.a.e.w.s.WebMvcEndpointHandlerMapping : Mapped to Actuator web endpoint 'health'
-2026-04-15 00:31:50.905 -DEBUG 129 [] --- [nio-8080-exec-7] s.b.a.e.w.s.WebMvcEndpointHandlerMapping : Mapped to Actuator web endpoint 'health'
-2026-04-15 00:31:50.906 -DEBUG 129 [] --- [nio-8080-exec-7] o.s.web.servlet.DispatcherServlet        : GET "/health", parameters={}
-2026-04-15 00:31:50.906 -DEBUG 129 [] --- [nio-8080-exec-7] s.b.a.e.w.s.WebMvcEndpointHandlerMapping : Mapped to Actuator web endpoint 'health'
-2026-04-15 00:31:50.922 -DEBUG 129 [] --- [nio-8080-exec-7] o.s.w.s.m.m.a.HttpEntityMethodProcessor  : Using 'application/vnd.spring-boot.actuator.v3+json', given [*/*] and supported [application/vnd.spring-boot.actuator.v3+json, application/vnd.spring-boot.actuator.v2+json, application/json]
-2026-04-15 00:31:50.923 -DEBUG 129 [] --- [nio-8080-exec-7] o.s.w.s.m.m.a.HttpEntityMethodProcessor  : Writing [org.springframework.boot.actuate.health.SystemHealth@5d42099b]
-2026-04-15 00:31:50.926 -DEBUG 129 [] --- [nio-8080-exec-7] o.s.web.servlet.DispatcherServlet        : Completed 200 OK
-2026-04-15 00:32:20.926 -DEBUG 129 [] --- [nio-8080-exec-9] s.b.a.e.w.s.WebMvcEndpointHandlerMapping : Mapped to Actuator web endpoint 'health'
-2026-04-15 00:32:20.927 -DEBUG 129 [] --- [nio-8080-exec-9] s.b.a.e.w.s.WebMvcEndpointHandlerMapping : Mapped to Actuator web endpoint 'health'
-2026-04-15 00:32:20.928 -DEBUG 129 [] --- [nio-8080-exec-9] o.s.web.servlet.DispatcherServlet        : GET "/health", parameters={}
-2026-04-15 00:32:20.928 -DEBUG 129 [] --- [nio-8080-exec-9] s.b.a.e.w.s.WebMvcEndpointHandlerMapping : Mapped to Actuator web endpoint 'health'
-2026-04-15 00:32:20.941 -DEBUG 129 [] --- [nio-8080-exec-9] o.s.w.s.m.m.a.HttpEntityMethodProcessor  : Using 'application/vnd.spring-boot.actuator.v3+json', given [*/*] and supported [application/vnd.spring-boot.actuator.v3+json, application/vnd.spring-boot.actuator.v2+json, application/json]
-2026-04-15 00:32:20.942 -DEBUG 129 [] --- [nio-8080-exec-9] o.s.w.s.m.m.a.HttpEntityMethodProcessor  : Writing [org.springframework.boot.actuate.health.SystemHealth@1c7dee44]
-2026-04-15 00:32:20.944 -DEBUG 129 [] --- [nio-8080-exec-9] o.s.web.servlet.DispatcherServlet        : Completed 200 OK
-2026-04-15 00:32:50.892 -DEBUG 129 [] --- [io-8080-exec-10] s.b.a.e.w.s.WebMvcEndpointHandlerMapping : Mapped to Actuator web endpoint 'health'
-2026-04-15 00:32:50.894 -DEBUG 129 [] --- [io-8080-exec-10] s.b.a.e.w.s.WebMvcEndpointHandlerMapping : Mapped to Actuator web endpoint 'health'
-2026-04-15 00:32:50.894 -DEBUG 129 [] --- [io-8080-exec-10] o.s.web.servlet.DispatcherServlet        : GET "/health", parameters={}
-2026-04-15 00:32:50.895 -DEBUG 129 [] --- [io-8080-exec-10] s.b.a.e.w.s.WebMvcEndpointHandlerMapping : Mapped to Actuator web endpoint 'health'
-2026-04-15 00:32:50.904 -DEBUG 129 [] --- [io-8080-exec-10] o.s.w.s.m.m.a.HttpEntityMethodProcessor  : Using 'application/vnd.spring-boot.actuator.v3+json', given [*/*] and supported [application/vnd.spring-boot.actuator.v3+json, application/vnd.spring-boot.actuator.v2+json, application/json]
-2026-04-15 00:32:50.904 -DEBUG 129 [] --- [io-8080-exec-10] o.s.w.s.m.m.a.HttpEntityMethodProcessor  : Writing [org.springframework.boot.actuate.health.SystemHealth@42b68659]
-2026-04-15 00:32:50.905 -DEBUG 129 [] --- [io-8080-exec-10] o.s.web.servlet.DispatcherServlet        : Completed 200 OK
-2026-04-15 00:33:20.915 -DEBUG 129 [] --- [nio-8080-exec-1] s.b.a.e.w.s.WebMvcEndpointHandlerMapping : Mapped to Actuator web endpoint 'health'
-2026-04-15 00:33:20.915 -DEBUG 129 [] --- [nio-8080-exec-1] s.b.a.e.w.s.WebMvcEndpointHandlerMapping : Mapped to Actuator web endpoint 'health'
-2026-04-15 00:33:20.916 -DEBUG 129 [] --- [nio-8080-exec-1] o.s.web.servlet.DispatcherServlet        : GET "/health", parameters={}
-2026-04-15 00:33:20.916 -DEBUG 129 [] --- [nio-8080-exec-1] s.b.a.e.w.s.WebMvcEndpointHandlerMapping : Mapped to Actuator web endpoint 'health'
-2026-04-15 00:33:20.922 -DEBUG 129 [] --- [nio-8080-exec-1] o.s.w.s.m.m.a.HttpEntityMethodProcessor  : Using 'application/vnd.spring-boot.actuator.v3+json', given [*/*] and supported [application/vnd.spring-boot.actuator.v3+json, application/vnd.spring-boot.actuator.v2+json, application/json]
-2026-04-15 00:33:20.922 -DEBUG 129 [] --- [nio-8080-exec-1] o.s.w.s.m.m.a.HttpEntityMethodProcessor  : Writing [org.springframework.boot.actuate.health.SystemHealth@58b32816]
-2026-04-15 00:33:20.923 -DEBUG 129 [] --- [nio-8080-exec-1] o.s.web.servlet.DispatcherServlet        : Completed 200 OK
-2026-04-15 00:33:50.896 -DEBUG 129 [] --- [nio-8080-exec-2] s.b.a.e.w.s.WebMvcEndpointHandlerMapping : Mapped to Actuator web endpoint 'health'
-2026-04-15 00:33:50.896 -DEBUG 129 [] --- [nio-8080-exec-2] s.b.a.e.w.s.WebMvcEndpointHandlerMapping : Mapped to Actuator web endpoint 'health'
-2026-04-15 00:33:50.897 -DEBUG 129 [] --- [nio-8080-exec-2] o.s.web.servlet.DispatcherServlet        : GET "/health", parameters={}
-2026-04-15 00:33:50.897 -DEBUG 129 [] --- [nio-8080-exec-2] s.b.a.e.w.s.WebMvcEndpointHandlerMapping : Mapped to Actuator web endpoint 'health'
-2026-04-15 00:33:50.902 -DEBUG 129 [] --- [nio-8080-exec-2] o.s.w.s.m.m.a.HttpEntityMethodProcessor  : Using 'application/vnd.spring-boot.actuator.v3+json', given [*/*] and supported [application/vnd.spring-boot.actuator.v3+json, application/vnd.spring-boot.actuator.v2+json, application/json]
-2026-04-15 00:33:50.903 -DEBUG 129 [] --- [nio-8080-exec-2] o.s.w.s.m.m.a.HttpEntityMethodProcessor  : Writing [org.springframework.boot.actuate.health.SystemHealth@1a354680]
-2026-04-15 00:33:50.903 -DEBUG 129 [] --- [nio-8080-exec-2] o.s.web.servlet.DispatcherServlet        : Completed 200 OK
-2026-04-15 00:34:20.911 -DEBUG 129 [] --- [nio-8080-exec-4] s.b.a.e.w.s.WebMvcEndpointHandlerMapping : Mapped to Actuator web endpoint 'health'
-2026-04-15 00:34:20.912 -DEBUG 129 [] --- [nio-8080-exec-4] s.b.a.e.w.s.WebMvcEndpointHandlerMapping : Mapped to Actuator web endpoint 'health'
-2026-04-15 00:34:20.912 -DEBUG 129 [] --- [nio-8080-exec-4] o.s.web.servlet.DispatcherServlet        : GET "/health", parameters={}
-2026-04-15 00:34:20.912 -DEBUG 129 [] --- [nio-8080-exec-4] s.b.a.e.w.s.WebMvcEndpointHandlerMapping : Mapped to Actuator web endpoint 'health'
-2026-04-15 00:34:20.918 -DEBUG 129 [] --- [nio-8080-exec-4] o.s.w.s.m.m.a.HttpEntityMethodProcessor  : Using 'application/vnd.spring-boot.actuator.v3+json', given [*/*] and supported [application/vnd.spring-boot.actuator.v3+json, application/vnd.spring-boot.actuator.v2+json, application/json]
-2026-04-15 00:34:20.918 -DEBUG 129 [] --- [nio-8080-exec-4] o.s.w.s.m.m.a.HttpEntityMethodProcessor  : Writing [org.springframework.boot.actuate.health.SystemHealth@2c23fee7]
-2026-04-15 00:34:20.919 -DEBUG 129 [] --- [nio-8080-exec-4] o.s.web.servlet.DispatcherServlet        : Completed 200 OK
-2026-04-15 00:34:50.922 -DEBUG 129 [] --- [nio-8080-exec-6] s.b.a.e.w.s.WebMvcEndpointHandlerMapping : Mapped to Actuator web endpoint 'health'
-2026-04-15 00:34:50.923 -DEBUG 129 [] --- [nio-8080-exec-6] s.b.a.e.w.s.WebMvcEndpointHandlerMapping : Mapped to Actuator web endpoint 'health'
-2026-04-15 00:34:50.923 -DEBUG 129 [] --- [nio-8080-exec-6] o.s.web.servlet.DispatcherServlet        : GET "/health", parameters={}
-2026-04-15 00:34:50.924 -DEBUG 129 [] --- [nio-8080-exec-6] s.b.a.e.w.s.WebMvcEndpointHandlerMapping : Mapped to Actuator web endpoint 'health'
-2026-04-15 00:34:50.932 -DEBUG 129 [] --- [nio-8080-exec-6] o.s.w.s.m.m.a.HttpEntityMethodProcessor  : Using 'application/vnd.spring-boot.actuator.v3+json', given [*/*] and supported [application/vnd.spring-boot.actuator.v3+json, application/vnd.spring-boot.actuator.v2+json, application/json]
-2026-04-15 00:34:50.932 -DEBUG 129 [] --- [nio-8080-exec-6] o.s.w.s.m.m.a.HttpEntityMethodProcessor  : Writing [org.springframework.boot.actuate.health.SystemHealth@732e82b1]
-2026-04-15 00:34:50.933 -DEBUG 129 [] --- [nio-8080-exec-6] o.s.web.servlet.DispatcherServlet        : Completed 200 OK
-2026-04-15 00:35:20.912 -DEBUG 129 [] --- [nio-8080-exec-8] s.b.a.e.w.s.WebMvcEndpointHandlerMapping : Mapped to Actuator web endpoint 'health'
-2026-04-15 00:35:20.914 -DEBUG 129 [] --- [nio-8080-exec-8] s.b.a.e.w.s.WebMvcEndpointHandlerMapping : Mapped to Actuator web endpoint 'health'
-2026-04-15 00:35:20.915 -DEBUG 129 [] --- [nio-8080-exec-8] o.s.web.servlet.DispatcherServlet        : GET "/health", parameters={}
-2026-04-15 00:35:20.916 -DEBUG 129 [] --- [nio-8080-exec-8] s.b.a.e.w.s.WebMvcEndpointHandlerMapping : Mapped to Actuator web endpoint 'health'
-2026-04-15 00:35:20.925 -DEBUG 129 [] --- [nio-8080-exec-8] o.s.w.s.m.m.a.HttpEntityMethodProcessor  : Using 'application/vnd.spring-boot.actuator.v3+json', given [*/*] and supported [application/vnd.spring-boot.actuator.v3+json, application/vnd.spring-boot.actuator.v2+json, application/json]
-2026-04-15 00:35:20.925 -DEBUG 129 [] --- [nio-8080-exec-8] o.s.w.s.m.m.a.HttpEntityMethodProcessor  : Writing [org.springframework.boot.actuate.health.SystemHealth@5c74eb2a]
-2026-04-15 00:35:20.926 -DEBUG 129 [] --- [nio-8080-exec-8] o.s.web.servlet.DispatcherServlet        : Completed 200 OK
-2026-04-15 00:35:50.920 -DEBUG 129 [] --- [nio-8080-exec-9] s.b.a.e.w.s.WebMvcEndpointHandlerMapping : Mapped to Actuator web endpoint 'health'
-2026-04-15 00:35:50.921 -DEBUG 129 [] --- [nio-8080-exec-9] s.b.a.e.w.s.WebMvcEndpointHandlerMapping : Mapped to Actuator web endpoint 'health'
-2026-04-15 00:35:50.922 -DEBUG 129 [] --- [nio-8080-exec-9] o.s.web.servlet.DispatcherServlet        : GET "/health", parameters={}
-2026-04-15 00:35:50.922 -DEBUG 129 [] --- [nio-8080-exec-9] s.b.a.e.w.s.WebMvcEndpointHandlerMapping : Mapped to Actuator web endpoint 'health'
-2026-04-15 00:35:50.931 -DEBUG 129 [] --- [nio-8080-exec-9] o.s.w.s.m.m.a.HttpEntityMethodProcessor  : Using 'application/vnd.spring-boot.actuator.v3+json', given [*/*] and supported [application/vnd.spring-boot.actuator.v3+json, application/vnd.spring-boot.actuator.v2+json, application/json]
-2026-04-15 00:35:50.931 -DEBUG 129 [] --- [nio-8080-exec-9] o.s.w.s.m.m.a.HttpEntityMethodProcessor  : Writing [org.springframework.boot.actuate.health.SystemHealth@4b21245b]
-2026-04-15 00:35:50.932 -DEBUG 129 [] --- [nio-8080-exec-9] o.s.web.servlet.DispatcherServlet        : Completed 200 OK
